⚠ [2157/2200] Replayed LogdetLean.GramHafnian.ShiftedAnticoncentration.Wishart.Realification
warning: LogdetLean/GramHafnian/ShiftedAnticoncentration/Wishart/Realification.lean:118:6: Unused tactic linter: `ring` does nothing

Note: This linter can be disabled with `set_option linter.unusedTactic false`
warning: LogdetLean/GramHafnian/ShiftedAnticoncentration/Wishart/Realification.lean:118:6: this tactic is never executed

Note: This linter can be disabled with `set_option linter.unreachableTactic false`
warning: LogdetLean/GramHafnian/ShiftedAnticoncentration/Wishart/Realification.lean:128:2: Used `tac1 <;> tac2` where `(tac1; tac2)` would suffice

Note: This linter can be disabled with `set_option linter.unnecessarySeqFocus false`
warning: LogdetLean/GramHafnian/ShiftedAnticoncentration/Wishart/Realification.lean:142:2: Used `tac1 <;> tac2` where `(tac1; tac2)` would suffice

Note: This linter can be disabled with `set_option linter.unnecessarySeqFocus false`
warning: LogdetLean/GramHafnian/ShiftedAnticoncentration/Wishart/Realification.lean:155:2: Used `tac1 <;> tac2` where `(tac1; tac2)` would suffice

Note: This linter can be disabled with `set_option linter.unnecessarySeqFocus false`
warning: LogdetLean/GramHafnian/ShiftedAnticoncentration/Wishart/Realification.lean:171:0: automatically included section variable(s) unused in theorem `LogdetLean.GramHafnian.Wishart.realColumnPair_mul_complexPairTransform`:
  [Fintype k]
consider restructuring your `variable` declarations so that the variables are not in scope or explicitly omit them:
  omit [Fintype k] in theorem ...

Note: This linter can be disabled with `set_option linter.unusedSectionVars false`
warning: LogdetLean/GramHafnian/ShiftedAnticoncentration/Wishart/Realification.lean:181:6: Used `tac1 <;> tac2` where `(tac1; tac2)` would suffice

Note: This linter can be disabled with `set_option linter.unnecessarySeqFocus false`
warning: LogdetLean/GramHafnian/ShiftedAnticoncentration/Wishart/Realification.lean:185:6: Used `tac1 <;> tac2` where `(tac1; tac2)` would suffice

Note: This linter can be disabled with `set_option linter.unnecessarySeqFocus false`
warning: LogdetLean/GramHafnian/ShiftedAnticoncentration/Wishart/Realification.lean:189:0: automatically included section variable(s) unused in theorem `LogdetLean.GramHafnian.Wishart.map_realPairGram`:
  [Fintype m]
  [DecidableEq m]
consider restructuring your `variable` declarations so that the variables are not in scope or explicitly omit them:
  omit [Fintype m] [DecidableEq m] in theorem ...

Note: This linter can be disabled with `set_option linter.unusedSectionVars false`
warning: LogdetLean/GramHafnian/ShiftedAnticoncentration/Wishart/Realification.lean:198:0: automatically included section variable(s) unused in theorem `LogdetLean.GramHafnian.Wishart.hermitianGram_complexOfRealPair`:
  [Fintype m]
  [DecidableEq m]
consider restructuring your `variable` declarations so that the variables are not in scope or explicitly omit them:
  omit [Fintype m] [DecidableEq m] in theorem ...

Note: This linter can be disabled with `set_option linter.unusedSectionVars false`
warning: LogdetLean/GramHafnian/ShiftedAnticoncentration/Wishart/Realification.lean:205:30: This simp argument is unused:
  Finset.sum_sub_distrib

Hint: Omit it from the simp argument list.
  [apply] simp [hermitianGram, complexOfRealPair, qOfRealBlocks, Matrix.mul_apply, Finset.sum_add_distrib, mul_comm]

Note: This linter can be disabled with `set_option linter.unusedSimpArgs false`
warning: LogdetLean/GramHafnian/ShiftedAnticoncentration/Wishart/Realification.lean:206:2: Used `tac1 <;> tac2` where `(tac1; tac2)` would suffice

Note: This linter can be disabled with `set_option linter.unnecessarySeqFocus false`
warning: LogdetLean/GramHafnian/ShiftedAnticoncentration/Wishart/Realification.lean:209:0: automatically included section variable(s) unused in theorem `LogdetLean.GramHafnian.Wishart.transposeGramMatrix_complexOfRealPair`:
  [Fintype m]
  [DecidableEq m]
consider restructuring your `variable` declarations so that the variables are not in scope or explicitly omit them:
  omit [Fintype m] [DecidableEq m] in theorem ...

Note: This linter can be disabled with `set_option linter.unusedSectionVars false`
warning: LogdetLean/GramHafnian/ShiftedAnticoncentration/Wishart/Realification.lean:217:6: Unused tactic linter: `ring_nf` does nothing

Note: This linter can be disabled with `set_option linter.unusedTactic false`
warning: LogdetLean/GramHafnian/ShiftedAnticoncentration/Wishart/Realification.lean:217:6: this tactic is never executed

Note: This linter can be disabled with `set_option linter.unreachableTactic false`
warning: LogdetLean/GramHafnian/ShiftedAnticoncentration/Wishart/Realification.lean:220:0: automatically included section variable(s) unused in theorem `LogdetLean.GramHafnian.Wishart.conjugateColumnPair_gram`:
  [Fintype m]
  [DecidableEq m]
consider restructuring your `variable` declarations so that the variables are not in scope or explicitly omit them:
  omit [Fintype m] [DecidableEq m] in theorem ...

Note: This linter can be disabled with `set_option linter.unusedSectionVars false`
warning: LogdetLean/GramHafnian/ShiftedAnticoncentration/Wishart/Realification.lean:229:0: automatically included section variable(s) unused in theorem `LogdetLean.GramHafnian.Wishart.transposeGramMatrix_isSymm`:
  [Fintype m]
  [DecidableEq m]
consider restructuring your `variable` declarations so that the variables are not in scope or explicitly omit them:
  omit [Fintype m] [DecidableEq m] in theorem ...

Note: This linter can be disabled with `set_option linter.unusedSectionVars false`
warning: LogdetLean/GramHafnian/ShiftedAnticoncentration/Wishart/Realification.lean:235:0: automatically included section variable(s) unused in theorem `LogdetLean.GramHafnian.Wishart.hermitianGram_isHermitian`:
  [Fintype m]
  [DecidableEq m]
consider restructuring your `variable` declarations so that the variables are not in scope or explicitly omit them:
  omit [Fintype m] [DecidableEq m] in theorem ...

Note: This linter can be disabled with `set_option linter.unusedSectionVars false`
warning: LogdetLean/GramHafnian/ShiftedAnticoncentration/Wishart/Realification.lean:255:0: automatically included section variable(s) unused in theorem `LogdetLean.GramHafnian.Wishart.map_star_eq_transpose_of_isHermitian`:
  [Fintype m]
  [DecidableEq m]
consider restructuring your `variable` declarations so that the variables are not in scope or explicitly omit them:
  omit [Fintype m] [DecidableEq m] in theorem ...

Note: This linter can be disabled with `set_option linter.unusedSectionVars false`
warning: LogdetLean/GramHafnian/ShiftedAnticoncentration/Wishart/Realification.lean:269:0: automatically included section variable(s) unused in theorem `LogdetLean.GramHafnian.Wishart.map_star_conjTranspose_of_isSymm`:
  [Fintype m]
  [DecidableEq m]
consider restructuring your `variable` declarations so that the variables are not in scope or explicitly omit them:
  omit [Fintype m] [DecidableEq m] in theorem ...

Note: This linter can be disabled with `set_option linter.unusedSectionVars false`
⚠ [2158/2200] Replayed LogdetLean.GramHafnian.ShiftedAnticoncentration.Wishart.ScoreAlgebra
warning: LogdetLean/GramHafnian/ShiftedAnticoncentration/Wishart/ScoreAlgebra.lean:84:0: automatically included section variable(s) unused in theorem `LogdetLean.GramHafnian.Wishart.ofReal_re_diagonal_eq`:
  [Fintype m]
  [DecidableEq m]
consider restructuring your `variable` declarations so that the variables are not in scope or explicitly omit them:
  omit [Fintype m] [DecidableEq m] in theorem ...

Note: This linter can be disabled with `set_option linter.unusedSectionVars false`
warning: LogdetLean/GramHafnian/ShiftedAnticoncentration/Wishart/ScoreAlgebra.lean:102:28: This simp argument is unused:
  Finset.sum_add_distrib

Hint: Omit it from the simp argument list.
  [apply] simp [Matrix.trace, scoreDeltaM, realBlockMatrix, scoreDeltaU, scoreDeltaV, recoverU, recoverV,
    Fintype.sum_sum_type, Complex.ofReal_sum]

Note: This linter can be disabled with `set_option linter.unusedSimpArgs false`
warning: LogdetLean/GramHafnian/ShiftedAnticoncentration/Wishart/ScoreAlgebra.lean:198:0: automatically included section variable(s) unused in theorem `LogdetLean.GramHafnian.Wishart.realFrobeniusInner_eq_trace_transpose_mul`:
  [DecidableEq m]
consider restructuring your `variable` declarations so that the variables are not in scope or explicitly omit them:
  omit [DecidableEq m] in theorem ...

Note: This linter can be disabled with `set_option linter.unusedSectionVars false`
⚠ [2445/2496] Replayed LogdetLean.GramHafnian.ShiftedAnticoncentration.Wishart.Divergence
warning: LogdetLean/GramHafnian/ShiftedAnticoncentration/Wishart/Divergence.lean:96:21: This simp argument is unused:
  Finset.sum_mul

Hint: Omit it from the simp argument list.
  [apply] simp [Matrix.mul_apply, Matrix.single_apply, Finset.sum_ite_eq, Finset.mem_univ, Finset.mul_sum, ite_and]

Note: This linter can be disabled with `set_option linter.unusedSimpArgs false`
warning: LogdetLean/GramHafnian/ShiftedAnticoncentration/Wishart/Divergence.lean:96:37: This simp argument is unused:
  Finset.mul_sum

Hint: Omit it from the simp argument list.
  [apply] simp [Matrix.mul_apply, Matrix.single_apply, Finset.sum_ite_eq, Finset.mem_univ, Finset.sum_mul, ite_and]

Note: This linter can be disabled with `set_option linter.unusedSimpArgs false`
warning: LogdetLean/GramHafnian/ShiftedAnticoncentration/Wishart/Divergence.lean:112:0: automatically included section variable(s) unused in theorem `LogdetLean.GramHafnian.Wishart.realWishartGram_inv_isSymm`:
  [DecidableEq k]
consider restructuring your `variable` declarations so that the variables are not in scope or explicitly omit them:
  omit [DecidableEq k] in theorem ...

Note: This linter can be disabled with `set_option linter.unusedSectionVars false`
warning: LogdetLean/GramHafnian/ShiftedAnticoncentration/Wishart/Divergence.lean:139:0: automatically included section variable(s) unused in theorem `LogdetLean.GramHafnian.Wishart.trace_inverseGram_projection`:
  [DecidableEq k]
consider restructuring your `variable` declarations so that the variables are not in scope or explicitly omit them:
  omit [DecidableEq k] in theorem ...

Note: This linter can be disabled with `set_option linter.unusedSectionVars false`
⚠ [2450/2496] Replayed LogdetLean.GramHafnian.ShiftedAnticoncentration.Wishart.Differentiability
warning: LogdetLean/GramHafnian/ShiftedAnticoncentration/Wishart/Differentiability.lean:30:0: automatically included section variable(s) unused in theorem `LogdetLean.GramHafnian.Wishart.hasDerivAt_matrixLine`:
  [Fintype k]
  [DecidableEq k]
  [DecidableEq m]
consider restructuring your `variable` declarations so that the variables are not in scope or explicitly omit them:
  omit [Fintype k] [DecidableEq k] [DecidableEq m] in theorem ...

Note: This linter can be disabled with `set_option linter.unusedSectionVars false`
warning: LogdetLean/GramHafnian/ShiftedAnticoncentration/Wishart/Differentiability.lean:42:25: Unused tactic linter: `exact Subsingleton.elim _ _` does nothing

Note: This linter can be disabled with `set_option linter.unusedTactic false`
warning: LogdetLean/GramHafnian/ShiftedAnticoncentration/Wishart/Differentiability.lean:42:25: this tactic is never executed

Note: This linter can be disabled with `set_option linter.unreachableTactic false`
warning: LogdetLean/GramHafnian/ShiftedAnticoncentration/Wishart/Differentiability.lean:45:0: automatically included section variable(s) unused in theorem `LogdetLean.GramHafnian.Wishart.hasDerivAt_realWishartGram_matrixLine`:
  [DecidableEq k]
  [DecidableEq m]
consider restructuring your `variable` declarations so that the variables are not in scope or explicitly omit them:
  omit [DecidableEq k] [DecidableEq m] in theorem ...

Note: This linter can be disabled with `set_option linter.unusedSectionVars false`
warning: LogdetLean/GramHafnian/ShiftedAnticoncentration/Wishart/Differentiability.lean:69:31: Unused tactic linter: `exact Subsingleton.elim _ _` does nothing

Note: This linter can be disabled with `set_option linter.unusedTactic false`
warning: LogdetLean/GramHafnian/ShiftedAnticoncentration/Wishart/Differentiability.lean:74:31: Unused tactic linter: `exact Subsingleton.elim _ _` does nothing

Note: This linter can be disabled with `set_option linter.unusedTactic false`
warning: LogdetLean/GramHafnian/ShiftedAnticoncentration/Wishart/Differentiability.lean:76:29: Unused tactic linter: `exact Subsingleton.elim _ _` does nothing

Note: This linter can be disabled with `set_option linter.unusedTactic false`
warning: LogdetLean/GramHafnian/ShiftedAnticoncentration/Wishart/Differentiability.lean:69:31: this tactic is never executed

Note: This linter can be disabled with `set_option linter.unreachableTactic false`
warning: LogdetLean/GramHafnian/ShiftedAnticoncentration/Wishart/Differentiability.lean:74:31: this tactic is never executed

Note: This linter can be disabled with `set_option linter.unreachableTactic false`
warning: LogdetLean/GramHafnian/ShiftedAnticoncentration/Wishart/Differentiability.lean:76:29: this tactic is never executed

Note: This linter can be disabled with `set_option linter.unreachableTactic false`
warning: LogdetLean/GramHafnian/ShiftedAnticoncentration/Wishart/Differentiability.lean:166:6: Unused tactic linter: `simp [Function.comp_def, squareMatrixEntryCLM, squareMatrixEntryLinearMap]` does nothing

Note: This linter can be disabled with `set_option linter.unusedTactic false`
warning: LogdetLean/GramHafnian/ShiftedAnticoncentration/Wishart/Differentiability.lean:168:6: Unused tactic linter: `exact Subsingleton.elim _ _` does nothing

Note: This linter can be disabled with `set_option linter.unusedTactic false`
warning: LogdetLean/GramHafnian/ShiftedAnticoncentration/Wishart/Differentiability.lean:166:6: this tactic is never executed

Note: This linter can be disabled with `set_option linter.unreachableTactic false`
warning: LogdetLean/GramHafnian/ShiftedAnticoncentration/Wishart/Differentiability.lean:168:6: this tactic is never executed

Note: This linter can be disabled with `set_option linter.unreachableTactic false`
warning: LogdetLean/GramHafnian/ShiftedAnticoncentration/Wishart/Differentiability.lean:171:0: automatically included section variable(s) unused in theorem `LogdetLean.GramHafnian.Wishart.hasDerivAt_matrixLine_apply`:
  [Fintype k]
  [Fintype m]
  [DecidableEq k]
  [DecidableEq m]
consider restructuring your `variable` declarations so that the variables are not in scope or explicitly omit them:
  omit [Fintype k] [Fintype m] [DecidableEq k] [DecidableEq m] in theorem ...

Note: This linter can be disabled with `set_option linter.unusedSectionVars false`
warning: LogdetLean/GramHafnian/ShiftedAnticoncentration/Wishart/Differentiability.lean:179:25: Unused tactic linter: `exact Subsingleton.elim _ _` does nothing

Note: This linter can be disabled with `set_option linter.unusedTactic false`
warning: LogdetLean/GramHafnian/ShiftedAnticoncentration/Wishart/Differentiability.lean:179:25: this tactic is never executed

Note: This linter can be disabled with `set_option linter.unreachableTactic false`
warning: LogdetLean/GramHafnian/ShiftedAnticoncentration/Wishart/Differentiability.lean:193:0: automatically included section variable(s) unused in theorem `LogdetLean.GramHafnian.Wishart.steinVectorFieldRawLinearization_eq`:
  [DecidableEq k]
consider restructuring your `variable` declarations so that the variables are not in scope or explicitly omit them:
  omit [DecidableEq k] in theorem ...

Note: This linter can be disabled with `set_option linter.unusedSectionVars false`
warning: LogdetLean/GramHafnian/ShiftedAnticoncentration/Wishart/Differentiability.lean:240:8: Unused tactic linter: `exact Subsingleton.elim _ _` does nothing

Note: This linter can be disabled with `set_option linter.unusedTactic false`
warning: LogdetLean/GramHafnian/ShiftedAnticoncentration/Wishart/Differentiability.lean:275:6: Unused tactic linter: `exact Subsingleton.elim _ _` does nothing

Note: This linter can be disabled with `set_option linter.unusedTactic false`
warning: LogdetLean/GramHafnian/ShiftedAnticoncentration/Wishart/Differentiability.lean:240:8: this tactic is never executed

Note: This linter can be disabled with `set_option linter.unreachableTactic false`
warning: LogdetLean/GramHafnian/ShiftedAnticoncentration/Wishart/Differentiability.lean:275:6: this tactic is never executed

Note: This linter can be disabled with `set_option linter.unreachableTactic false`
warning: LogdetLean/GramHafnian/ShiftedAnticoncentration/Wishart/Differentiability.lean:270:26: Used `tac1 <;> tac2` where `(tac1; tac2)` would suffice

Note: This linter can be disabled with `set_option linter.unnecessarySeqFocus false`
⚠ [3107/3360] Replayed LogdetLean.GramHafnian.ShiftedAnticoncentration.Wishart.GaussianIBP
warning: LogdetLean/GramHafnian/ShiftedAnticoncentration/Wishart/GaussianIBP.lean:68:6: Unused tactic linter: `ring` does nothing

Note: This linter can be disabled with `set_option linter.unusedTactic false`
warning: LogdetLean/GramHafnian/ShiftedAnticoncentration/Wishart/GaussianIBP.lean:68:6: this tactic is never executed

Note: This linter can be disabled with `set_option linter.unreachableTactic false`
warning: LogdetLean/GramHafnian/ShiftedAnticoncentration/Wishart/GaussianIBP.lean:269:6: `MeasureTheory.integral_finset_sum` has been deprecated: Use `MeasureTheory.integral_finsetSum` instead
warning: LogdetLean/GramHafnian/ShiftedAnticoncentration/Wishart/GaussianIBP.lean:270:4: `MeasureTheory.integral_finset_sum` has been deprecated: Use `MeasureTheory.integral_finsetSum` instead
⚠ [3773/3870] Replayed LogdetLean.GramHafnian.ShiftedAnticoncentration.Wishart.InverseTraceBounds
warning: LogdetLean/GramHafnian/ShiftedAnticoncentration/Wishart/InverseTraceBounds.lean:32:0: automatically included section variable(s) unused in theorem `LogdetLean.GramHafnian.Wishart.matrixEntryAbsMass_nonneg`:
  [DecidableEq n]
consider restructuring your `variable` declarations so that the variables are not in scope or explicitly omit them:
  omit [DecidableEq n] in theorem ...

Note: This linter can be disabled with `set_option linter.unusedSectionVars false`
warning: LogdetLean/GramHafnian/ShiftedAnticoncentration/Wishart/InverseTraceBounds.lean:42:0: automatically included section variable(s) unused in theorem `LogdetLean.GramHafnian.Wishart.one_le_matrixEntryUnitBound`:
  [DecidableEq n]
consider restructuring your `variable` declarations so that the variables are not in scope or explicitly omit them:
  omit [DecidableEq n] in theorem ...

Note: This linter can be disabled with `set_option linter.unusedSectionVars false`
warning: LogdetLean/GramHafnian/ShiftedAnticoncentration/Wishart/InverseTraceBounds.lean:46:0: automatically included section variable(s) unused in theorem `LogdetLean.GramHafnian.Wishart.abs_entry_le_matrixEntryUnitBound`:
  [DecidableEq n]
consider restructuring your `variable` declarations so that the variables are not in scope or explicitly omit them:
  omit [DecidableEq n] in theorem ...

Note: This linter can be disabled with `set_option linter.unusedSectionVars false`
warning: LogdetLean/GramHafnian/ShiftedAnticoncentration/Wishart/InverseTraceBounds.lean:65:16: This simp argument is unused:
  one_le_matrixEntryUnitBound

Hint: Omit it from the simp argument list.
  [apply] simp [hb, matrixEntryUnitBound, matrixEntryAbsMass_nonneg]

Note: This linter can be disabled with `set_option linter.unusedSimpArgs false`
warning: LogdetLean/GramHafnian/ShiftedAnticoncentration/Wishart/InverseTraceBounds.lean:122:0: automatically included section variable(s) unused in theorem `LogdetLean.GramHafnian.Wishart.rectangularSqMass_nonneg`:
  [DecidableEq n]
consider restructuring your `variable` declarations so that the variables are not in scope or explicitly omit them:
  omit [DecidableEq n] in theorem ...

Note: This linter can be disabled with `set_option linter.unusedSectionVars false`
warning: LogdetLean/GramHafnian/ShiftedAnticoncentration/Wishart/InverseTraceBounds.lean:127:0: automatically included section variable(s) unused in theorem `LogdetLean.GramHafnian.Wishart.column_sqMass_le_rectangularSqMass`:
  [DecidableEq n]
consider restructuring your `variable` declarations so that the variables are not in scope or explicitly omit them:
  omit [DecidableEq n] in theorem ...

Note: This linter can be disabled with `set_option linter.unusedSectionVars false`
⚠ [3774/3870] Replayed LogdetLean.GramHafnian.ShiftedAnticoncentration.Wishart.WeightedDivergence
warning: LogdetLean/GramHafnian/ShiftedAnticoncentration/Wishart/WeightedDivergence.lean:155:0: automatically included section variable(s) unused in theorem `LogdetLean.GramHafnian.Wishart.two_mul_weighted_frobenius_steinVectorFieldValue`:
  [DecidableEq k]
consider restructuring your `variable` declarations so that the variables are not in scope or explicitly omit them:
  omit [DecidableEq k] in theorem ...

Note: This linter can be disabled with `set_option linter.unusedSectionVars false`
⚠ [3776/3870] Replayed LogdetLean.GramHafnian.ShiftedAnticoncentration.Wishart.IntegratedScore
warning: LogdetLean/GramHafnian/ShiftedAnticoncentration/Wishart/IntegratedScore.lean:70:0: automatically included section variable(s) unused in theorem `LogdetLean.GramHafnian.Wishart.integral_inverseGram_trace_eq_of_score_identity`:
  [DecidableEq k]
consider restructuring your `variable` declarations so that the variables are not in scope or explicitly omit them:
  omit [DecidableEq k] in theorem ...

Note: This linter can be disabled with `set_option linter.unusedSectionVars false`
⚠ [3777/3870] Replayed LogdetLean.GramHafnian.ShiftedAnticoncentration.Wishart.MatrixGaussianBridge
warning: LogdetLean/GramHafnian/ShiftedAnticoncentration/Wishart/MatrixGaussianBridge.lean:98:13: This simp argument is unused:
  NNReal.coe_mul

Hint: Omit it from the simp argument list.
  [apply] simp only [NNReal.coe_mk, NNReal.coe_one, mul_one]

Note: This linter can be disabled with `set_option linter.unusedSimpArgs false`
warning: LogdetLean/GramHafnian/ShiftedAnticoncentration/Wishart/MatrixGaussianBridge.lean:98:44: This simp argument is unused:
  NNReal.coe_one

Hint: Omit it from the simp argument list.
  [apply] simp only [NNReal.coe_mul, NNReal.coe_mk, mul_one]

Note: This linter can be disabled with `set_option linter.unusedSimpArgs false`
⚠ [3783/3870] Replayed LogdetLean.GramHafnian.ShiftedAnticoncentration.Wishart.InverseTraceIntegrability
warning: LogdetLean/GramHafnian/ShiftedAnticoncentration/Wishart/InverseTraceIntegrability.lean:262:23: This simp argument is unused:
  EuclideanSpace.inner_toLp_toLp

Hint: Omit it from the simp argument list.
  [apply] simp only [realWishartGram, Matrix.mul_apply, Matrix.transpose_apply, nestedStandardToHalfMatrix,
    Matrix.smul_apply, smul_eq_mul, Matrix.gram_apply, dotProduct, starRingEnd_apply, star_trivial]

Note: This linter can be disabled with `set_option linter.unusedSimpArgs false`
warning: LogdetLean/GramHafnian/ShiftedAnticoncentration/Wishart/InverseTraceIntegrability.lean:262:55: This simp argument is unused:
  dotProduct

Hint: Omit it from the simp argument list.
  [apply] simp only [realWishartGram, Matrix.mul_apply, Matrix.transpose_apply, nestedStandardToHalfMatrix,
    Matrix.smul_apply, smul_eq_mul, Matrix.gram_apply, EuclideanSpace.inner_toLp_toLp, starRingEnd_apply, star_trivial]

Note: This linter can be disabled with `set_option linter.unusedSimpArgs false`
warning: LogdetLean/GramHafnian/ShiftedAnticoncentration/Wishart/InverseTraceIntegrability.lean:263:4: This simp argument is unused:
  starRingEnd_apply

Hint: Omit it from the simp argument list.
  [apply] simp only [realWishartGram, Matrix.mul_apply, Matrix.transpose_apply, nestedStandardToHalfMatrix,
    Matrix.smul_apply, smul_eq_mul, Matrix.gram_apply, EuclideanSpace.inner_toLp_toLp, dotProduct, star_trivial]

Note: This linter can be disabled with `set_option linter.unusedSimpArgs false`
warning: LogdetLean/GramHafnian/ShiftedAnticoncentration/Wishart/InverseTraceIntegrability.lean:263:23: This simp argument is unused:
  star_trivial

Hint: Omit it from the simp argument list.
  [apply] simp only [realWishartGram, Matrix.mul_apply, Matrix.transpose_apply, nestedStandardToHalfMatrix,
    Matrix.smul_apply, smul_eq_mul, Matrix.gram_apply, EuclideanSpace.inner_toLp_toLp, dotProduct, starRingEnd_apply]

Note: This linter can be disabled with `set_option linter.unusedSimpArgs false`
warning: LogdetLean/GramHafnian/ShiftedAnticoncentration/Wishart/InverseTraceIntegrability.lean:297:4: This simp argument is unused:
  EuclideanSpace.inner_toLp_toLp

Hint: Omit it from the simp argument list.
  [apply] simp only [realWishartGram, Matrix.mul_apply, Matrix.transpose_apply, nestedStandardMatrix, Matrix.gram_apply,
    dotProduct, starRingEnd_apply, star_trivial]

Note: This linter can be disabled with `set_option linter.unusedSimpArgs false`
warning: LogdetLean/GramHafnian/ShiftedAnticoncentration/Wishart/InverseTraceIntegrability.lean:297:36: This simp argument is unused:
  dotProduct

Hint: Omit it from the simp argument list.
  [apply] simp only [realWishartGram, Matrix.mul_apply, Matrix.transpose_apply, nestedStandardMatrix, Matrix.gram_apply,
    EuclideanSpace.inner_toLp_toLp, starRingEnd_apply, star_trivial]

Note: This linter can be disabled with `set_option linter.unusedSimpArgs false`
warning: LogdetLean/GramHafnian/ShiftedAnticoncentration/Wishart/InverseTraceIntegrability.lean:297:48: This simp argument is unused:
  starRingEnd_apply

Hint: Omit it from the simp argument list.
  [apply] simp only [realWishartGram, Matrix.mul_apply, Matrix.transpose_apply, nestedStandardMatrix, Matrix.gram_apply,
    EuclideanSpace.inner_toLp_toLp, dotProduct, star_trivial]

Note: This linter can be disabled with `set_option linter.unusedSimpArgs false`
warning: LogdetLean/GramHafnian/ShiftedAnticoncentration/Wishart/InverseTraceIntegrability.lean:298:4: This simp argument is unused:
  star_trivial

Hint: Omit it from the simp argument list.
  [apply] simp only [realWishartGram, Matrix.mul_apply, Matrix.transpose_apply, nestedStandardMatrix, Matrix.gram_apply,
    EuclideanSpace.inner_toLp_toLp, dotProduct, starRingEnd_apply]

Note: This linter can be disabled with `set_option linter.unusedSimpArgs false`
warning: LogdetLean/GramHafnian/ShiftedAnticoncentration/Wishart/InverseTraceIntegrability.lean:350:2: Try this: 
  letI̵

The goal is a proposition, so `let` is preferred over `letI`.
The difference between `let` and `letI` is that `letI` inlines the value.
But this is not relevant for proofs because of proof irrelevance.

Note: This linter can be disabled with `set_option linter.style.haveILetI false`
warning: LogdetLean/GramHafnian/ShiftedAnticoncentration/Wishart/InverseTraceIntegrability.lean:523:4: try 'simp' instead of 'simpa'

Note: This linter can be disabled with `set_option linter.unnecessarySimpa false`
⚠ [8753/8807] Replayed LogdetLean.GramHafnian.AuxiliaryFieldExpansion
warning: LogdetLean/GramHafnian/AuxiliaryFieldExpansion.lean:30:0: automatically included section variable(s) unused in theorem `LogdetLean.GramHafnian.prod_comp_eq_coordinatePowerProduct`:
  [DecidableEq I]
consider restructuring your `variable` declarations so that the variables are not in scope or explicitly omit them:
  omit [DecidableEq I] in theorem ...

Note: This linter can be disabled with `set_option linter.unusedSectionVars false`
warning: LogdetLean/GramHafnian/AuxiliaryFieldExpansion.lean:67:0: automatically included section variable(s) unused in theorem `LogdetLean.GramHafnian.integral_realCoordinatePowerProduct_pi`:
  [DecidableEq K]
consider restructuring your `variable` declarations so that the variables are not in scope or explicitly omit them:
  omit [DecidableEq K] in theorem ...

Note: This linter can be disabled with `set_option linter.unusedSectionVars false`
warning: LogdetLean/GramHafnian/AuxiliaryFieldExpansion.lean:152:0: automatically included section variable(s) unused in theorem `LogdetLean.GramHafnian.integral_complexCoordinatePowerProduct_pi`:
  [DecidableEq K]
consider restructuring your `variable` declarations so that the variables are not in scope or explicitly omit them:
  omit [DecidableEq K] in theorem ...

Note: This linter can be disabled with `set_option linter.unusedSectionVars false`
⚠ [8754/8807] Replayed LogdetLean.GramHafnian.GaussianEvenMoments
warning: LogdetLean/GramHafnian/GaussianEvenMoments.lean:51:10: Used `tac1 <;> tac2` where `(tac1; tac2)` would suffice

Note: This linter can be disabled with `set_option linter.unnecessarySeqFocus false`
info: LogdetLean/GramHafnian/GaussianEvenMoments.lean:86:6: Try this:
  [apply] ring_nf
  
  The `ring` tactic failed to close the goal. Use `ring_nf` to obtain a normal form.
    
  Note that `ring` works primarily in *commutative* rings. If you have a noncommutative ring, abelian group or module, consider using `noncomm_ring`, `abel` or `module` instead.
warning: LogdetLean/GramHafnian/GaussianEvenMoments.lean:115:2: Unused tactic linter: `push_cast` does nothing

Note: This linter can be disabled with `set_option linter.unusedTactic false`
⚠ [8756/8807] Replayed LogdetLean.GramHafnian.RankTwoDiagonalGaussian
warning: LogdetLean/GramHafnian/RankTwoDiagonalGaussian.lean:74:15: This simp argument is unused:
  Pi.mul_apply

Hint: Omit it from the simp argument list.
  [apply] simp only

Note: This linter can be disabled with `set_option linter.unusedSimpArgs false`
⚠ [8760/8807] Replayed LogdetLean.GramHafnian.RankTwoCentralBinomial
warning: LogdetLean/GramHafnian/RankTwoCentralBinomial.lean:84:53: Used `tac1 <;> tac2` where `(tac1; tac2)` would suffice

Note: This linter can be disabled with `set_option linter.unnecessarySeqFocus false`
⚠ [8761/8807] Replayed LogdetLean.Coherence.PairBeta
warning: LogdetLean/Coherence/PairBeta.lean:38:0: automatically included section variable(s) unused in theorem `LogdetLean.Coherence.normSq_spanProjection_ratio_eq_squaredNormalizedInner`:
  [FiniteDimensional ℝ E]
  [MeasurableSpace E]
  [BorelSpace E]
consider restructuring your `variable` declarations so that the variables are not in scope or explicitly omit them:
  omit [FiniteDimensional ℝ E] [MeasurableSpace E] [BorelSpace E] in theorem ...

Note: This linter can be disabled with `set_option linter.unusedSectionVars false`
⚠ [8762/8807] Replayed LogdetLean.Coherence.RubenCoordinates
warning: LogdetLean/Coherence/RubenCoordinates.lean:51:0: automatically included section variable(s) unused in theorem `LogdetLean.Coherence.measurable_gaussianAxisResidualEnergy`:
  [FiniteDimensional ℝ E]
consider restructuring your `variable` declarations so that the variables are not in scope or explicitly omit them:
  omit [FiniteDimensional ℝ E] in theorem ...

Note: This linter can be disabled with `set_option linter.unusedSectionVars false`
warning: LogdetLean/Coherence/RubenCoordinates.lean:70:0: automatically included section variable(s) unused in theorem `LogdetLean.Coherence.normSq_spanProjection_eq_axisCoordinate_sq`:
  [FiniteDimensional ℝ E]
  [MeasurableSpace E]
  [BorelSpace E]
consider restructuring your `variable` declarations so that the variables are not in scope or explicitly omit them:
  omit [FiniteDimensional ℝ E] [MeasurableSpace E] [BorelSpace E] in theorem ...

Note: This linter can be disabled with `set_option linter.unusedSectionVars false`
⚠ [8764/8807] Replayed LogdetLean.GramHafnian.ComplexProductMoments
warning: LogdetLean/GramHafnian/ComplexProductMoments.lean:63:6: `push_neg` has been deprecated. Prefer using `push Not` instead.
If you'd rather continue using `push_neg` in your project, you can implement it as follows:
```
open Lean.Parser.Tactic in
macro "push_neg" cfg:optConfig loc:(location)? : tactic =>
  `(tactic| push $cfg:optConfig Not $[$loc]?)
```
⚠ [8765/8807] Replayed LogdetLean.GramHafnian.CircularGaussianMoments
warning: LogdetLean/GramHafnian/CircularGaussianMoments.lean:89:4: try 'simp' instead of 'simpa'

Note: This linter can be disabled with `set_option linter.unnecessarySimpa false`
warning: LogdetLean/GramHafnian/CircularGaussianMoments.lean:211:4: try 'simp' instead of 'simpa'

Note: This linter can be disabled with `set_option linter.unnecessarySimpa false`
warning: LogdetLean/GramHafnian/CircularGaussianMoments.lean:412:4: try 'simp' instead of 'simpa'

Note: This linter can be disabled with `set_option linter.unnecessarySimpa false`
⚠ [8768/8807] Replayed LogdetLean.GramHafnian.CircularGaussianVectorWick
warning: LogdetLean/GramHafnian/CircularGaussianVectorWick.lean:99:28: This simp argument is unused:
  hia

Hint: Omit it from the simp argument list.
  [apply] simp [pairExponent, hib, hab, Ne.symm hab]

Note: This linter can be disabled with `set_option linter.unusedSimpArgs false`
warning: LogdetLean/GramHafnian/CircularGaussianVectorWick.lean:99:38: This simp argument is unused:
  hab

Hint: Omit it from the simp argument list.
  [apply] simp [pairExponent, hia, hib, Ne.symm hab]

Note: This linter can be disabled with `set_option linter.unusedSimpArgs false`
warning: LogdetLean/GramHafnian/CircularGaussianVectorWick.lean:182:6: `push_neg` has been deprecated. Prefer using `push Not` instead.
If you'd rather continue using `push_neg` in your project, you can implement it as follows:
```
open Lean.Parser.Tactic in
macro "push_neg" cfg:optConfig loc:(location)? : tactic =>
  `(tactic| push $cfg:optConfig Not $[$loc]?)
```
⚠ [8769/8807] Replayed LogdetLean.GramHafnian.CircularGaussianSecondWick
warning: LogdetLean/GramHafnian/CircularGaussianSecondWick.lean:84:31: This simp argument is unused:
  Ne.symm hab

Hint: Omit it from the simp argument list.
  [apply] simp [singleExponent, hab]

Note: This linter can be disabled with `set_option linter.unusedSimpArgs false`
⚠ [8770/8807] Replayed LogdetLean.GramHafnian.PerfectMatchingCount
warning: LogdetLean/GramHafnian/PerfectMatchingCount.lean:145:12: try 'simp' instead of 'simpa'

Note: This linter can be disabled with `set_option linter.unnecessarySimpa false`
warning: LogdetLean/GramHafnian/PerfectMatchingCount.lean:125:15: This simp argument is unused:
  hxy

Hint: Omit it from the simp argument list.
  [apply] simp [f, hxy.symm]

Note: This linter can be disabled with `set_option linter.unusedSimpArgs false`
warning: LogdetLean/GramHafnian/PerfectMatchingCount.lean:128:17: This simp argument is unused:
  hxy

Hint: Omit it from the simp argument list.
  [apply] simp [f, hxy.symm]

Note: This linter can be disabled with `set_option linter.unusedSimpArgs false`
warning: LogdetLean/GramHafnian/PerfectMatchingCount.lean:160:20: This simp argument is unused:
  hxy

Hint: Omit it from the simp argument list.
  [apply] simp [insertPair, hxy.symm]

Note: This linter can be disabled with `set_option linter.unusedSimpArgs false`
warning: LogdetLean/GramHafnian/PerfectMatchingCount.lean:299:6: Try this: 
  letI̵

The goal is a proposition, so `let` is preferred over `letI`.
The difference between `let` and `letI` is that `letI` inlines the value.
But this is not relevant for proofs because of proof irrelevance.

Note: This linter can be disabled with `set_option linter.style.haveILetI false`
warning: LogdetLean/GramHafnian/PerfectMatchingCount.lean:302:6: try 'simp' instead of 'simpa'

Note: This linter can be disabled with `set_option linter.unnecessarySimpa false`
warning: LogdetLean/GramHafnian/PerfectMatchingCount.lean:310:22: this tactic is never executed

Note: This linter can be disabled with `set_option linter.unreachableTactic false`
warning: LogdetLean/GramHafnian/PerfectMatchingCount.lean:310:22: Unused tactic linter: `omega` does nothing

Note: This linter can be disabled with `set_option linter.unusedTactic false`
⚠ [8772/8807] Replayed LogdetLean.GramHafnian.WickRegrouping
warning: LogdetLean/GramHafnian/WickRegrouping.lean:279:51: This simp argument is unused:
  M.apply_apply

Hint: Omit it from the simp argument list.
  [apply] simp [vertexColoringOfPairColoring, hi, hmate]

Note: This linter can be disabled with `set_option linter.unusedSimpArgs false`
⚠ [8774/8807] Replayed LogdetLean.GramHafnian.RankOneGaussianBilinear
info: LogdetLean/GramHafnian/RankOneGaussianBilinear.lean:73:64: Try this:
  [apply] ring_nf
  
  The `ring` tactic failed to close the goal. Use `ring_nf` to obtain a normal form.
    
  Note that `ring` works primarily in *commutative* rings. If you have a noncommutative ring, abelian group or module, consider using `noncomm_ring`, `abel` or `module` instead.
warning: LogdetLean/GramHafnian/RankOneGaussianBilinear.lean:73:47: Used `tac1 <;> tac2` where `(tac1; tac2)` would suffice

Note: This linter can be disabled with `set_option linter.unnecessarySeqFocus false`
warning: LogdetLean/GramHafnian/RankOneGaussianBilinear.lean:73:60: Used `tac1 <;> tac2` where `(tac1; tac2)` would suffice

Note: This linter can be disabled with `set_option linter.unnecessarySeqFocus false`
warning: LogdetLean/GramHafnian/RankOneGaussianBilinear.lean:270:2: Try this: 
  letI̵

The goal is a proposition, so `let` is preferred over `letI`.
The difference between `let` and `letI` is that `letI` inlines the value.
But this is not relevant for proofs because of proof irrelevance.

Note: This linter can be disabled with `set_option linter.style.haveILetI false`
warning: LogdetLean/GramHafnian/RankOneGaussianBilinear.lean:271:2: Try this: 
  letI̵

The goal is a proposition, so `let` is preferred over `letI`.
The difference between `let` and `letI` is that `letI` inlines the value.
But this is not relevant for proofs because of proof irrelevance.

Note: This linter can be disabled with `set_option linter.style.haveILetI false`
⚠ [8776/8807] Replayed LogdetLean.GramHafnian.RankTwoOuterBeta
warning: LogdetLean/GramHafnian/RankTwoOuterBeta.lean:133:0: automatically included section variable(s) unused in theorem `LogdetLean.GramHafnian.squaredNormalizedInner_eq_axisEnergyRatio`:
  [FiniteDimensional ℝ E]
  [MeasurableSpace E]
  [BorelSpace E]
consider restructuring your `variable` declarations so that the variables are not in scope or explicitly omit them:
  omit [FiniteDimensional ℝ E] [MeasurableSpace E] [BorelSpace E] in theorem ...

Note: This linter can be disabled with `set_option linter.unusedSectionVars false`
warning: LogdetLean/GramHafnian/RankTwoOuterBeta.lean:162:46: This simp argument is unused:
  Function.comp_def

Hint: Omit it from the simp argument list.
  [apply] simp [gaussianPairRadialAngleCoordinates, LogdetLean.Coherence.retainFirstAndGaussianAxisCoordinates]

Note: This linter can be disabled with `set_option linter.unusedSimpArgs false`
warning: LogdetLean/GramHafnian/RankTwoOuterBeta.lean:170:48: This simp argument is unused:
  Function.comp_def

Hint: Omit it from the simp argument list.
  [apply] simp [gaussianPairRadialAngleCoordinates, squareBetaGammaTransform, LogdetLean.betaGammaCoord_apply,
    LogdetLean.Coherence.retainFirstAndGaussianAxisCoordinates, LogdetLean.Coherence.gaussianAxisCoordinates,
    LogdetLean.Coherence.gaussianAxisResidualEnergy]

Note: This linter can be disabled with `set_option linter.unusedSimpArgs false`
warning: LogdetLean/GramHafnian/RankTwoOuterBeta.lean:370:0: automatically included section variable(s) unused in theorem `LogdetLean.GramHafnian.innerMonomial_eq_radialAngleMonomial`:
  [FiniteDimensional ℝ E]
  [MeasurableSpace E]
  [BorelSpace E]
consider restructuring your `variable` declarations so that the variables are not in scope or explicitly omit them:
  omit [FiniteDimensional ℝ E] [MeasurableSpace E] [BorelSpace E] in theorem ...

Note: This linter can be disabled with `set_option linter.unusedSectionVars false`
⚠ [8785/8870] Replayed LogdetLean.GramHafnian.UltimateHiding.DenseScore.CenteredTraceAlgebra
warning: LogdetLean/GramHafnian/UltimateHiding/DenseScore/CenteredTraceAlgebra.lean:226:5: Variable name `hCOne` is not explicitly referenced.

Hint: The binding can be removed (if unused) or named `_` (if used implicitly). Alternatively, prefix the name with `_` to silence this warning:
  [apply] _hCOne

Note: This linter can be disabled with `set_option linter.unusedVariables false`
warning: LogdetLean/GramHafnian/UltimateHiding/DenseScore/CenteredTraceAlgebra.lean:226:24: Variable name `hCSquare` is not explicitly referenced.

Hint: The binding can be removed (if unused) or named `_` (if used implicitly). Alternatively, prefix the name with `_` to silence this warning:
  [apply] _hCSquare

Note: This linter can be disabled with `set_option linter.unusedVariables false`
warning: LogdetLean/GramHafnian/UltimateHiding/DenseScore/CenteredTraceAlgebra.lean:226:49: Variable name `hCTwo` is not explicitly referenced.

Hint: The binding can be removed (if unused) or named `_` (if used implicitly). Alternatively, prefix the name with `_` to silence this warning:
  [apply] _hCTwo

Note: This linter can be disabled with `set_option linter.unusedVariables false`
✔ [8786/8870] Built LogdetLean.GramHafnian.UltimateHiding.RealWishartGram (3.2s)
⚠ [8790/8870] Replayed LogdetLean.GramHafnian.ShiftedAnticoncentration.Wishart.SteinFieldSlice
warning: LogdetLean/GramHafnian/ShiftedAnticoncentration/Wishart/SteinFieldSlice.lean:78:40: This simp argument is unused:
  Matrix.single_apply

Hint: Omit it from the simp argument list.
  [apply] simp [flatCoordinateMatrixUnit, hl']

Note: This linter can be disabled with `set_option linter.unusedSimpArgs false`
warning: LogdetLean/GramHafnian/ShiftedAnticoncentration/Wishart/SteinFieldSlice.lean:80:40: This simp argument is unused:
  Matrix.single_apply

Hint: Omit it from the simp argument list.
  [apply] simp [flatCoordinateMatrixUnit, hb']

Note: This linter can be disabled with `set_option linter.unusedSimpArgs false`
warning: LogdetLean/GramHafnian/ShiftedAnticoncentration/Wishart/SteinFieldSlice.lean:113:29: Unused tactic linter: `exact Subsingleton.elim _ _` does nothing

Note: This linter can be disabled with `set_option linter.unusedTactic false`
warning: LogdetLean/GramHafnian/ShiftedAnticoncentration/Wishart/SteinFieldSlice.lean:113:29: this tactic is never executed

Note: This linter can be disabled with `set_option linter.unreachableTactic false`
⚠ [8793/8870] Replayed LogdetLean.GramHafnian.ShiftedAnticoncentration.Wishart.PreservedSWeight
warning: LogdetLean/GramHafnian/ShiftedAnticoncentration/Wishart/PreservedSWeight.lean:174:7: Unused tactic linter: `funext X` does nothing

Note: This linter can be disabled with `set_option linter.unusedTactic false`
warning: LogdetLean/GramHafnian/ShiftedAnticoncentration/Wishart/PreservedSWeight.lean:174:17: Unused tactic linter: `simp [B, realWishartGram]` does nothing

Note: This linter can be disabled with `set_option linter.unusedTactic false`
warning: LogdetLean/GramHafnian/ShiftedAnticoncentration/Wishart/PreservedSWeight.lean:176:6: Unused tactic linter: `simp [preservedMatrixTopologicalSpace, preservedMatrixUniformSpace,
  preservedMatrixPseudoMetricSpace]` does nothing

Note: This linter can be disabled with `set_option linter.unusedTactic false`
warning: LogdetLean/GramHafnian/ShiftedAnticoncentration/Wishart/PreservedSWeight.lean:174:17: this tactic is never executed

Note: This linter can be disabled with `set_option linter.unreachableTactic false`
warning: LogdetLean/GramHafnian/ShiftedAnticoncentration/Wishart/PreservedSWeight.lean:176:6: this tactic is never executed

Note: This linter can be disabled with `set_option linter.unreachableTactic false`
⚠ [8806/8870] Replayed LogdetLean.GramHafnian.RankTwoQuadraticTransform
warning: LogdetLean/GramHafnian/RankTwoQuadraticTransform.lean:35:12: This simp argument is unused:
  hj

Hint: Omit it from the simp argument list.
  [apply] simp

Note: This linter can be disabled with `set_option linter.unusedSimpArgs false`
warning: LogdetLean/GramHafnian/RankTwoQuadraticTransform.lean:243:10: This simp argument is unused:
  if_false

Hint: Omit it from the simp argument list.
  [apply] simp only [Nat.choose_zero_right, Nat.cast_one, one_pow, Nat.sub_zero, zero_add, one_mul]

Note: This linter can be disabled with `set_option linter.unusedSimpArgs false`
warning: LogdetLean/GramHafnian/RankTwoQuadraticTransform.lean:243:20: This simp argument is unused:
  zero_add

Hint: Omit it from the simp argument list.
  [apply] simp only [Nat.choose_zero_right, Nat.cast_one, one_pow, Nat.sub_zero, if_false, one_mul]

Note: This linter can be disabled with `set_option linter.unusedSimpArgs false`
warning: LogdetLean/GramHafnian/RankTwoQuadraticTransform.lean:253:25: This simp argument is unused:
  Nat.choose_one_right

Hint: Omit it from the simp argument list.
  [apply] simp only [Nat.cast_add, Nat.cast_one, Nat.add_sub_cancel, Nat.reduceLeDiff, if_true, Nat.sub_zero,
    Nat.cast_mul]

Note: This linter can be disabled with `set_option linter.unusedSimpArgs false`
warning: LogdetLean/GramHafnian/RankTwoQuadraticTransform.lean:251:29: Used `tac1 <;> tac2` where `(tac1; tac2)` would suffice

Note: This linter can be disabled with `set_option linter.unnecessarySeqFocus false`
warning: LogdetLean/GramHafnian/RankTwoQuadraticTransform.lean:532:8: This simp argument is unused:
  Nat.choose_zero_right

Hint: Omit it from the simp argument list.
  [apply] simp only [Nat.reduceLeDiff, if_false, zero_add, Nat.zero_le, if_true, Nat.cast_one, one_mul, Nat.sub_zero]

Note: This linter can be disabled with `set_option linter.unusedSimpArgs false`
warning: LogdetLean/GramHafnian/RankTwoQuadraticTransform.lean:532:31: This simp argument is unused:
  Nat.cast_one

Hint: Omit it from the simp argument list.
  [apply] simp only [Nat.reduceLeDiff, if_false, zero_add, Nat.zero_le, if_true, Nat.choose_zero_right, one_mul,
    Nat.sub_zero]

Note: This linter can be disabled with `set_option linter.unusedSimpArgs false`
warning: LogdetLean/GramHafnian/RankTwoQuadraticTransform.lean:532:45: This simp argument is unused:
  one_mul

Hint: Omit it from the simp argument list.
  [apply] simp only [Nat.reduceLeDiff, if_false, zero_add, Nat.zero_le, if_true, Nat.choose_zero_right, Nat.cast_one,
    Nat.sub_zero]

Note: This linter can be disabled with `set_option linter.unusedSimpArgs false`
warning: LogdetLean/GramHafnian/RankTwoQuadraticTransform.lean:580:12: This simp argument is unused:
  zero_mul

Hint: Omit it from the simp argument list.
  [apply] simp only [if_neg (by omega : ¬j ≤ N + 2), if_neg (by omega : ¬j - 1 ≤ N + 1), if_neg (by omega : ¬j ≤ N + 1),
    if_neg (by omega : ¬j - 1 ≤ N), mul_zero, add_zero, sub_zero]

Note: This linter can be disabled with `set_option linter.unusedSimpArgs false`
warning: LogdetLean/GramHafnian/RankTwoQuadraticTransform.lean:613:59: This simp argument is unused:
  eval_pow

Hint: Omit it from the simp argument list.
  [apply] simp only [eval_mul, eval_C, eval_sub, eval_add, eval_X] at h

Note: This linter can be disabled with `set_option linter.unusedSimpArgs false`
warning: LogdetLean/GramHafnian/RankTwoQuadraticTransform.lean:615:2: Unused tactic linter: `change
  _ =
    4 * ((2 * N + 3 : Nat) : Real) * (C ^ 2 + D ^ 2) * centralBinomialQuadraticValue (N + 1) C D -
      16 * ((N + 1 : Nat) : Real) * (C ^ 2 - D ^ 2) ^ 2 * centralBinomialQuadraticValue N C D` does nothing

Note: This linter can be disabled with `set_option linter.unusedTactic false`
⚠ [8809/8870] Replayed LogdetLean.GramHafnian.RankTwoEuclideanBridge
warning: LogdetLean/GramHafnian/RankTwoEuclideanBridge.lean:121:8: automatically included section variable(s) unused in theorem `LogdetLean.GramHafnian.rankTwoActionLinear_apply`:
  [FiniteDimensional ℝ E]
  [MeasurableSpace E]
  [BorelSpace E]
consider restructuring your `variable` declarations so that the variables are not in scope or explicitly omit them:
  omit [FiniteDimensional ℝ E] [MeasurableSpace E] [BorelSpace E] in theorem ...

Note: This linter can be disabled with `set_option linter.unusedSectionVars false`
warning: LogdetLean/GramHafnian/RankTwoEuclideanBridge.lean:126:0: automatically included section variable(s) unused in theorem `LogdetLean.GramHafnian.innerRankTwoBilinear_eq_euclideanDiagonal_of_eigenbasis`:
  [FiniteDimensional ℝ E]
  [MeasurableSpace E]
  [BorelSpace E]
consider restructuring your `variable` declarations so that the variables are not in scope or explicitly omit them:
  omit [FiniteDimensional ℝ E] [MeasurableSpace E] [BorelSpace E] in theorem ...

Note: This linter can be disabled with `set_option linter.unusedSectionVars false`
warning: LogdetLean/GramHafnian/RankTwoEuclideanBridge.lean:166:13: This simp argument is unused:
  Prod.fst

Hint: Omit it from the simp argument list.
  [apply] simp only [Prod.snd]

Note: This linter can be disabled with `set_option linter.unusedSimpArgs false`
warning: LogdetLean/GramHafnian/RankTwoEuclideanBridge.lean:166:23: This simp argument is unused:
  Prod.snd

Hint: Omit it from the simp argument list.
  [apply] simp only [Prod.fst]

Note: This linter can be disabled with `set_option linter.unusedSimpArgs false`
⚠ [8810/8870] Replayed LogdetLean.GramHafnian.RankTwoConditionalMoment
warning: LogdetLean/GramHafnian/RankTwoConditionalMoment.lean:29:42: This simp argument is unused:
  rankTwoSpan

Hint: Omit it from the simp argument list.
  [apply] simp

Note: This linter can be disabled with `set_option linter.unusedSimpArgs false`
warning: LogdetLean/GramHafnian/RankTwoConditionalMoment.lean:33:42: This simp argument is unused:
  rankTwoSpan

Hint: Omit it from the simp argument list.
  [apply] simp

Note: This linter can be disabled with `set_option linter.unusedSimpArgs false`
warning: LogdetLean/GramHafnian/RankTwoConditionalMoment.lean:35:8: automatically included section variable(s) unused in theorem `LogdetLean.GramHafnian.rankTwoSpanFirst_coe`:
  [FiniteDimensional ℝ E]
  [MeasurableSpace E]
  [BorelSpace E]
consider restructuring your `variable` declarations so that the variables are not in scope or explicitly omit them:
  omit [FiniteDimensional ℝ E] [MeasurableSpace E] [BorelSpace E] in theorem ...

Note: This linter can be disabled with `set_option linter.unusedSectionVars false`
warning: LogdetLean/GramHafnian/RankTwoConditionalMoment.lean:38:8: automatically included section variable(s) unused in theorem `LogdetLean.GramHafnian.rankTwoSpanSecond_coe`:
  [FiniteDimensional ℝ E]
  [MeasurableSpace E]
  [BorelSpace E]
consider restructuring your `variable` declarations so that the variables are not in scope or explicitly omit them:
  omit [FiniteDimensional ℝ E] [MeasurableSpace E] [BorelSpace E] in theorem ...

Note: This linter can be disabled with `set_option linter.unusedSectionVars false`
warning: LogdetLean/GramHafnian/RankTwoConditionalMoment.lean:55:4: try 'simp' instead of 'simpa'

Note: This linter can be disabled with `set_option linter.unnecessarySimpa false`
warning: LogdetLean/GramHafnian/RankTwoConditionalMoment.lean:58:4: try 'simp' instead of 'simpa'

Note: This linter can be disabled with `set_option linter.unnecessarySimpa false`
warning: LogdetLean/GramHafnian/RankTwoConditionalMoment.lean:61:4: try 'simp' instead of 'simpa'

Note: This linter can be disabled with `set_option linter.unnecessarySimpa false`
warning: LogdetLean/GramHafnian/RankTwoConditionalMoment.lean:64:4: try 'simp' instead of 'simpa'

Note: This linter can be disabled with `set_option linter.unnecessarySimpa false`
warning: LogdetLean/GramHafnian/RankTwoConditionalMoment.lean:43:0: automatically included section variable(s) unused in theorem `LogdetLean.GramHafnian.innerRankTwoBilinear_eq_spanProjection`:
  [MeasurableSpace E]
  [BorelSpace E]
consider restructuring your `variable` declarations so that the variables are not in scope or explicitly omit them:
  omit [MeasurableSpace E] [BorelSpace E] in theorem ...

Note: This linter can be disabled with `set_option linter.unusedSectionVars false`
warning: LogdetLean/GramHafnian/RankTwoConditionalMoment.lean:113:0: automatically included section variable(s) unused in theorem `LogdetLean.GramHafnian.linearIndependent_rankTwoSpan`:
  [FiniteDimensional ℝ E]
  [MeasurableSpace E]
  [BorelSpace E]
consider restructuring your `variable` declarations so that the variables are not in scope or explicitly omit them:
  omit [FiniteDimensional ℝ E] [MeasurableSpace E] [BorelSpace E] in theorem ...

Note: This linter can be disabled with `set_option linter.unusedSectionVars false`
warning: LogdetLean/GramHafnian/RankTwoConditionalMoment.lean:128:0: automatically included section variable(s) unused in theorem `LogdetLean.GramHafnian.finrank_rankTwoSpan_eq_two`:
  [FiniteDimensional ℝ E]
  [MeasurableSpace E]
  [BorelSpace E]
consider restructuring your `variable` declarations so that the variables are not in scope or explicitly omit them:
  omit [FiniteDimensional ℝ E] [MeasurableSpace E] [BorelSpace E] in theorem ...

Note: This linter can be disabled with `set_option linter.unusedSectionVars false`
warning: LogdetLean/GramHafnian/RankTwoConditionalMoment.lean:280:4: try 'simp' instead of 'simpa'

Note: This linter can be disabled with `set_option linter.unnecessarySimpa false`
warning: LogdetLean/GramHafnian/RankTwoConditionalMoment.lean:282:4: try 'simp' instead of 'simpa'

Note: This linter can be disabled with `set_option linter.unnecessarySimpa false`
⚠ [8819/8870] Replayed LogdetLean.GramHafnian.AsymptoticCritical
warning: LogdetLean/GramHafnian/AsymptoticCritical.lean:99:62: Used `tac1 <;> tac2` where `(tac1; tac2)` would suffice

Note: This linter can be disabled with `set_option linter.unnecessarySeqFocus false`
info: LogdetLean/GramHafnian/AsymptoticCritical.lean:147:30: Try this:
  [apply] ring_nf
  
  The `ring` tactic failed to close the goal. Use `ring_nf` to obtain a normal form.
    
  Note that `ring` works primarily in *commutative* rings. If you have a noncommutative ring, abelian group or module, consider using `noncomm_ring`, `abel` or `module` instead.
warning: LogdetLean/GramHafnian/AsymptoticCritical.lean:147:26: Used `tac1 <;> tac2` where `(tac1; tac2)` would suffice

Note: This linter can be disabled with `set_option linter.unnecessarySeqFocus false`
warning: LogdetLean/GramHafnian/AsymptoticCritical.lean:187:6: try 'simp' instead of 'simpa'

Note: This linter can be disabled with `set_option linter.unnecessarySimpa false`
⚠ [8831/8902] Replayed LogdetLean.GramHafnian.ShiftedAnticoncentration.InverseMomentRecurrence
warning: LogdetLean/GramHafnian/ShiftedAnticoncentration/InverseMomentRecurrence.lean:46:5: Variable name `hu` is not explicitly referenced.

Hint: The binding can be removed (if unused) or named `_` (if used implicitly). Alternatively, prefix the name with `_` to silence this warning:
  [apply] _hu

Note: This linter can be disabled with `set_option linter.unusedVariables false`
⚠ [8832/8902] Replayed LogdetLean.GramHafnian.ShiftedAnticoncentration.ConstantAlgebra
warning: LogdetLean/GramHafnian/ShiftedAnticoncentration/ConstantAlgebra.lean:99:42: Used `tac1 <;> tac2` where `(tac1; tac2)` would suffice

Note: This linter can be disabled with `set_option linter.unnecessarySeqFocus false`
⚠ [8834/8902] Replayed LogdetLean.GramHafnian.ShiftedAnticoncentration.LaplaceOrder
warning: LogdetLean/GramHafnian/ShiftedAnticoncentration/LaplaceOrder.lean:63:47: This simp argument is unused:
  neg_neg

Hint: Omit it from the simp argument list.
  [apply] simp only [mul_zero, Real.exp_zero, neg_div]

Note: This linter can be disabled with `set_option linter.unusedSimpArgs false`
warning: LogdetLean/GramHafnian/ShiftedAnticoncentration/LaplaceOrder.lean:61:60: Used `tac1 <;> tac2` where `(tac1; tac2)` would suffice

Note: This linter can be disabled with `set_option linter.unnecessarySeqFocus false`
⚠ [8835/8902] Replayed LogdetLean.GramHafnian.ShiftedAnticoncentration.AssemblyAlgebra
warning: LogdetLean/GramHafnian/ShiftedAnticoncentration/AssemblyAlgebra.lean:20:5: Variable name `hε` is not explicitly referenced.

Hint: The binding can be removed (if unused) or named `_` (if used implicitly). Alternatively, prefix the name with `_` to silence this warning:
  [apply] _hε

Note: This linter can be disabled with `set_option linter.unusedVariables false`
⚠ [8838/8902] Replayed LogdetLean.GramHafnian.ShiftedAnticoncentration.FourierCompression.CoordinateIteration
warning: LogdetLean/GramHafnian/ShiftedAnticoncentration/FourierCompression/CoordinateIteration.lean:45:8: automatically included section variable(s) unused in theorem `LogdetLean.GramHafnian.singleCoordinate_apply_self`:
  [Fintype ι]
consider restructuring your `variable` declarations so that the variables are not in scope or explicitly omit them:
  omit [Fintype ι] in theorem ...

Note: This linter can be disabled with `set_option linter.unusedSectionVars false`
warning: LogdetLean/GramHafnian/ShiftedAnticoncentration/FourierCompression/CoordinateIteration.lean:49:8: automatically included section variable(s) unused in theorem `LogdetLean.GramHafnian.singleCoordinate_apply_of_ne`:
  [Fintype ι]
consider restructuring your `variable` declarations so that the variables are not in scope or explicitly omit them:
  omit [Fintype ι] in theorem ...

Note: This linter can be disabled with `set_option linter.unusedSectionVars false`
warning: LogdetLean/GramHafnian/ShiftedAnticoncentration/FourierCompression/CoordinateIteration.lean:69:0: automatically included section variable(s) unused in theorem `LogdetLean.GramHafnian.coordinateEnergy_nonneg`:
  [DecidableEq ι]
consider restructuring your `variable` declarations so that the variables are not in scope or explicitly omit them:
  omit [DecidableEq ι] in theorem ...

Note: This linter can be disabled with `set_option linter.unusedSectionVars false`
warning: LogdetLean/GramHafnian/ShiftedAnticoncentration/FourierCompression/CoordinateIteration.lean:218:0: automatically included section variable(s) unused in theorem `LogdetLean.GramHafnian.compressionStep_of_two_endpoints`:
  [DecidableEq ι]
consider restructuring your `variable` declarations so that the variables are not in scope or explicitly omit them:
  omit [DecidableEq ι] in theorem ...

Note: This linter can be disabled with `set_option linter.unusedSectionVars false`
⚠ [8839/8902] Replayed LogdetLean.GramHafnian.ShiftedAnticoncentration.FourierCompression.CofactorPhaseLaw
warning: LogdetLean/GramHafnian/ShiftedAnticoncentration/FourierCompression/CofactorPhaseLaw.lean:238:47: try 'simp' instead of 'simpa'

Note: This linter can be disabled with `set_option linter.unnecessarySimpa false`
warning: LogdetLean/GramHafnian/ShiftedAnticoncentration/FourierCompression/CofactorPhaseLaw.lean:244:47: try 'simp' instead of 'simpa'

Note: This linter can be disabled with `set_option linter.unnecessarySimpa false`
warning: LogdetLean/GramHafnian/ShiftedAnticoncentration/FourierCompression/CofactorPhaseLaw.lean:296:33: This simp argument is unused:
  hij

Hint: Omit it from the simp argument list.
  [apply] simp [σ, singleCoordinate]

Note: This linter can be disabled with `set_option linter.unusedSimpArgs false`
⚠ [8840/8902] Replayed LogdetLean.GramHafnian.ShiftedAnticoncentration.CofactorEnergy
warning: LogdetLean/GramHafnian/ShiftedAnticoncentration/CofactorEnergy.lean:29:8: `Fin.lt_iff_val_lt_val` has been deprecated: Use `Fin.lt_def` instead
warning: LogdetLean/GramHafnian/ShiftedAnticoncentration/CofactorEnergy.lean:90:2: Try this: 
  letI̵

The goal is a proposition, so `let` is preferred over `letI`.
The difference between `let` and `letI` is that `letI` inlines the value.
But this is not relevant for proofs because of proof irrelevance.

Note: This linter can be disabled with `set_option linter.style.haveILetI false`
warning: LogdetLean/GramHafnian/ShiftedAnticoncentration/CofactorEnergy.lean:99:6: Unused tactic linter: `change p.1.1 = j.1.1` does nothing

Note: This linter can be disabled with `set_option linter.unusedTactic false`
warning: LogdetLean/GramHafnian/ShiftedAnticoncentration/CofactorEnergy.lean:111:8: This simp argument is unused:
  card_oddCofactorIndex

Hint: Omit it from the simp argument list.
  [apply] simp

Note: This linter can be disabled with `set_option linter.unusedSimpArgs false`
⚠ [8842/8902] Replayed LogdetLean.GramHafnian.ShiftedAnticoncentration.ConditionalSmallBall
warning: LogdetLean/GramHafnian/ShiftedAnticoncentration/ConditionalSmallBall.lean:70:4: Unused tactic linter: `change mu.real s ≤ _` does nothing

Note: This linter can be disabled with `set_option linter.unusedTactic false`
⚠ [8843/8902] Replayed LogdetLean.GramHafnian.ShiftedAnticoncentration.LastColumnProduct
warning: LogdetLean/GramHafnian/ShiftedAnticoncentration/LastColumnProduct.lean:91:2: Try this: 
  letI̵

The goal is a proposition, so `let` is preferred over `letI`.
The difference between `let` and `letI` is that `letI` inlines the value.
But this is not relevant for proofs because of proof irrelevance.

Note: This linter can be disabled with `set_option linter.style.haveILetI false`
⚠ [8846/8902] Replayed LogdetLean.GramHafnian.ShiftedAnticoncentration.Wishart.SchurCauchy
warning: LogdetLean/GramHafnian/ShiftedAnticoncentration/Wishart/SchurCauchy.lean:31:0: automatically included section variable(s) unused in theorem `LogdetLean.GramHafnian.Wishart.schurCorrection_posSemidef`:
  [DecidableEq m]
consider restructuring your `variable` declarations so that the variables are not in scope or explicitly omit them:
  omit [DecidableEq m] in theorem ...

Note: This linter can be disabled with `set_option linter.unusedSectionVars false`
warning: LogdetLean/GramHafnian/ShiftedAnticoncentration/Wishart/SchurCauchy.lean:53:2: Try this: 
  letI̵

The goal is a proposition, so `let` is preferred over `letI`.
The difference between `let` and `letI` is that `letI` inlines the value.
But this is not relevant for proofs because of proof irrelevance.

Note: This linter can be disabled with `set_option linter.style.haveILetI false`
warning: LogdetLean/GramHafnian/ShiftedAnticoncentration/Wishart/SchurCauchy.lean:51:66: Used `tac1 <;> tac2` where `(tac1; tac2)` would suffice

Note: This linter can be disabled with `set_option linter.unnecessarySeqFocus false`
warning: LogdetLean/GramHafnian/ShiftedAnticoncentration/Wishart/SchurCauchy.lean:52:14: Used `tac1 <;> tac2` where `(tac1; tac2)` would suffice

Note: This linter can be disabled with `set_option linter.unnecessarySeqFocus false`
warning: LogdetLean/GramHafnian/ShiftedAnticoncentration/Wishart/SchurCauchy.lean:71:2: Try this: 
  letI̵

The goal is a proposition, so `let` is preferred over `letI`.
The difference between `let` and `letI` is that `letI` inlines the value.
But this is not relevant for proofs because of proof irrelevance.

Note: This linter can be disabled with `set_option linter.style.haveILetI false`
warning: LogdetLean/GramHafnian/ShiftedAnticoncentration/Wishart/SchurCauchy.lean:72:2: Try this: 
  letI̵

The goal is a proposition, so `let` is preferred over `letI`.
The difference between `let` and `letI` is that `letI` inlines the value.
But this is not relevant for proofs because of proof irrelevance.

Note: This linter can be disabled with `set_option linter.style.haveILetI false`
warning: LogdetLean/GramHafnian/ShiftedAnticoncentration/Wishart/SchurCauchy.lean:73:2: Try this: 
  letI̵

The goal is a proposition, so `let` is preferred over `letI`.
The difference between `let` and `letI` is that `letI` inlines the value.
But this is not relevant for proofs because of proof irrelevance.

Note: This linter can be disabled with `set_option linter.style.haveILetI false`
warning: LogdetLean/GramHafnian/ShiftedAnticoncentration/Wishart/SchurCauchy.lean:74:2: Try this: 
  letI̵

The goal is a proposition, so `let` is preferred over `letI`.
The difference between `let` and `letI` is that `letI` inlines the value.
But this is not relevant for proofs because of proof irrelevance.

Note: This linter can be disabled with `set_option linter.style.haveILetI false`
warning: LogdetLean/GramHafnian/ShiftedAnticoncentration/Wishart/SchurCauchy.lean:68:66: Used `tac1 <;> tac2` where `(tac1; tac2)` would suffice

Note: This linter can be disabled with `set_option linter.unnecessarySeqFocus false`
warning: LogdetLean/GramHafnian/ShiftedAnticoncentration/Wishart/SchurCauchy.lean:69:14: Used `tac1 <;> tac2` where `(tac1; tac2)` would suffice

Note: This linter can be disabled with `set_option linter.unnecessarySeqFocus false`
warning: LogdetLean/GramHafnian/ShiftedAnticoncentration/Wishart/SchurCauchy.lean:86:66: Used `tac1 <;> tac2` where `(tac1; tac2)` would suffice

Note: This linter can be disabled with `set_option linter.unnecessarySeqFocus false`
warning: LogdetLean/GramHafnian/ShiftedAnticoncentration/Wishart/SchurCauchy.lean:87:14: Used `tac1 <;> tac2` where `(tac1; tac2)` would suffice

Note: This linter can be disabled with `set_option linter.unnecessarySeqFocus false`
warning: LogdetLean/GramHafnian/ShiftedAnticoncentration/Wishart/SchurCauchy.lean:89:66: Used `tac1 <;> tac2` where `(tac1; tac2)` would suffice

Note: This linter can be disabled with `set_option linter.unnecessarySeqFocus false`
warning: LogdetLean/GramHafnian/ShiftedAnticoncentration/Wishart/SchurCauchy.lean:90:14: Used `tac1 <;> tac2` where `(tac1; tac2)` would suffice

Note: This linter can be disabled with `set_option linter.unnecessarySeqFocus false`
warning: LogdetLean/GramHafnian/ShiftedAnticoncentration/Wishart/SchurCauchy.lean:104:0: automatically included section variable(s) unused in theorem `LogdetLean.GramHafnian.Wishart.coupledGramKernel_eq_fromBlocks_adjoint`:
  [DecidableEq n]
consider restructuring your `variable` declarations so that the variables are not in scope or explicitly omit them:
  omit [DecidableEq n] in theorem ...

Note: This linter can be disabled with `set_option linter.unusedSectionVars false`
warning: LogdetLean/GramHafnian/ShiftedAnticoncentration/Wishart/SchurCauchy.lean:159:2: Try this: 
  letI̵

The goal is a proposition, so `let` is preferred over `letI`.
The difference between `let` and `letI` is that `letI` inlines the value.
But this is not relevant for proofs because of proof irrelevance.

Note: This linter can be disabled with `set_option linter.style.haveILetI false`
warning: LogdetLean/GramHafnian/ShiftedAnticoncentration/Wishart/SchurCauchy.lean:160:2: Try this: 
  letI̵

The goal is a proposition, so `let` is preferred over `letI`.
The difference between `let` and `letI` is that `letI` inlines the value.
But this is not relevant for proofs because of proof irrelevance.

Note: This linter can be disabled with `set_option linter.style.haveILetI false`
warning: LogdetLean/GramHafnian/ShiftedAnticoncentration/Wishart/SchurCauchy.lean:162:2: Try this: 
  letI̵

The goal is a proposition, so `let` is preferred over `letI`.
The difference between `let` and `letI` is that `letI` inlines the value.
But this is not relevant for proofs because of proof irrelevance.

Note: This linter can be disabled with `set_option linter.style.haveILetI false`
warning: LogdetLean/GramHafnian/ShiftedAnticoncentration/Wishart/SchurCauchy.lean:164:2: Try this: 
  letI̵

The goal is a proposition, so `let` is preferred over `letI`.
The difference between `let` and `letI` is that `letI` inlines the value.
But this is not relevant for proofs because of proof irrelevance.

Note: This linter can be disabled with `set_option linter.style.haveILetI false`
warning: LogdetLean/GramHafnian/ShiftedAnticoncentration/Wishart/SchurCauchy.lean:191:0: automatically included section variable(s) unused in theorem `LogdetLean.GramHafnian.Wishart.vectorNormSq_pos`:
  [DecidableEq m]
consider restructuring your `variable` declarations so that the variables are not in scope or explicitly omit them:
  omit [DecidableEq m] in theorem ...

Note: This linter can be disabled with `set_option linter.unusedSectionVars false`
warning: LogdetLean/GramHafnian/ShiftedAnticoncentration/Wishart/SchurCauchy.lean:198:0: automatically included section variable(s) unused in theorem `LogdetLean.GramHafnian.Wishart.quadraticFormReal_pos`:
  [DecidableEq m]
consider restructuring your `variable` declarations so that the variables are not in scope or explicitly omit them:
  omit [DecidableEq m] in theorem ...

Note: This linter can be disabled with `set_option linter.unusedSectionVars false`
warning: LogdetLean/GramHafnian/ShiftedAnticoncentration/Wishart/SchurCauchy.lean:217:0: automatically included section variable(s) unused in theorem `LogdetLean.GramHafnian.Wishart.quadraticFormReal_conjTranspose_mul_self`:
  [DecidableEq m]
  [DecidableEq n]
consider restructuring your `variable` declarations so that the variables are not in scope or explicitly omit them:
  omit [DecidableEq m] [DecidableEq n] in theorem ...

Note: This linter can be disabled with `set_option linter.unusedSectionVars false`
⚠ [8847/8902] Replayed LogdetLean.GramHafnian.ShiftedAnticoncentration.Wishart.ScoreTransformPairing
warning: LogdetLean/GramHafnian/ShiftedAnticoncentration/Wishart/ScoreTransformPairing.lean:38:28: This simp argument is unused:
  Complex.I_sq

Hint: Omit it from the simp argument list.
  [apply] simp [Matrix.one_apply]

Note: This linter can be disabled with `set_option linter.unusedSimpArgs false`
warning: LogdetLean/GramHafnian/ShiftedAnticoncentration/Wishart/ScoreTransformPairing.lean:39:31: Unused tactic linter: `ring` does nothing

Note: This linter can be disabled with `set_option linter.unusedTactic false`
warning: LogdetLean/GramHafnian/ShiftedAnticoncentration/Wishart/ScoreTransformPairing.lean:39:31: this tactic is never executed

Note: This linter can be disabled with `set_option linter.unreachableTactic false`
warning: LogdetLean/GramHafnian/ShiftedAnticoncentration/Wishart/ScoreTransformPairing.lean:49:28: This simp argument is unused:
  Complex.I_sq

Hint: Omit it from the simp argument list.
  [apply] simp [Matrix.one_apply]

Note: This linter can be disabled with `set_option linter.unusedSimpArgs false`
warning: LogdetLean/GramHafnian/ShiftedAnticoncentration/Wishart/ScoreTransformPairing.lean:50:31: Unused tactic linter: `ring` does nothing

Note: This linter can be disabled with `set_option linter.unusedTactic false`
warning: LogdetLean/GramHafnian/ShiftedAnticoncentration/Wishart/ScoreTransformPairing.lean:50:31: this tactic is never executed

Note: This linter can be disabled with `set_option linter.unreachableTactic false`
warning: LogdetLean/GramHafnian/ShiftedAnticoncentration/Wishart/ScoreTransformPairing.lean:179:0: automatically included section variable(s) unused in theorem `LogdetLean.GramHafnian.Wishart.hermitianRankOne_isHermitian`:
  [Fintype m]
  [DecidableEq m]
consider restructuring your `variable` declarations so that the variables are not in scope or explicitly omit them:
  omit [Fintype m] [DecidableEq m] in theorem ...

Note: This linter can be disabled with `set_option linter.unusedSectionVars false`
warning: LogdetLean/GramHafnian/ShiftedAnticoncentration/Wishart/ScoreTransformPairing.lean:186:0: automatically included section variable(s) unused in theorem `LogdetLean.GramHafnian.Wishart.trace_mul_hermitianRankOne`:
  [DecidableEq m]
consider restructuring your `variable` declarations so that the variables are not in scope or explicitly omit them:
  omit [DecidableEq m] in theorem ...

Note: This linter can be disabled with `set_option linter.unusedSectionVars false`
warning: LogdetLean/GramHafnian/ShiftedAnticoncentration/Wishart/ScoreTransformPairing.lean:208:0: automatically included section variable(s) unused in theorem `LogdetLean.GramHafnian.Wishart.trace_mul_fromBlocks_diagonal`:
  [DecidableEq m]
consider restructuring your `variable` declarations so that the variables are not in scope or explicitly omit them:
  omit [DecidableEq m] in theorem ...

Note: This linter can be disabled with `set_option linter.unusedSectionVars false`
warning: LogdetLean/GramHafnian/ShiftedAnticoncentration/Wishart/ScoreTransformPairing.lean:219:0: automatically included section variable(s) unused in theorem `LogdetLean.GramHafnian.Wishart.trace_map_star_mul_map_star`:
  [DecidableEq m]
consider restructuring your `variable` declarations so that the variables are not in scope or explicitly omit them:
  omit [DecidableEq m] in theorem ...

Note: This linter can be disabled with `set_option linter.unusedSectionVars false`
warning: LogdetLean/GramHafnian/ShiftedAnticoncentration/Wishart/ScoreTransformPairing.lean:224:40: This simp argument is unused:
  map_sum

Hint: Omit it from the simp argument list.
  [apply] simp [Matrix.trace, Matrix.mul_apply, map_mul]

Note: This linter can be disabled with `set_option linter.unusedSimpArgs false`
warning: LogdetLean/GramHafnian/ShiftedAnticoncentration/Wishart/ScoreTransformPairing.lean:224:49: This simp argument is unused:
  map_mul

Hint: Omit it from the simp argument list.
  [apply] simp [Matrix.trace, Matrix.mul_apply, map_sum]

Note: This linter can be disabled with `set_option linter.unusedSimpArgs false`
warning: LogdetLean/GramHafnian/ShiftedAnticoncentration/Wishart/ScoreTransformPairing.lean:253:8: automatically included section variable(s) unused in theorem `LogdetLean.GramHafnian.Wishart.coupledConjugation_fromBlocks`:
  [Fintype m]
  [DecidableEq m]
consider restructuring your `variable` declarations so that the variables are not in scope or explicitly omit them:
  omit [Fintype m] [DecidableEq m] in theorem ...

Note: This linter can be disabled with `set_option linter.unusedSectionVars false`
warning: LogdetLean/GramHafnian/ShiftedAnticoncentration/Wishart/ScoreTransformPairing.lean:260:8: automatically included section variable(s) unused in theorem `LogdetLean.GramHafnian.Wishart.coupledConjugation_one`:
  [Fintype m]
consider restructuring your `variable` declarations so that the variables are not in scope or explicitly omit them:
  omit [Fintype m] in theorem ...

Note: This linter can be disabled with `set_option linter.unusedSectionVars false`
warning: LogdetLean/GramHafnian/ShiftedAnticoncentration/Wishart/ScoreTransformPairing.lean:274:4: This simp argument is unused:
  Matrix.map_add

Hint: Omit it from the simp argument list.
  [apply] simp only [coupledConjugation_fromBlocks, Matrix.fromBlocks_multiply]

Note: This linter can be disabled with `set_option linter.unusedSimpArgs false`
⚠ [8848/8902] Replayed LogdetLean.GramHafnian.ShiftedAnticoncentration.Wishart.PastCofactorBridge
warning: LogdetLean/GramHafnian/ShiftedAnticoncentration/Wishart/PastCofactorBridge.lean:112:66: Used `tac1 <;> tac2` where `(tac1; tac2)` would suffice

Note: This linter can be disabled with `set_option linter.unnecessarySeqFocus false`
warning: LogdetLean/GramHafnian/ShiftedAnticoncentration/Wishart/PastCofactorBridge.lean:113:14: Used `tac1 <;> tac2` where `(tac1; tac2)` would suffice

Note: This linter can be disabled with `set_option linter.unnecessarySeqFocus false`
⚠ [8849/8902] Replayed LogdetLean.GramHafnian.ShiftedAnticoncentration.Wishart.RealMatrixSplit
warning: LogdetLean/GramHafnian/ShiftedAnticoncentration/Wishart/RealMatrixSplit.lean:26:0: automatically included section variable(s) unused in theorem `LogdetLean.GramHafnian.Wishart.realColumnPair_left_right`:
  [Fintype k]
  [Fintype m]
  [DecidableEq k]
  [DecidableEq m]
consider restructuring your `variable` declarations so that the variables are not in scope or explicitly omit them:
  omit [Fintype k] [Fintype m] [DecidableEq k] [DecidableEq m] in theorem ...

Note: This linter can be disabled with `set_option linter.unusedSectionVars false`
warning: LogdetLean/GramHafnian/ShiftedAnticoncentration/Wishart/RealMatrixSplit.lean:44:0: automatically included section variable(s) unused in theorem `LogdetLean.GramHafnian.Wishart.coupledGramKernel_det_isUnit_of_realPairGram`:
  [DecidableEq k]
consider restructuring your `variable` declarations so that the variables are not in scope or explicitly omit them:
  omit [DecidableEq k] in theorem ...

Note: This linter can be disabled with `set_option linter.unusedSectionVars false`
⚠ [8850/8902] Replayed LogdetLean.GramHafnian.ShiftedAnticoncentration.Wishart.HermitianRankOneDecomposition
warning: LogdetLean/GramHafnian/ShiftedAnticoncentration/Wishart/HermitianRankOneDecomposition.lean:33:0: automatically included section variable(s) unused in theorem `LogdetLean.GramHafnian.Wishart.hermitianRealCoordinateDirection_isHermitian`:
  [Fintype m]
consider restructuring your `variable` declarations so that the variables are not in scope or explicitly omit them:
  omit [Fintype m] in theorem ...

Note: This linter can be disabled with `set_option linter.unusedSectionVars false`
warning: LogdetLean/GramHafnian/ShiftedAnticoncentration/Wishart/HermitianRankOneDecomposition.lean:38:0: automatically included section variable(s) unused in theorem `LogdetLean.GramHafnian.Wishart.hermitianImagCoordinateDirection_isHermitian`:
  [Fintype m]
consider restructuring your `variable` declarations so that the variables are not in scope or explicitly omit them:
  omit [Fintype m] in theorem ...

Note: This linter can be disabled with `set_option linter.unusedSectionVars false`
warning: LogdetLean/GramHafnian/ShiftedAnticoncentration/Wishart/HermitianRankOneDecomposition.lean:70:52: Used `tac1 <;> tac2` where `(tac1; tac2)` would suffice

Note: This linter can be disabled with `set_option linter.unnecessarySeqFocus false`
warning: LogdetLean/GramHafnian/ShiftedAnticoncentration/Wishart/HermitianRankOneDecomposition.lean:112:56: Unused tactic linter: `ring` does nothing

Note: This linter can be disabled with `set_option linter.unusedTactic false`
warning: LogdetLean/GramHafnian/ShiftedAnticoncentration/Wishart/HermitianRankOneDecomposition.lean:112:56: this tactic is never executed

Note: This linter can be disabled with `set_option linter.unreachableTactic false`
warning: LogdetLean/GramHafnian/ShiftedAnticoncentration/Wishart/HermitianRankOneDecomposition.lean:147:0: automatically included section variable(s) unused in theorem `LogdetLean.GramHafnian.Wishart.scoreDeltaM_add`:
  [Fintype m]
  [DecidableEq m]
consider restructuring your `variable` declarations so that the variables are not in scope or explicitly omit them:
  omit [Fintype m] [DecidableEq m] in theorem ...

Note: This linter can be disabled with `set_option linter.unusedSectionVars false`
warning: LogdetLean/GramHafnian/ShiftedAnticoncentration/Wishart/HermitianRankOneDecomposition.lean:156:0: automatically included section variable(s) unused in theorem `LogdetLean.GramHafnian.Wishart.scoreDeltaM_real_smul`:
  [Fintype m]
  [DecidableEq m]
consider restructuring your `variable` declarations so that the variables are not in scope or explicitly omit them:
  omit [Fintype m] [DecidableEq m] in theorem ...

Note: This linter can be disabled with `set_option linter.unusedSectionVars false`
warning: LogdetLean/GramHafnian/ShiftedAnticoncentration/Wishart/HermitianRankOneDecomposition.lean:164:8: automatically included section variable(s) unused in theorem `LogdetLean.GramHafnian.Wishart.scoreDeltaM_zero`:
  [Fintype m]
  [DecidableEq m]
consider restructuring your `variable` declarations so that the variables are not in scope or explicitly omit them:
  omit [Fintype m] [DecidableEq m] in theorem ...

Note: This linter can be disabled with `set_option linter.unusedSectionVars false`
⚠ [8851/8902] Replayed LogdetLean.GramHafnian.ShiftedAnticoncentration.Wishart.IntegratedRankOneScore
warning: LogdetLean/GramHafnian/ShiftedAnticoncentration/Wishart/IntegratedRankOneScore.lean:36:8: `MeasureTheory.integrable_finset_sum` has been deprecated: Use `MeasureTheory.integrable_finsetSum` instead
warning: LogdetLean/GramHafnian/ShiftedAnticoncentration/Wishart/IntegratedRankOneScore.lean:38:8: `MeasureTheory.integrable_finset_sum` has been deprecated: Use `MeasureTheory.integrable_finsetSum` instead
warning: LogdetLean/GramHafnian/ShiftedAnticoncentration/Wishart/IntegratedRankOneScore.lean:32:0: automatically included section variable(s) unused in theorem `LogdetLean.GramHafnian.Wishart.integrable_double_fintype_sum`:
  [DecidableEq m]
  [MeasurableSpace Ω]
consider restructuring your `variable` declarations so that the variables are not in scope or explicitly omit them:
  omit [DecidableEq m] [MeasurableSpace Ω] in theorem ...

Note: This linter can be disabled with `set_option linter.unusedSectionVars false`
warning: LogdetLean/GramHafnian/ShiftedAnticoncentration/Wishart/IntegratedRankOneScore.lean:47:6: `MeasureTheory.integral_finset_sum` has been deprecated: Use `MeasureTheory.integral_finsetSum` instead
warning: LogdetLean/GramHafnian/ShiftedAnticoncentration/Wishart/IntegratedRankOneScore.lean:48:4: `MeasureTheory.integrable_finset_sum` has been deprecated: Use `MeasureTheory.integrable_finsetSum` instead
warning: LogdetLean/GramHafnian/ShiftedAnticoncentration/Wishart/IntegratedRankOneScore.lean:51:6: `MeasureTheory.integral_finset_sum` has been deprecated: Use `MeasureTheory.integral_finsetSum` instead
warning: LogdetLean/GramHafnian/ShiftedAnticoncentration/Wishart/IntegratedRankOneScore.lean:42:0: automatically included section variable(s) unused in theorem `LogdetLean.GramHafnian.Wishart.integral_double_fintype_sum`:
  [DecidableEq m]
  [MeasurableSpace Ω]
consider restructuring your `variable` declarations so that the variables are not in scope or explicitly omit them:
  omit [DecidableEq m] [MeasurableSpace Ω] in theorem ...

Note: This linter can be disabled with `set_option linter.unusedSectionVars false`
✔ [8854/8902] Built LogdetLean.GramHafnian.LocalAnticoncentration.TotalVariation (6.9s)
✔ [8856/8974] Built LogdetLean.GramHafnian.UltimateHiding.WishartCore.Wishart.InverseTraceIntegrability (9.3s)
⚠ [8857/8974] Replayed LogdetLean.GramHafnian.ShiftedAnticoncentration.Wishart.LiteralPastRealification
warning: LogdetLean/GramHafnian/ShiftedAnticoncentration/Wishart/LiteralPastRealification.lean:23:8: automatically included section variable(s) unused in theorem `LogdetLean.GramHafnian.Wishart.realGramBlock11_realWishartGram`:
  [Fintype m]
  [DecidableEq k]
  [DecidableEq m]
consider restructuring your `variable` declarations so that the variables are not in scope or explicitly omit them:
  omit [Fintype m] [DecidableEq k] [DecidableEq m] in theorem ...

Note: This linter can be disabled with `set_option linter.unusedSectionVars false`
warning: LogdetLean/GramHafnian/ShiftedAnticoncentration/Wishart/LiteralPastRealification.lean:31:8: automatically included section variable(s) unused in theorem `LogdetLean.GramHafnian.Wishart.realGramBlock12_realWishartGram`:
  [Fintype m]
  [DecidableEq k]
  [DecidableEq m]
consider restructuring your `variable` declarations so that the variables are not in scope or explicitly omit them:
  omit [Fintype m] [DecidableEq k] [DecidableEq m] in theorem ...

Note: This linter can be disabled with `set_option linter.unusedSectionVars false`
warning: LogdetLean/GramHafnian/ShiftedAnticoncentration/Wishart/LiteralPastRealification.lean:39:8: automatically included section variable(s) unused in theorem `LogdetLean.GramHafnian.Wishart.realGramBlock22_realWishartGram`:
  [Fintype m]
  [DecidableEq k]
  [DecidableEq m]
consider restructuring your `variable` declarations so that the variables are not in scope or explicitly omit them:
  omit [Fintype m] [DecidableEq k] [DecidableEq m] in theorem ...

Note: This linter can be disabled with `set_option linter.unusedSectionVars false`
⚠ [8859/8974] Replayed LogdetLean.GramHafnian.ShiftedAnticoncentration.Wishart.SumColumnScoreTransport
warning: LogdetLean/GramHafnian/ShiftedAnticoncentration/Wishart/SumColumnScoreTransport.lean:94:8: `Matrix.reindexAlgEquiv_mul` has been deprecated: Use `map_mul` instead

Note: The updated constant has a different type:
  ∀ {M : Type u_4} {N : Type u_5} {F : Type u_9} [inst : Mul M] [inst_1 : Mul N] [inst_2 : FunLike F M N]
    [MulHomClass F M N] (f : F) (x y : M), f (x * y) = f x * f y
instead of
  ∀ {m : Type u_2} {n : Type u_3} (R : Type u_11) (A : Type u_12) [inst : CommSemiring R] [inst_1 : Fintype n]
    [inst_2 : Fintype m] [inst_3 : DecidableEq m] [inst_4 : DecidableEq n] [inst_5 : Semiring A] [inst_6 : Algebra R A]
    (e : m ≃ n) (M N : Matrix m m A),
    (Matrix.reindexAlgEquiv R A e) (M * N) = (Matrix.reindexAlgEquiv R A e) M * (Matrix.reindexAlgEquiv R A e) N

Note: The updated constant is in a different namespace. Dot notation may need to be changed (e.g., from `x.reindexAlgEquiv_mul` to `map_mul x`).
⚠ [8861/8974] Replayed LogdetLean.GramHafnian.ShiftedAnticoncentration.Wishart.RegularizedCofactorWeights
warning: LogdetLean/GramHafnian/ShiftedAnticoncentration/Wishart/RegularizedCofactorWeights.lean:80:54: Variable name `hδ` is not explicitly referenced.

Hint: The binding can be removed (if unused) or named `_` (if used implicitly). Alternatively, prefix the name with `_` to silence this warning:
  [apply] _hδ

Note: This linter can be disabled with `set_option linter.unusedVariables false`
⚠ [8863/8974] Replayed LogdetLean.GramHafnian.ShiftedAnticoncentration.Wishart.SteinFieldCoordinateBounds
warning: LogdetLean/GramHafnian/ShiftedAnticoncentration/Wishart/SteinFieldCoordinateBounds.lean:118:33: This simp argument is unused:
  Matrix.mul_assoc

Hint: Omit it from the simp argument list.
  [apply] simp [U, Matrix.mul_apply]

Note: This linter can be disabled with `set_option linter.unusedSimpArgs false`
warning: LogdetLean/GramHafnian/ShiftedAnticoncentration/Wishart/SteinFieldCoordinateBounds.lean:183:8: automatically included section variable(s) unused in theorem `LogdetLean.GramHafnian.Wishart.single_mul_apply_same`:
  [Fintype k]
consider restructuring your `variable` declarations so that the variables are not in scope or explicitly omit them:
  omit [Fintype k] in theorem ...

Note: This linter can be disabled with `set_option linter.unusedSectionVars false`
warning: LogdetLean/GramHafnian/ShiftedAnticoncentration/Wishart/SteinFieldCoordinateBounds.lean:200:30: This simp argument is unused:
  Matrix.single_apply

Hint: Omit it from the simp argument list.
  [apply] simp [Matrix.mul_apply, hx, hax]

Note: This linter can be disabled with `set_option linter.unusedSimpArgs false`
warning: LogdetLean/GramHafnian/ShiftedAnticoncentration/Wishart/SteinFieldCoordinateBounds.lean:215:30: This simp argument is unused:
  Matrix.single_apply

Hint: Omit it from the simp argument list.
  [apply] simp [Matrix.mul_apply, hx, hix]

Note: This linter can be disabled with `set_option linter.unusedSimpArgs false`
✔ [8868/8974] Built LogdetLean.GramHafnian.UltimateHiding.WishartCore.Wishart.MatrixSteinHaffClosure (2.5s)
⚠ [8869/8974] Replayed LogdetLean.GramHafnian.UltimateHiding.DenseScore.U08.SecondMomentEngine
warning: LogdetLean/GramHafnian/UltimateHiding/DenseScore/U08/SecondMomentEngine.lean:131:5: Variable name `hmean` is not explicitly referenced.

Hint: The binding can be removed (if unused) or named `_` (if used implicitly). Alternatively, prefix the name with `_` to silence this warning:
  [apply] _hmean

Note: This linter can be disabled with `set_option linter.unusedVariables false`
⚠ [8871/8974] Replayed LogdetLean.GramHafnian.UltimateHiding.DenseScore.MixedScalarQuadraticClosure
warning: LogdetLean/GramHafnian/UltimateHiding/DenseScore/MixedScalarQuadraticClosure.lean:48:5: Variable name `hN` is not explicitly referenced.

Hint: The binding can be removed (if unused) or named `_` (if used implicitly). Alternatively, prefix the name with `_` to silence this warning:
  [apply] _hN

Note: This linter can be disabled with `set_option linter.unusedVariables false`
warning: LogdetLean/GramHafnian/UltimateHiding/DenseScore/MixedScalarQuadraticClosure.lean:48:18: Variable name `hc` is not explicitly referenced.

Hint: The binding can be removed (if unused) or named `_` (if used implicitly). Alternatively, prefix the name with `_` to silence this warning:
  [apply] _hc

Note: This linter can be disabled with `set_option linter.unusedVariables false`
warning: LogdetLean/GramHafnian/UltimateHiding/DenseScore/MixedScalarQuadraticClosure.lean:95:5: Variable name `hCOne` is not explicitly referenced.

Hint: The binding can be removed (if unused) or named `_` (if used implicitly). Alternatively, prefix the name with `_` to silence this warning:
  [apply] _hCOne

Note: This linter can be disabled with `set_option linter.unusedVariables false`
warning: LogdetLean/GramHafnian/UltimateHiding/DenseScore/MixedScalarQuadraticClosure.lean:96:28: Variable name `hCOneSquare` is not explicitly referenced.

Hint: The binding can be removed (if unused) or named `_` (if used implicitly). Alternatively, prefix the name with `_` to silence this warning:
  [apply] _hCOneSquare

Note: This linter can be disabled with `set_option linter.unusedVariables false`
warning: LogdetLean/GramHafnian/UltimateHiding/DenseScore/MixedScalarQuadraticClosure.lean:381:5: Variable name `hCPhi` is not explicitly referenced.

Hint: The binding can be removed (if unused) or named `_` (if used implicitly). Alternatively, prefix the name with `_` to silence this warning:
  [apply] _hCPhi

Note: This linter can be disabled with `set_option linter.unusedVariables false`
warning: LogdetLean/GramHafnian/UltimateHiding/DenseScore/MixedScalarQuadraticClosure.lean:381:24: Variable name `hCDeriv` is not explicitly referenced.

Hint: The binding can be removed (if unused) or named `_` (if used implicitly). Alternatively, prefix the name with `_` to silence this warning:
  [apply] _hCDeriv

Note: This linter can be disabled with `set_option linter.unusedVariables false`
✔ [8874/8974] Built LogdetLean.GramHafnian.UltimateHiding.Dense.Telescoping (3.3s)
⚠ [8875/8977] Built LogdetLean.GramHafnian.UltimateHiding.DenseLocalStep.TaylorTV (2.6s)
warning: LogdetLean/GramHafnian/UltimateHiding/DenseLocalStep/TaylorTV.lean:42:8: This simp argument is unused:
  Finset.sum_insert

Hint: Omit it from the simp argument list.
  [apply] simp only [Finset.sum_range_succ, Finset.sum_range_zero, Finset.mem_range, not_false_eq_true,
    Finset.sum_empty, zero_add, Nat.factorial_zero, Nat.cast_one, inv_one, sub_zero, pow_zero, one_smul,
    Nat.factorial_one, pow_one, Nat.factorial_two, Nat.cast_ofNat, smul_eq_mul]

Note: This linter can be disabled with `set_option linter.unusedSimpArgs false`
warning: LogdetLean/GramHafnian/UltimateHiding/DenseLocalStep/TaylorTV.lean:42:27: This simp argument is unused:
  Finset.mem_range

Hint: Omit it from the simp argument list.
  [apply] simp only [Finset.sum_range_succ, Finset.sum_range_zero, Finset.sum_insert, not_false_eq_true,
    Finset.sum_empty, zero_add, Nat.factorial_zero, Nat.cast_one, inv_one, sub_zero, pow_zero, one_smul,
    Nat.factorial_one, pow_one, Nat.factorial_two, Nat.cast_ofNat, smul_eq_mul]

Note: This linter can be disabled with `set_option linter.unusedSimpArgs false`
warning: LogdetLean/GramHafnian/UltimateHiding/DenseLocalStep/TaylorTV.lean:42:45: This simp argument is unused:
  not_false_eq_true

Hint: Omit it from the simp argument list.
  [apply] simp only [Finset.sum_range_succ, Finset.sum_range_zero, Finset.sum_insert, Finset.mem_range,
    Finset.sum_empty, zero_add, Nat.factorial_zero, Nat.cast_one, inv_one, sub_zero, pow_zero, one_smul,
    Nat.factorial_one, pow_one, Nat.factorial_two, Nat.cast_ofNat, smul_eq_mul]

Note: This linter can be disabled with `set_option linter.unusedSimpArgs false`
warning: LogdetLean/GramHafnian/UltimateHiding/DenseLocalStep/TaylorTV.lean:43:8: This simp argument is unused:
  Finset.sum_empty

Hint: Omit it from the simp argument list.
  [apply] simp only [Finset.sum_range_succ, Finset.sum_range_zero, Finset.sum_insert, Finset.mem_range,
    not_false_eq_true, zero_add, Nat.factorial_zero, Nat.cast_one, inv_one, sub_zero, pow_zero, one_smul,
    Nat.factorial_one, pow_one, Nat.factorial_two, Nat.cast_ofNat, smul_eq_mul]

Note: This linter can be disabled with `set_option linter.unusedSimpArgs false`
warning: LogdetLean/GramHafnian/UltimateHiding/DenseLocalStep/TaylorTV.lean:44:37: This simp argument is unused:
  one_smul

Hint: Omit it from the simp argument list.
  [apply] simp only [Finset.sum_range_succ, Finset.sum_range_zero, Finset.sum_insert, Finset.mem_range,
    not_false_eq_true, Finset.sum_empty, zero_add, Nat.factorial_zero, Nat.cast_one, inv_one, sub_zero, pow_zero,
    Nat.factorial_one, pow_one, Nat.factorial_two, Nat.cast_ofNat, smul_eq_mul]

Note: This linter can be disabled with `set_option linter.unusedSimpArgs false`
warning: LogdetLean/GramHafnian/UltimateHiding/DenseLocalStep/TaylorTV.lean:52:37: This simp argument is unused:
  Pi.zero_apply

Hint: Omit it from the simp argument list.
  [apply] simp only [iteratedDeriv_zero]

Note: This linter can be disabled with `set_option linter.unusedSimpArgs false`
warning: LogdetLean/GramHafnian/UltimateHiding/DenseLocalStep/TaylorTV.lean:127:5: Variable name `hCtwo` is not explicitly referenced.

Hint: The binding can be removed (if unused) or named `_` (if used implicitly). Alternatively, prefix the name with `_` to silence this warning:
  [apply] _hCtwo

Note: This linter can be disabled with `set_option linter.unusedVariables false`
warning: LogdetLean/GramHafnian/UltimateHiding/DenseLocalStep/TaylorTV.lean:127:24: Variable name `hCthree` is not explicitly referenced.

Hint: The binding can be removed (if unused) or named `_` (if used implicitly). Alternatively, prefix the name with `_` to silence this warning:
  [apply] _hCthree

Note: This linter can be disabled with `set_option linter.unusedVariables false`
info: LogdetLean/GramHafnian/UltimateHiding/DenseLocalStep/TaylorTV.lean:301:52: Try this:
  [apply] ring_nf
  
  The `ring` tactic failed to close the goal. Use `ring_nf` to obtain a normal form.
    
  Note that `ring` works primarily in *commutative* rings. If you have a noncommutative ring, abelian group or module, consider using `noncomm_ring`, `abel` or `module` instead.
warning: LogdetLean/GramHafnian/UltimateHiding/DenseLocalStep/TaylorTV.lean:301:48: Used `tac1 <;> tac2` where `(tac1; tac2)` would suffice

Note: This linter can be disabled with `set_option linter.unnecessarySeqFocus false`
✔ [8876/8977] Built LogdetLean.GramHafnian.UltimateHiding.Dense.TailSeries (2.1s)
✔ [8877/8977] Built LogdetLean.GramHafnian.UltimateHiding.DenseLocalStep.CorrelatedTaylorTV (1.0s)
✔ [8878/9274] Built LogdetLean.GramHafnian.UltimateHiding.WishartCore.Wishart.BoundedDerivativeSteinHaff (8.9s)
✔ [8879/9274] Built LogdetLean.GramHafnian.UltimateHiding.CircularGaussianBridge (8.9s)
⚠ [8885/9274] Replayed LogdetLean.GramHafnian.UltimateHiding.DenseScore.MatsumotoTheorem3External
warning: LogdetLean/GramHafnian/UltimateHiding/DenseScore/MatsumotoTheorem3External.lean:191:4: Try `simp at h` instead of `simpa using h`

Note: This linter can be disabled with `set_option linter.unnecessarySimpa false`
info: LogdetLean/GramHafnian/UltimateHiding/DenseScore/MatsumotoTheorem3External.lean:274:0: axiom MatsumotoPaper.A4_matsumoto_theorem_3 : ∀ (d n : ℕ) (beta gamma : ℝ),
  0 < d →
    0 < n →
      ∀ (sigma : MatsumotoPaper.SymPosDef d) (W : MatsumotoPaper.W_d d beta sigma),
        gamma = beta - (↑d + 1) / 2 →
          ↑n - 1 < gamma →
            ∀ (m : Fin n → MatsumotoPaper.ComplexMatrix d) (g : Equiv.Perm (Fin (2 * n))),
              (MatsumotoPaper.expectation W fun w => MatsumotoPaper.T g (↑w) m) =
                  2 ^ (-↑n) *
                    ∑ matching,
                      ↑((2 * beta) ^ MatsumotoPaper.kappa (g⁻¹ * matching.toPerm)) *
                        MatsumotoPaper.T matching.toPerm (↑sigma) m ∧
                (MatsumotoPaper.expectation W fun w => MatsumotoPaper.T g (↑w.inverse) m) =
                  ∑ matching,
                    MatsumotoPaper.wgTilde (g⁻¹ * matching.toPerm) gamma *
                      MatsumotoPaper.T matching.toPerm (↑sigma.inverse) m
info: LogdetLean/GramHafnian/UltimateHiding/DenseScore/MatsumotoTheorem3External.lean:275:0: 'MatsumotoPaper.A4_matsumoto_theorem_3' depends on axioms: [propext,
 Classical.choice,
 MatsumotoPaper.A4_matsumoto_theorem_3,
 Quot.sound]
⚠ [8889/9274] Replayed LogdetLean.GramHafnian.UltimateHiding.DenseScore.H13_ProjectiveMixedHolder
warning: LogdetLean/GramHafnian/UltimateHiding/DenseScore/H13_ProjectiveMixedHolder.lean:50:2: Try this: 
  letI̵

The goal is a proposition, so `let` is preferred over `letI`.
The difference between `let` and `letI` is that `letI` inlines the value.
But this is not relevant for proofs because of proof irrelevance.

Note: This linter can be disabled with `set_option linter.style.haveILetI false`
warning: LogdetLean/GramHafnian/UltimateHiding/DenseScore/H13_ProjectiveMixedHolder.lean:74:2: Try this: 
  letI̵

The goal is a proposition, so `let` is preferred over `letI`.
The difference between `let` and `letI` is that `letI` inlines the value.
But this is not relevant for proofs because of proof irrelevance.

Note: This linter can be disabled with `set_option linter.style.haveILetI false`
warning: LogdetLean/GramHafnian/UltimateHiding/DenseScore/H13_ProjectiveMixedHolder.lean:149:2: Try this: 
  letI̵

The goal is a proposition, so `let` is preferred over `letI`.
The difference between `let` and `letI` is that `letI` inlines the value.
But this is not relevant for proofs because of proof irrelevance.

Note: This linter can be disabled with `set_option linter.style.haveILetI false`
warning: LogdetLean/GramHafnian/UltimateHiding/DenseScore/H13_ProjectiveMixedHolder.lean:173:2: Try this: 
  letI̵

The goal is a proposition, so `let` is preferred over `letI`.
The difference between `let` and `letI` is that `letI` inlines the value.
But this is not relevant for proofs because of proof irrelevance.

Note: This linter can be disabled with `set_option linter.style.haveILetI false`
⚠ [8892/9274] Replayed LogdetLean.GramHafnian.UltimateHiding.DenseScore.Conditional.H16L1WeakBochnerBridge
warning: LogdetLean/GramHafnian/UltimateHiding/DenseScore/Conditional/H16L1WeakBochnerBridge.lean:34:0: automatically included section variable(s) unused in theorem `LogdetLean.GramHafnian.UltimateHiding.DenseScore.Conditional.h16TestPairCLM_apply`:
  [FiniteDimensional ℝ E]
consider restructuring your `variable` declarations so that the variables are not in scope or explicitly omit them:
  omit [FiniteDimensional ℝ E] in theorem ...

Note: This linter can be disabled with `set_option linter.unusedSectionVars false`
⚠ [8895/9274] Replayed LogdetLean.GramHafnian.UltimateHiding.DenseScore.CenteredCubicTraceClosure
warning: LogdetLean/GramHafnian/UltimateHiding/DenseScore/CenteredCubicTraceClosure.lean:135:5: Variable name `hCZW` is not explicitly referenced.

Hint: The binding can be removed (if unused) or named `_` (if used implicitly). Alternatively, prefix the name with `_` to silence this warning:
  [apply] _hCZW

Note: This linter can be disabled with `set_option linter.unusedVariables false`
warning: LogdetLean/GramHafnian/UltimateHiding/DenseScore/CenteredCubicTraceClosure.lean:135:22: Variable name `hCProduct` is not explicitly referenced.

Hint: The binding can be removed (if unused) or named `_` (if used implicitly). Alternatively, prefix the name with `_` to silence this warning:
  [apply] _hCProduct

Note: This linter can be disabled with `set_option linter.unusedVariables false`
warning: LogdetLean/GramHafnian/UltimateHiding/DenseScore/CenteredCubicTraceClosure.lean:244:5: Variable name `hN` is not explicitly referenced.

Hint: The binding can be removed (if unused) or named `_` (if used implicitly). Alternatively, prefix the name with `_` to silence this warning:
  [apply] _hN

Note: This linter can be disabled with `set_option linter.unusedVariables false`
warning: LogdetLean/GramHafnian/UltimateHiding/DenseScore/CenteredCubicTraceClosure.lean:245:5: Variable name `hCOne` is not explicitly referenced.

Hint: The binding can be removed (if unused) or named `_` (if used implicitly). Alternatively, prefix the name with `_` to silence this warning:
  [apply] _hCOne

Note: This linter can be disabled with `set_option linter.unusedVariables false`
warning: LogdetLean/GramHafnian/UltimateHiding/DenseScore/CenteredCubicTraceClosure.lean:245:24: Variable name `hCTwo` is not explicitly referenced.

Hint: The binding can be removed (if unused) or named `_` (if used implicitly). Alternatively, prefix the name with `_` to silence this warning:
  [apply] _hCTwo

Note: This linter can be disabled with `set_option linter.unusedVariables false`
warning: LogdetLean/GramHafnian/UltimateHiding/DenseScore/CenteredCubicTraceClosure.lean:245:43: Variable name `hCThree` is not explicitly referenced.

Hint: The binding can be removed (if unused) or named `_` (if used implicitly). Alternatively, prefix the name with `_` to silence this warning:
  [apply] _hCThree

Note: This linter can be disabled with `set_option linter.unusedVariables false`
⚠ [8912/9274] Replayed LogdetLean.GramHafnian.UltimateHiding.Sparse.H19ScalarLimits
warning: LogdetLean/GramHafnian/UltimateHiding/Sparse/H19ScalarLimits.lean:80:42: This simp argument is unused:
  Matrix.mul_smul

Hint: Omit it from the simp argument list.
  [apply] simp [Matrix.mul_sub, Matrix.sub_mul, Matrix.smul_mul, mul_assoc, Unitary.coe_mul_star_self]

Note: This linter can be disabled with `set_option linter.unusedSimpArgs false`
warning: LogdetLean/GramHafnian/UltimateHiding/Sparse/H19ScalarLimits.lean:81:6: This simp argument is unused:
  Matrix.smul_mul

Hint: Omit it from the simp argument list.
  [apply] simp [Matrix.mul_sub, Matrix.sub_mul, Matrix.mul_smul, mul_assoc, Unitary.coe_mul_star_self]

Note: This linter can be disabled with `set_option linter.unusedSimpArgs false`
warning: LogdetLean/GramHafnian/UltimateHiding/Sparse/H19ScalarLimits.lean:81:34: This simp argument is unused:
  Unitary.coe_mul_star_self

Hint: Omit it from the simp argument list.
  [apply] simp [Matrix.mul_sub, Matrix.sub_mul, Matrix.mul_smul, Matrix.smul_mul, mul_assoc]

Note: This linter can be disabled with `set_option linter.unusedSimpArgs false`
warning: LogdetLean/GramHafnian/UltimateHiding/Sparse/H19ScalarLimits.lean:99:15: This simp argument is unused:
  Matrix.one_apply

Hint: Omit it from the simp argument list.
  [apply] simp [D, hij, Function.comp_def]

Note: This linter can be disabled with `set_option linter.unusedSimpArgs false`
⚠ [8913/9350] Replayed LogdetLean.GramHafnian.ShiftedAnticoncentration.ComplexGaussianFullRank
warning: LogdetLean/GramHafnian/ShiftedAnticoncentration/ComplexGaussianFullRank.lean:32:0: automatically included section variable(s) unused in theorem `LogdetLean.GramHafnian.measurableSet_complexLinearlyIndependentFamilies`:
  [FiniteDimensional ℂ E]
  [IsScalarTower ℝ ℂ E]
consider restructuring your `variable` declarations so that the variables are not in scope or explicitly omit them:
  omit [FiniteDimensional ℂ E] [IsScalarTower ℝ ℂ E] in theorem ...

Note: This linter can be disabled with `set_option linter.unusedSectionVars false`
warning: LogdetLean/GramHafnian/ShiftedAnticoncentration/ComplexGaussianFullRank.lean:55:0: automatically included section variable(s) unused in theorem `LogdetLean.GramHafnian.complexSpan_restrictScalars_ne_top`:
  [FiniteDimensional ℂ E]
  [FiniteDimensional ℝ E]
  [MeasurableSpace E]
  [BorelSpace E]
consider restructuring your `variable` declarations so that the variables are not in scope or explicitly omit them:
  omit [FiniteDimensional ℂ E] [FiniteDimensional ℝ E] [MeasurableSpace E] [BorelSpace E] in theorem ...

Note: This linter can be disabled with `set_option linter.unusedSectionVars false`
warning: LogdetLean/GramHafnian/ShiftedAnticoncentration/ComplexGaussianFullRank.lean:149:0: automatically included section variable(s) unused in theorem `LogdetLean.GramHafnian.complexLinearIndependent_const_smul`:
  [FiniteDimensional ℂ E]
  [FiniteDimensional ℝ E]
  [MeasurableSpace E]
  [BorelSpace E]
consider restructuring your `variable` declarations so that the variables are not in scope or explicitly omit them:
  omit [FiniteDimensional ℂ E] [FiniteDimensional ℝ E] [MeasurableSpace E] [BorelSpace E] in theorem ...

Note: This linter can be disabled with `set_option linter.unusedSectionVars false`
⚠ [8914/9350] Replayed LogdetLean.GramHafnian.ShiftedAnticoncentration.CofactorPositivity
warning: LogdetLean/GramHafnian/ShiftedAnticoncentration/CofactorPositivity.lean:41:4: This simp argument is unused:
  WithLp.ofLp_toLp

Hint: Omit it from the simp argument list.
  [apply] simp only [map_sum, map_smul, WithLp.coe_linearEquiv]

Note: This linter can be disabled with `set_option linter.unusedSimpArgs false`
⚠ [8915/9350] Replayed LogdetLean.GramHafnian.ShiftedAnticoncentration.GaussianGamma
info: LogdetLean/GramHafnian/ShiftedAnticoncentration/GaussianGamma.lean:27:29: Try this:
  [apply] ring_nf
  
  The `ring` tactic failed to close the goal. Use `ring_nf` to obtain a normal form.
    
  Note that `ring` works primarily in *commutative* rings. If you have a noncommutative ring, abelian group or module, consider using `noncomm_ring`, `abel` or `module` instead.
warning: LogdetLean/GramHafnian/ShiftedAnticoncentration/GaussianGamma.lean:27:25: Used `tac1 <;> tac2` where `(tac1; tac2)` would suffice

Note: This linter can be disabled with `set_option linter.unnecessarySeqFocus false`
info: LogdetLean/GramHafnian/ShiftedAnticoncentration/GaussianGamma.lean:77:29: Try this:
  [apply] ring_nf
  
  The `ring` tactic failed to close the goal. Use `ring_nf` to obtain a normal form.
    
  Note that `ring` works primarily in *commutative* rings. If you have a noncommutative ring, abelian group or module, consider using `noncomm_ring`, `abel` or `module` instead.
warning: LogdetLean/GramHafnian/ShiftedAnticoncentration/GaussianGamma.lean:77:25: Used `tac1 <;> tac2` where `(tac1; tac2)` would suffice

Note: This linter can be disabled with `set_option linter.unnecessarySeqFocus false`
⚠ [8916/9350] Replayed LogdetLean.GramHafnian.ShiftedAnticoncentration.GaussianNormGamma
warning: LogdetLean/GramHafnian/ShiftedAnticoncentration/GaussianNormGamma.lean:49:15: This simp argument is unused:
  Function.comp_apply

Hint: Omit it from the simp argument list.
  [apply] simp only [circularVectorNormSq, norm_smul, Real.norm_eq_abs, abs_inv,
    abs_of_pos (Real.sqrt_pos.2 (by norm_num : (0 : ℝ) < 2)), mul_pow]

Note: This linter can be disabled with `set_option linter.unusedSimpArgs false`
warning: LogdetLean/GramHafnian/ShiftedAnticoncentration/GaussianNormGamma.lean:122:6: Unused tactic linter: `congr 1` does nothing

Note: This linter can be disabled with `set_option linter.unusedTactic false`
⚠ [8923/9350] Replayed LogdetLean.GramHafnian.ShiftedAnticoncentration.SimplifiedConstantBound
warning: LogdetLean/GramHafnian/ShiftedAnticoncentration/SimplifiedConstantBound.lean:95:44: Used `tac1 <;> tac2` where `(tac1; tac2)` would suffice

Note: This linter can be disabled with `set_option linter.unnecessarySeqFocus false`
⚠ [8925/9350] Replayed LogdetLean.GramHafnian.ShiftedAnticoncentration.FourierCompression.SingletonCofactorCharacteristic
warning: LogdetLean/GramHafnian/ShiftedAnticoncentration/FourierCompression/SingletonCofactorCharacteristic.lean:112:10: This simp argument is unused:
  f

Hint: Omit it from the simp argument list.
  [apply] simp

Note: This linter can be disabled with `set_option linter.unusedSimpArgs false`
warning: LogdetLean/GramHafnian/ShiftedAnticoncentration/FourierCompression/SingletonCofactorCharacteristic.lean:249:37: This simp argument is unused:
  Finset.mul_sum

Hint: Omit it from the simp argument list.
  [apply] simp only [singleCoordinate]

Note: This linter can be disabled with `set_option linter.unusedSimpArgs false`
⚠ [8928/9350] Replayed LogdetLean.GramHafnian.ShiftedAnticoncentration.FourierCompression.InverseRecurrence
info: LogdetLean/GramHafnian/ShiftedAnticoncentration/FourierCompression/InverseRecurrence.lean:69:45: Try this:
  [apply] ring_nf
  
  The `ring` tactic failed to close the goal. Use `ring_nf` to obtain a normal form.
    
  Note that `ring` works primarily in *commutative* rings. If you have a noncommutative ring, abelian group or module, consider using `noncomm_ring`, `abel` or `module` instead.
warning: LogdetLean/GramHafnian/ShiftedAnticoncentration/FourierCompression/InverseRecurrence.lean:68:36: Used `tac1 <;> tac2` where `(tac1; tac2)` would suffice

Note: This linter can be disabled with `set_option linter.unnecessarySeqFocus false`
warning: LogdetLean/GramHafnian/ShiftedAnticoncentration/FourierCompression/InverseRecurrence.lean:69:41: Used `tac1 <;> tac2` where `(tac1; tac2)` would suffice

Note: This linter can be disabled with `set_option linter.unnecessarySeqFocus false`
⚠ [8929/9350] Replayed LogdetLean.GramHafnian.ShiftedAnticoncentration.FourierCompression.CompressionToInverseMoment
warning: LogdetLean/GramHafnian/ShiftedAnticoncentration/FourierCompression/CompressionToInverseMoment.lean:63:2: Try this: 
  letI̵

The goal is a proposition, so `let` is preferred over `letI`.
The difference between `let` and `letI` is that `letI` inlines the value.
But this is not relevant for proofs because of proof irrelevance.

Note: This linter can be disabled with `set_option linter.style.haveILetI false`
⚠ [8930/9350] Replayed LogdetLean.GramHafnian.ShiftedAnticoncentration.FourierCompression.LiteralCofactorLaw
warning: LogdetLean/GramHafnian/ShiftedAnticoncentration/FourierCompression/LiteralCofactorLaw.lean:47:14: `Fin.lt_iff_val_lt_val` has been deprecated: Use `Fin.lt_def` instead
warning: LogdetLean/GramHafnian/ShiftedAnticoncentration/FourierCompression/LiteralCofactorLaw.lean:46:8: Unused tactic linter: `change j.1.1 < 2 * r - 1` does nothing

Note: This linter can be disabled with `set_option linter.unusedTactic false`
warning: LogdetLean/GramHafnian/ShiftedAnticoncentration/FourierCompression/LiteralCofactorLaw.lean:95:13: This simp argument is unused:
  PiLp.toLp_apply

Hint: Omit it from the simp argument list.
  [apply] simp only [Complex.normSq_eq_norm_sq, norm_star]

Note: This linter can be disabled with `set_option linter.unusedSimpArgs false`
warning: LogdetLean/GramHafnian/ShiftedAnticoncentration/FourierCompression/LiteralCofactorLaw.lean:129:13: This simp argument is unused:
  PiLp.toLp_apply

Hint: Omit it from the simp argument list.
  [apply] simp only [Complex.inner, starRingEnd_apply, star_star]

Note: This linter can be disabled with `set_option linter.unusedSimpArgs false`
ℹ [8931/9350] Replayed LogdetLean.GramHafnian.ShiftedAnticoncentration.FourierCompression.GeneralBilinearGaussian
info: LogdetLean/GramHafnian/ShiftedAnticoncentration/FourierCompression/GeneralBilinearGaussian.lean:87:6: Try this:
  [apply] ring_nf
  
  The `ring` tactic failed to close the goal. Use `ring_nf` to obtain a normal form.
    
  Note that `ring` works primarily in *commutative* rings. If you have a noncommutative ring, abelian group or module, consider using `noncomm_ring`, `abel` or `module` instead.
⚠ [8933/9350] Replayed LogdetLean.GramHafnian.ShiftedAnticoncentration.FourierCompression.LocalCofactorCompression
warning: LogdetLean/GramHafnian/ShiftedAnticoncentration/FourierCompression/LocalCofactorCompression.lean:56:17: This simp argument is unused:
  PiLp.toLp_apply

Hint: Omit it from the simp argument list.
  [apply] simp only

Note: This linter can be disabled with `set_option linter.unusedSimpArgs false`
warning: LogdetLean/GramHafnian/ShiftedAnticoncentration/FourierCompression/LocalCofactorCompression.lean:303:6: `Matrix.toEuclideanLin_toLp` has been deprecated: Use `Matrix.toLpLin_toLp` instead

Note: The updated constant has a different type:
  ∀ {m : Type u_1} {n : Type u_2} {R : Type u_4} [inst : Fintype n] [inst_1 : DecidableEq n] [inst_2 : CommRing R]
    (p q : ℝ≥0∞) (A : Matrix m n R) (x : n → R),
    ((Matrix.toLpLin p q) A) (WithLp.toLp p x) = WithLp.toLp q ((Matrix.toLin' A) x)
instead of
  ∀ {𝕜 : Type u_3} [inst : RCLike 𝕜] {m : Type u_7} {n : Type u_8} [inst_1 : Fintype n] [inst_2 : DecidableEq n]
    (A : Matrix m n 𝕜) (x : n → 𝕜), (Matrix.toEuclideanLin A) (WithLp.toLp 2 x) = WithLp.toLp 2 ((Matrix.toLin' A) x)
warning: LogdetLean/GramHafnian/ShiftedAnticoncentration/FourierCompression/LocalCofactorCompression.lean:503:2: Unused tactic linter: `change
  inner ℝ (complexRealificationEuclidean (A (exposedXIndex m)))
          (backgroundCofactorT R w (complexRealificationEuclidean (A (exposedYIndex m)))) +
        inner ℝ (complexRealificationEuclidean (A (exposedXIndex m)))
          (backgroundCofactorL R (complexPhaseCoordinatesEuclidean (w (exposedYIndex m)))) +
      inner ℝ (complexRealificationEuclidean (A (exposedYIndex m)))
        (backgroundCofactorL R (complexPhaseCoordinatesEuclidean (w (exposedXIndex m)))) =
    _` does nothing

Note: This linter can be disabled with `set_option linter.unusedTactic false`
warning: LogdetLean/GramHafnian/ShiftedAnticoncentration/FourierCompression/LocalCofactorCompression.lean:888:22: This simp argument is unused:
  htheta.ne'

Hint: Omit it from the simp argument list.
  [apply] simp [hL0, hR0, sub_pos.mpr htheta_one]

Note: This linter can be disabled with `set_option linter.unusedSimpArgs false`
warning: LogdetLean/GramHafnian/ShiftedAnticoncentration/FourierCompression/LocalCofactorCompression.lean:1122:34: This simp argument is unused:
  zero_add

Hint: Omit it from the simp argument list.
  [apply] simp only [Complex.normSq_zero]

Note: This linter can be disabled with `set_option linter.unusedSimpArgs false`
⚠ [8936/9350] Replayed LogdetLean.GramHafnian.ShiftedAnticoncentration.Wishart.GenericPreservedSReindex
warning: LogdetLean/GramHafnian/ShiftedAnticoncentration/Wishart/GenericPreservedSReindex.lean:110:8: `Matrix.reindexAlgEquiv_mul` has been deprecated: Use `map_mul` instead

Note: The updated constant has a different type:
  ∀ {M : Type u_4} {N : Type u_5} {F : Type u_9} [inst : Mul M] [inst_1 : Mul N] [inst_2 : FunLike F M N]
    [MulHomClass F M N] (f : F) (x y : M), f (x * y) = f x * f y
instead of
  ∀ {m : Type u_2} {n : Type u_3} (R : Type u_11) (A : Type u_12) [inst : CommSemiring R] [inst_1 : Fintype n]
    [inst_2 : Fintype m] [inst_3 : DecidableEq m] [inst_4 : DecidableEq n] [inst_5 : Semiring A] [inst_6 : Algebra R A]
    (e : m ≃ n) (M N : Matrix m m A),
    (Matrix.reindexAlgEquiv R A e) (M * N) = (Matrix.reindexAlgEquiv R A e) M * (Matrix.reindexAlgEquiv R A e) N

Note: The updated constant is in a different namespace. Dot notation may need to be changed (e.g., from `x.reindexAlgEquiv_mul` to `map_mul x`).
warning: LogdetLean/GramHafnian/ShiftedAnticoncentration/Wishart/GenericPreservedSReindex.lean:314:2: Try this: 
  letI̵

The goal is a proposition, so `let` is preferred over `letI`.
The difference between `let` and `letI` is that `letI` inlines the value.
But this is not relevant for proofs because of proof irrelevance.

Note: This linter can be disabled with `set_option linter.style.haveILetI false`
warning: LogdetLean/GramHafnian/ShiftedAnticoncentration/Wishart/GenericPreservedSReindex.lean:321:4: try 'simp' instead of 'simpa'

Note: This linter can be disabled with `set_option linter.unnecessarySimpa false`
warning: LogdetLean/GramHafnian/ShiftedAnticoncentration/Wishart/GenericPreservedSReindex.lean:329:4: try 'simp' instead of 'simpa'

Note: This linter can be disabled with `set_option linter.unnecessarySimpa false`
⚠ [8942/9350] Replayed LogdetLean.GramHafnian.ShiftedAnticoncentration.Wishart.PreservedSMeasureExtension
warning: LogdetLean/GramHafnian/ShiftedAnticoncentration/Wishart/PreservedSMeasureExtension.lean:38:0: automatically included section variable(s) unused in theorem `LogdetLean.GramHafnian.Wishart.commonAbsoluteShift_add_left_nonneg`:
  [MeasurableSpace Ω]
consider restructuring your `variable` declarations so that the variables are not in scope or explicitly omit them:
  omit [MeasurableSpace Ω] in theorem ...

Note: This linter can be disabled with `set_option linter.unusedSectionVars false`
warning: LogdetLean/GramHafnian/ShiftedAnticoncentration/Wishart/PreservedSMeasureExtension.lean:44:0: automatically included section variable(s) unused in theorem `LogdetLean.GramHafnian.Wishart.commonAbsoluteShift_add_right_nonneg`:
  [MeasurableSpace Ω]
consider restructuring your `variable` declarations so that the variables are not in scope or explicitly omit them:
  omit [MeasurableSpace Ω] in theorem ...

Note: This linter can be disabled with `set_option linter.unusedSectionVars false`
warning: LogdetLean/GramHafnian/ShiftedAnticoncentration/Wishart/PreservedSMeasureExtension.lean:75:8: automatically included section variable(s) unused in theorem `_private.LogdetLean.GramHafnian.ShiftedAnticoncentration.Wishart.PreservedSMeasureExtension.0.LogdetLean.GramHafnian.Wishart.integral_positiveCoordinateMeasure`:
  [TopologicalSpace X]
  [T2Space X]
  [BorelSpace X]
  [LocallyCompactSpace X]
  [TopologicalSpace.PseudoMetrizableSpace X]
  [SigmaCompactSpace X]
consider restructuring your `variable` declarations so that the variables are not in scope or explicitly omit them:
  omit [TopologicalSpace
  X] [T2Space
  X] [BorelSpace
  X] [LocallyCompactSpace X] [TopologicalSpace.PseudoMetrizableSpace X] [SigmaCompactSpace X] in theorem ...

Note: This linter can be disabled with `set_option linter.unusedSectionVars false`
warning: LogdetLean/GramHafnian/ShiftedAnticoncentration/Wishart/PreservedSMeasureExtension.lean:128:2: Try this: 
  letI̵

The goal is a proposition, so `let` is preferred over `letI`.
The difference between `let` and `letI` is that `letI` inlines the value.
But this is not relevant for proofs because of proof irrelevance.

Note: This linter can be disabled with `set_option linter.style.haveILetI false`
warning: LogdetLean/GramHafnian/ShiftedAnticoncentration/Wishart/PreservedSMeasureExtension.lean:131:2: Try this: 
  letI̵

The goal is a proposition, so `let` is preferred over `letI`.
The difference between `let` and `letI` is that `letI` inlines the value.
But this is not relevant for proofs because of proof irrelevance.

Note: This linter can be disabled with `set_option linter.style.haveILetI false`
warning: LogdetLean/GramHafnian/ShiftedAnticoncentration/Wishart/PreservedSMeasureExtension.lean:134:2: Try this: 
  letI̵

The goal is a proposition, so `let` is preferred over `letI`.
The difference between `let` and `letI` is that `letI` inlines the value.
But this is not relevant for proofs because of proof irrelevance.

Note: This linter can be disabled with `set_option linter.style.haveILetI false`
warning: LogdetLean/GramHafnian/ShiftedAnticoncentration/Wishart/PreservedSMeasureExtension.lean:137:2: Try this: 
  letI̵

The goal is a proposition, so `let` is preferred over `letI`.
The difference between `let` and `letI` is that `letI` inlines the value.
But this is not relevant for proofs because of proof irrelevance.

Note: This linter can be disabled with `set_option linter.style.haveILetI false`
⚠ [8944/9350] Replayed LogdetLean.GramHafnian.ShiftedAnticoncentration.Wishart.BoundedPreservedSScore
warning: LogdetLean/GramHafnian/ShiftedAnticoncentration/Wishart/BoundedPreservedSScore.lean:139:36: Variable name `hD` is not explicitly referenced.

Hint: The binding can be removed (if unused) or named `_` (if used implicitly). Alternatively, prefix the name with `_` to silence this warning:
  [apply] _hD

Note: This linter can be disabled with `set_option linter.unusedVariables false`
⚠ [8948/9350] Replayed LogdetLean.GramHafnian.ShiftedAnticoncentration.Wishart.RegularizedInverseMomentLimit
warning: LogdetLean/GramHafnian/ShiftedAnticoncentration/Wishart/RegularizedInverseMomentLimit.lean:34:5: Variable name `hV` is not explicitly referenced.

Hint: The binding can be removed (if unused) or named `_` (if used implicitly). Alternatively, prefix the name with `_` to silence this warning:
  [apply] _hV

Note: This linter can be disabled with `set_option linter.unusedVariables false`
⚠ [8949/9350] Replayed LogdetLean.GramHafnian.ShiftedAnticoncentration.Wishart.LiteralRegularizedLimit
warning: LogdetLean/GramHafnian/ShiftedAnticoncentration/Wishart/LiteralRegularizedLimit.lean:64:50: This simp argument is unused:
  Matrix.smul_apply

Hint: Omit it from the simp argument list.
  [apply] simp only [Matrix.inv_def, Ring.inverse_eq_inv, smul_eq_mul]

Note: This linter can be disabled with `set_option linter.unusedSimpArgs false`
warning: LogdetLean/GramHafnian/ShiftedAnticoncentration/Wishart/LiteralRegularizedLimit.lean:65:4: This simp argument is unused:
  smul_eq_mul

Hint: Omit it from the simp argument list.
  [apply] simp only [Matrix.inv_def, Ring.inverse_eq_inv, Matrix.smul_apply]

Note: This linter can be disabled with `set_option linter.unusedSimpArgs false`
warning: LogdetLean/GramHafnian/ShiftedAnticoncentration/Wishart/LiteralRegularizedLimit.lean:152:66: Used `tac1 <;> tac2` where `(tac1; tac2)` would suffice

Note: This linter can be disabled with `set_option linter.unnecessarySeqFocus false`
warning: LogdetLean/GramHafnian/ShiftedAnticoncentration/Wishart/LiteralRegularizedLimit.lean:153:14: Used `tac1 <;> tac2` where `(tac1; tac2)` would suffice

Note: This linter can be disabled with `set_option linter.unnecessarySeqFocus false`
ℹ [8956/9350] Replayed LogdetLean.GramHafnian.UltimateHiding.Sparse.H19FiberwiseMeasureTransport
info: LogdetLean/GramHafnian/UltimateHiding/Sparse/H19FiberwiseMeasureTransport.lean:63:0: 'LogdetLean.GramHafnian.UltimateHiding.Sparse.map_prod_fiberwise_withDensity' depends on axioms: [propext,
 Classical.choice,
 Quot.sound]
⚠ [8957/9351] Built LogdetLean.GramHafnian.UltimateHiding.HaarGaussianMatrixLaws (15s)
warning: LogdetLean/GramHafnian/UltimateHiding/HaarGaussianMatrixLaws.lean:174:2: Try this: 
  letI̵

The goal is a proposition, so `let` is preferred over `letI`.
The difference between `let` and `letI` is that `letI` inlines the value.
But this is not relevant for proofs because of proof irrelevance.

Note: This linter can be disabled with `set_option linter.style.haveILetI false`
warning: LogdetLean/GramHafnian/UltimateHiding/HaarGaussianMatrixLaws.lean:205:2: Try this: 
  letI̵

The goal is a proposition, so `let` is preferred over `letI`.
The difference between `let` and `letI` is that `letI` inlines the value.
But this is not relevant for proofs because of proof irrelevance.

Note: This linter can be disabled with `set_option linter.style.haveILetI false`
ℹ [8958/9351] Built LogdetLean.GramHafnian.UltimateHiding.Sparse.Scheffe (1.0s)
info: LogdetLean/GramHafnian/UltimateHiding/Sparse/Scheffe.lean:87:56: Try this:
  [apply] ring_nf
  
  The `ring` tactic failed to close the goal. Use `ring_nf` to obtain a normal form.
    
  Note that `ring` works primarily in *commutative* rings. If you have a noncommutative ring, abelian group or module, consider using `noncomm_ring`, `abel` or `module` instead.
info: LogdetLean/GramHafnian/UltimateHiding/Sparse/Scheffe.lean:87:56: Try this:
  [apply] ring_nf
  
  The `ring` tactic failed to close the goal. Use `ring_nf` to obtain a normal form.
    
  Note that `ring` works primarily in *commutative* rings. If you have a noncommutative ring, abelian group or module, consider using `noncomm_ring`, `abel` or `module` instead.
✔ [8959/9351] Built LogdetLean.GramHafnian.UltimateHiding.Dense.BetaTailConcrete (4.7s)
✔ [8960/9351] Built LogdetLean.GramHafnian.UltimateHiding.Dense.TelescopingFrom (2.3s)
✔ [8961/9352] Built LogdetLean.GramHafnian.LocalAnticoncentration.CoreEquations (3.0s)
✔ [8962/9352] Built LogdetLean.GramHafnian.UltimateHiding.Dense.GLUnitaryGelfandAtoms (3.4s)
✔ [8963/9352] Built LogdetLean.GramHafnian.UltimateHiding.Basic (3.9s)
⚠ [8964/9352] Built LogdetLean.GramHafnian.UltimateHiding.Sparse.HaarBlockLaw (3.9s)
warning: LogdetLean/GramHafnian/UltimateHiding/Sparse/HaarBlockLaw.lean:46:2: Try this: 
  letI̵

The goal is a proposition, so `let` is preferred over `letI`.
The difference between `let` and `letI` is that `letI` inlines the value.
But this is not relevant for proofs because of proof irrelevance.

Note: This linter can be disabled with `set_option linter.style.haveILetI false`
warning: LogdetLean/GramHafnian/UltimateHiding/Sparse/HaarBlockLaw.lean:47:2: Try this: 
  letI̵

The goal is a proposition, so `let` is preferred over `letI`.
The difference between `let` and `letI` is that `letI` inlines the value.
But this is not relevant for proofs because of proof irrelevance.

Note: This linter can be disabled with `set_option linter.style.haveILetI false`
warning: LogdetLean/GramHafnian/UltimateHiding/Sparse/HaarBlockLaw.lean:98:2: Try this: 
  letI̵

The goal is a proposition, so `let` is preferred over `letI`.
The difference between `let` and `letI` is that `letI` inlines the value.
But this is not relevant for proofs because of proof irrelevance.

Note: This linter can be disabled with `set_option linter.style.haveILetI false`
warning: LogdetLean/GramHafnian/UltimateHiding/Sparse/HaarBlockLaw.lean:191:2: Try this: 
  letI̵

The goal is a proposition, so `let` is preferred over `letI`.
The difference between `let` and `letI` is that `letI` inlines the value.
But this is not relevant for proofs because of proof irrelevance.

Note: This linter can be disabled with `set_option linter.style.haveILetI false`
warning: LogdetLean/GramHafnian/UltimateHiding/Sparse/HaarBlockLaw.lean:193:2: Try this: 
  letI̵

The goal is a proposition, so `let` is preferred over `letI`.
The difference between `let` and `letI` is that `letI` inlines the value.
But this is not relevant for proofs because of proof irrelevance.

Note: This linter can be disabled with `set_option linter.style.haveILetI false`
✔ [8965/9352] Built LogdetLean.GramHafnian.UltimateHiding.Dense.BetaLogMomentExternal (4.3s)
⚠ [8966/9352] Built LogdetLean.GramHafnian.UltimateHiding.DenseLocalStep.OneStepBridge (4.3s)
warning: LogdetLean/GramHafnian/UltimateHiding/DenseLocalStep/OneStepBridge.lean:416:2: Try this: 
  letI̵

The goal is a proposition, so `let` is preferred over `letI`.
The difference between `let` and `letI` is that `letI` inlines the value.
But this is not relevant for proofs because of proof irrelevance.

Note: This linter can be disabled with `set_option linter.style.haveILetI false`
⚠ [8967/9352] Built LogdetLean.GramHafnian.UltimateHiding.Dense.GLUnitaryPolarInternal (4.6s)
warning: LogdetLean/GramHafnian/UltimateHiding/Dense/GLUnitaryPolarInternal.lean:43:10: This simp argument is unused:
  Matrix.one_apply

Hint: Omit it from the simp argument list.
  [apply] simp [Matrix.diagonal, hij]

Note: This linter can be disabled with `set_option linter.unusedSimpArgs false`
warning: LogdetLean/GramHafnian/UltimateHiding/Dense/GLUnitaryPolarInternal.lean:54:10: This simp argument is unused:
  Matrix.one_apply

Hint: Omit it from the simp argument list.
  [apply] simp [Matrix.diagonal, hij]

Note: This linter can be disabled with `set_option linter.unusedSimpArgs false`
warning: LogdetLean/GramHafnian/UltimateHiding/Dense/GLUnitaryPolarInternal.lean:152:28: try 'simp' instead of 'simpa'

Note: This linter can be disabled with `set_option linter.unnecessarySimpa false`
warning: LogdetLean/GramHafnian/UltimateHiding/Dense/GLUnitaryPolarInternal.lean:165:28: try 'simp' instead of 'simpa'

Note: This linter can be disabled with `set_option linter.unnecessarySimpa false`
warning: LogdetLean/GramHafnian/UltimateHiding/Dense/GLUnitaryPolarInternal.lean:104:31: This simp argument is unused:
  RCLike.ofReal_eq_complex_ofReal

Hint: Omit it from the simp argument list.
  [apply] simp [Function.comp_def]

Note: This linter can be disabled with `set_option linter.unusedSimpArgs false`
⚠ [8968/9356] Built LogdetLean.GramHafnian.UltimateHiding.SquaredStitch (4.1s)
warning: LogdetLean/GramHafnian/UltimateHiding/SquaredStitch.lean:74:4: Try this: 
  letI̵

The goal is a proposition, so `let` is preferred over `letI`.
The difference between `let` and `letI` is that `letI` inlines the value.
But this is not relevant for proofs because of proof irrelevance.

Note: This linter can be disabled with `set_option linter.style.haveILetI false`
✔ [8969/9356] Built LogdetLean.GramHafnian.LocalAnticoncentration.MixtureDensity (5.4s)
✔ [8970/9356] Built LogdetLean.GramHafnian.UltimateHiding.Normalized (3.9s)
✔ [8971/9357] Built LogdetLean.GramHafnian.UltimateHiding.Sparse.HaarBlockKL (3.8s)
⚠ [8972/9357] Built LogdetLean.GramHafnian.UltimateHiding.DenseLocalStep.CorrelatedOneStepBridge (3.9s)
warning: LogdetLean/GramHafnian/UltimateHiding/DenseLocalStep/CorrelatedOneStepBridge.lean:107:2: Try this: 
  letI̵

The goal is a proposition, so `let` is preferred over `letI`.
The difference between `let` and `letI` is that `letI` inlines the value.
But this is not relevant for proofs because of proof irrelevance.

Note: This linter can be disabled with `set_option linter.style.haveILetI false`
⚠ [8973/9357] Built LogdetLean.GramHafnian.UltimateHiding.Dense.BetaLogMomentsInternal (4.4s)
warning: LogdetLean/GramHafnian/UltimateHiding/Dense/BetaLogMomentsInternal.lean:246:2: Try this: 
  letI̵

The goal is a proposition, so `let` is preferred over `letI`.
The difference between `let` and `letI` is that `letI` inlines the value.
But this is not relevant for proofs because of proof irrelevance.

Note: This linter can be disabled with `set_option linter.style.haveILetI false`
⚠ [8974/9357] Built LogdetLean.GramHafnian.UltimateHiding.SquaredRegimeLift (3.9s)
warning: LogdetLean/GramHafnian/UltimateHiding/SquaredRegimeLift.lean:65:4: Try this: 
  letI̵

The goal is a proposition, so `let` is preferred over `letI`.
The difference between `let` and `letI` is that `letI` inlines the value.
But this is not relevant for proofs because of proof irrelevance.

Note: This linter can be disabled with `set_option linter.style.haveILetI false`
warning: LogdetLean/GramHafnian/UltimateHiding/SquaredRegimeLift.lean:95:4: Try this: 
  letI̵

The goal is a proposition, so `let` is preferred over `letI`.
The difference between `let` and `letI` is that `letI` inlines the value.
But this is not relevant for proofs because of proof irrelevance.

Note: This linter can be disabled with `set_option linter.style.haveILetI false`
✔ [8975/9378] Built LogdetLean.GramHafnian.UltimateHiding.Sparse.CircularGaussianDensityBasic (3.5s)
⚠ [8976/9378] Replayed LogdetLean.GramHafnian.UltimateHiding.DenseScore.H13_CombinedSharpScalarEnvelope
warning: LogdetLean/GramHafnian/UltimateHiding/DenseScore/H13_CombinedSharpScalarEnvelope.lean:210:6: Used `tac1 <;> tac2` where `(tac1; tac2)` would suffice

Note: This linter can be disabled with `set_option linter.unnecessarySeqFocus false`
✔ [8980/9378] Built LogdetLean.GramHafnian.UltimateHiding.Sparse.H19MatrixBetaDefinitions (3.8s)
⚠ [8981/9378] Built LogdetLean.GramHafnian.UltimateHiding.Dense.OneColumnConcrete (4.8s)
warning: LogdetLean/GramHafnian/UltimateHiding/Dense/OneColumnConcrete.lean:65:8: try 'simp' instead of 'simpa'

Note: This linter can be disabled with `set_option linter.unnecessarySimpa false`
⚠ [8982/9378] Built LogdetLean.GramHafnian.UltimateHiding.DenseLocalStep.BetaLogMomentAdapter (5.8s)
warning: LogdetLean/GramHafnian/UltimateHiding/DenseLocalStep/BetaLogMomentAdapter.lean:188:2: Try this: 
  letI̵

The goal is a proposition, so `let` is preferred over `letI`.
The difference between `let` and `letI` is that `letI` inlines the value.
But this is not relevant for proofs because of proof irrelevance.

Note: This linter can be disabled with `set_option linter.style.haveILetI false`
warning: LogdetLean/GramHafnian/UltimateHiding/DenseLocalStep/BetaLogMomentAdapter.lean:285:2: Try this: 
  letI̵

The goal is a proposition, so `let` is preferred over `letI`.
The difference between `let` and `letI` is that `letI` inlines the value.
But this is not relevant for proofs because of proof irrelevance.

Note: This linter can be disabled with `set_option linter.style.haveILetI false`
warning: LogdetLean/GramHafnian/UltimateHiding/DenseLocalStep/BetaLogMomentAdapter.lean:297:2: Try this: 
  letI̵

The goal is a proposition, so `let` is preferred over `letI`.
The difference between `let` and `letI` is that `letI` inlines the value.
But this is not relevant for proofs because of proof irrelevance.

Note: This linter can be disabled with `set_option linter.style.haveILetI false`
warning: LogdetLean/GramHafnian/UltimateHiding/DenseLocalStep/BetaLogMomentAdapter.lean:466:2: Try this: 
  letI̵

The goal is a proposition, so `let` is preferred over `letI`.
The difference between `let` and `letI` is that `letI` inlines the value.
But this is not relevant for proofs because of proof irrelevance.

Note: This linter can be disabled with `set_option linter.style.haveILetI false`
warning: LogdetLean/GramHafnian/UltimateHiding/DenseLocalStep/BetaLogMomentAdapter.lean:563:30: Variable name `hNK` is not explicitly referenced.

Hint: The binding can be removed (if unused) or named `_` (if used implicitly). Alternatively, prefix the name with `_` to silence this warning:
  [apply] _hNK

Note: This linter can be disabled with `set_option linter.unusedVariables false`
warning: LogdetLean/GramHafnian/UltimateHiding/DenseLocalStep/BetaLogMomentAdapter.lean:591:20: Used `tac1 <;> tac2` where `(tac1; tac2)` would suffice

Note: This linter can be disabled with `set_option linter.unnecessarySeqFocus false`
warning: LogdetLean/GramHafnian/UltimateHiding/DenseLocalStep/BetaLogMomentAdapter.lean:605:20: Used `tac1 <;> tac2` where `(tac1; tac2)` would suffice

Note: This linter can be disabled with `set_option linter.unnecessarySeqFocus false`
⚠ [8983/9378] Built LogdetLean.GramHafnian.UltimateHiding.Sparse.H19RawBranchBridge (4.3s)
warning: LogdetLean/GramHafnian/UltimateHiding/Sparse/H19RawBranchBridge.lean:83:2: Try this: 
  letI̵

The goal is a proposition, so `let` is preferred over `letI`.
The difference between `let` and `letI` is that `letI` inlines the value.
But this is not relevant for proofs because of proof irrelevance.

Note: This linter can be disabled with `set_option linter.style.haveILetI false`
warning: LogdetLean/GramHafnian/UltimateHiding/Sparse/H19RawBranchBridge.lean:85:2: Try this: 
  letI̵

The goal is a proposition, so `let` is preferred over `letI`.
The difference between `let` and `letI` is that `letI` inlines the value.
But this is not relevant for proofs because of proof irrelevance.

Note: This linter can be disabled with `set_option linter.style.haveILetI false`
✔ [8984/9378] Built LogdetLean.GramHafnian.UltimateHiding.Dense.H1_RowStiefelDefinitions (4.0s)
⚠ [8985/9378] Built LogdetLean.GramHafnian.UltimateHiding.Sparse.H19JiangRawDensity (5.2s)
warning: LogdetLean/GramHafnian/UltimateHiding/Sparse/H19JiangRawDensity.lean:87:2: Try this: 
  letI̵

The goal is a proposition, so `let` is preferred over `letI`.
The difference between `let` and `letI` is that `letI` inlines the value.
But this is not relevant for proofs because of proof irrelevance.

Note: This linter can be disabled with `set_option linter.style.haveILetI false`
warning: LogdetLean/GramHafnian/UltimateHiding/Sparse/H19JiangRawDensity.lean:95:2: Try this: 
  letI̵

The goal is a proposition, so `let` is preferred over `letI`.
The difference between `let` and `letI` is that `letI` inlines the value.
But this is not relevant for proofs because of proof irrelevance.

Note: This linter can be disabled with `set_option linter.style.haveILetI false`
warning: LogdetLean/GramHafnian/UltimateHiding/Sparse/H19JiangRawDensity.lean:98:2: Try this: 
  letI̵

The goal is a proposition, so `let` is preferred over `letI`.
The difference between `let` and `letI` is that `letI` inlines the value.
But this is not relevant for proofs because of proof irrelevance.

Note: This linter can be disabled with `set_option linter.style.haveILetI false`
warning: LogdetLean/GramHafnian/UltimateHiding/Sparse/H19JiangRawDensity.lean:298:2: Try this: 
  letI̵

The goal is a proposition, so `let` is preferred over `letI`.
The difference between `let` and `letI` is that `letI` inlines the value.
But this is not relevant for proofs because of proof irrelevance.

Note: This linter can be disabled with `set_option linter.style.haveILetI false`
warning: LogdetLean/GramHafnian/UltimateHiding/Sparse/H19JiangRawDensity.lean:300:2: Try this: 
  letI̵

The goal is a proposition, so `let` is preferred over `letI`.
The difference between `let` and `letI` is that `letI` inlines the value.
But this is not relevant for proofs because of proof irrelevance.

Note: This linter can be disabled with `set_option linter.style.haveILetI false`
warning: LogdetLean/GramHafnian/UltimateHiding/Sparse/H19JiangRawDensity.lean:302:2: Try this: 
  haveI̵

The goal is a proposition, so `have` is preferred over `haveI`.
The difference between `have` and `haveI` is that `haveI` inlines the value.
But this is not relevant for proofs because of proof irrelevance.

Note: This linter can be disabled with `set_option linter.style.haveILetI false`
warning: LogdetLean/GramHafnian/UltimateHiding/Sparse/H19JiangRawDensity.lean:305:2: Try this: 
  haveI̵

The goal is a proposition, so `have` is preferred over `haveI`.
The difference between `have` and `haveI` is that `haveI` inlines the value.
But this is not relevant for proofs because of proof irrelevance.

Note: This linter can be disabled with `set_option linter.style.haveILetI false`
warning: LogdetLean/GramHafnian/UltimateHiding/Sparse/H19JiangRawDensity.lean:325:2: Try this: 
  letI̵

The goal is a proposition, so `let` is preferred over `letI`.
The difference between `let` and `letI` is that `letI` inlines the value.
But this is not relevant for proofs because of proof irrelevance.

Note: This linter can be disabled with `set_option linter.style.haveILetI false`
warning: LogdetLean/GramHafnian/UltimateHiding/Sparse/H19JiangRawDensity.lean:327:2: Try this: 
  letI̵

The goal is a proposition, so `let` is preferred over `letI`.
The difference between `let` and `letI` is that `letI` inlines the value.
But this is not relevant for proofs because of proof irrelevance.

Note: This linter can be disabled with `set_option linter.style.haveILetI false`
warning: LogdetLean/GramHafnian/UltimateHiding/Sparse/H19JiangRawDensity.lean:329:2: Try this: 
  letI̵

The goal is a proposition, so `let` is preferred over `letI`.
The difference between `let` and `letI` is that `letI` inlines the value.
But this is not relevant for proofs because of proof irrelevance.

Note: This linter can be disabled with `set_option linter.style.haveILetI false`
warning: LogdetLean/GramHafnian/UltimateHiding/Sparse/H19JiangRawDensity.lean:332:2: Try this: 
  haveI̵

The goal is a proposition, so `have` is preferred over `haveI`.
The difference between `have` and `haveI` is that `haveI` inlines the value.
But this is not relevant for proofs because of proof irrelevance.

Note: This linter can be disabled with `set_option linter.style.haveILetI false`
warning: LogdetLean/GramHafnian/UltimateHiding/Sparse/H19JiangRawDensity.lean:334:2: Try this: 
  haveI̵

The goal is a proposition, so `have` is preferred over `haveI`.
The difference between `have` and `haveI` is that `haveI` inlines the value.
But this is not relevant for proofs because of proof irrelevance.

Note: This linter can be disabled with `set_option linter.style.haveILetI false`
warning: LogdetLean/GramHafnian/UltimateHiding/Sparse/H19JiangRawDensity.lean:389:29: This simp argument is unused:
  Matrix.star_eq_conjTranspose

Hint: Omit it from the simp argument list.
  [apply] simp [f, Function.comp_def, jiangUnscaledTallHaarCornerMatrix, topLeftUnitaryBlock]

Note: This linter can be disabled with `set_option linter.unusedSimpArgs false`
warning: LogdetLean/GramHafnian/UltimateHiding/Sparse/H19JiangRawDensity.lean:413:24: This simp argument is unused:
  Function.comp_def

Hint: Omit it from the simp argument list.
  [apply] simp [sTall, sWide, RCLike.star_def]

Note: This linter can be disabled with `set_option linter.unusedSimpArgs false`
warning: LogdetLean/GramHafnian/UltimateHiding/Sparse/H19JiangRawDensity.lean:427:15: This simp argument is unused:
  Function.comp_def

Hint: Omit it from the simp argument list.
  [apply] simp [sWide, sqrtScaledHaarBlockMatrix]

Note: This linter can be disabled with `set_option linter.unusedSimpArgs false`
✔ [8986/9378] Built LogdetLean.GramHafnian.UltimateHiding.Dense.H1_UnitarySphereAction (4.4s)
⚠ [8987/9378] Built LogdetLean.GramHafnian.UltimateHiding.Dense.H1_RowGramOrbit (4.9s)
warning: LogdetLean/GramHafnian/UltimateHiding/Dense/H1_RowGramOrbit.lean:257:2: Try this: 
  letI̵

The goal is a proposition, so `let` is preferred over `letI`.
The difference between `let` and `letI` is that `letI` inlines the value.
But this is not relevant for proofs because of proof irrelevance.

Note: This linter can be disabled with `set_option linter.style.haveILetI false`
warning: LogdetLean/GramHafnian/UltimateHiding/Dense/H1_RowGramOrbit.lean:285:2: Try this: 
  letI̵

The goal is a proposition, so `let` is preferred over `letI`.
The difference between `let` and `letI` is that `letI` inlines the value.
But this is not relevant for proofs because of proof irrelevance.

Note: This linter can be disabled with `set_option linter.style.haveILetI false`
warning: LogdetLean/GramHafnian/UltimateHiding/Dense/H1_RowGramOrbit.lean:322:2: Try this: 
  letI̵

The goal is a proposition, so `let` is preferred over `letI`.
The difference between `let` and `letI` is that `letI` inlines the value.
But this is not relevant for proofs because of proof irrelevance.

Note: This linter can be disabled with `set_option linter.style.haveILetI false`
✔ [8988/9378] Built LogdetLean.GramHafnian.UltimateHiding.Sparse.H19GaussianDensity (4.1s)
⚠ [8989/9378] Built LogdetLean.GramHafnian.UltimateHiding.Dense.H1_RowDeletionGramAlgebra (4.8s)
warning: LogdetLean/GramHafnian/UltimateHiding/Dense/H1_RowDeletionGramAlgebra.lean:277:42: This simp argument is unused:
  star_trivial

Hint: Omit it from the simp argument list.
  [apply] simp only [Matrix.conjTranspose_smul, Matrix.conjTranspose_add, Matrix.conjTranspose_one, hPstar,
    Complex.ofReal_re]

Note: This linter can be disabled with `set_option linter.unusedSimpArgs false`
warning: LogdetLean/GramHafnian/UltimateHiding/Dense/H1_RowDeletionGramAlgebra.lean:277:56: This simp argument is unused:
  Complex.ofReal_re

Hint: Omit it from the simp argument list.
  [apply] simp only [Matrix.conjTranspose_smul, Matrix.conjTranspose_add, Matrix.conjTranspose_one, hPstar,
    star_trivial]

Note: This linter can be disabled with `set_option linter.unusedSimpArgs false`
warning: LogdetLean/GramHafnian/UltimateHiding/Dense/H1_RowDeletionGramAlgebra.lean:300:60: This simp argument is unused:
  smul_smul

Hint: Omit it from the simp argument list.
  [apply] simp only [Matrix.add_mul, Matrix.mul_add, Matrix.one_mul, Matrix.mul_one, Matrix.smul_mul, Matrix.mul_smul,
    hPmul]

Note: This linter can be disabled with `set_option linter.unusedSimpArgs false`
✔ [8990/9378] Built LogdetLean.GramHafnian.UltimateHiding.Sparse.H19HaarCornerDensityInduction (5.1s)
✔ [8991/9378] Built LogdetLean.GramHafnian.UltimateHiding.Sparse.H19NormalizerLimit (5.0s)
⚠ [8992/9378] Built LogdetLean.GramHafnian.UltimateHiding.Dense.H1_RightInvariance (4.7s)
warning: LogdetLean/GramHafnian/UltimateHiding/Dense/H1_RightInvariance.lean:48:10: This simp argument is unused:
  Matrix.fromBlocks_multiply

Hint: Omit it from the simp argument list.
  [apply] simp [Matrix.mul_apply]

Note: This linter can be disabled with `set_option linter.unusedSimpArgs false`
warning: LogdetLean/GramHafnian/UltimateHiding/Dense/H1_RightInvariance.lean:160:2: Try this: 
  letI̵

The goal is a proposition, so `let` is preferred over `letI`.
The difference between `let` and `letI` is that `letI` inlines the value.
But this is not relevant for proofs because of proof irrelevance.

Note: This linter can be disabled with `set_option linter.style.haveILetI false`
warning: LogdetLean/GramHafnian/UltimateHiding/Dense/H1_RightInvariance.lean:162:2: Try this: 
  letI̵

The goal is a proposition, so `let` is preferred over `letI`.
The difference between `let` and `letI` is that `letI` inlines the value.
But this is not relevant for proofs because of proof irrelevance.

Note: This linter can be disabled with `set_option linter.style.haveILetI false`
warning: LogdetLean/GramHafnian/UltimateHiding/Dense/H1_RightInvariance.lean:164:2: Try this: 
  letI̵

The goal is a proposition, so `let` is preferred over `letI`.
The difference between `let` and `letI` is that `letI` inlines the value.
But this is not relevant for proofs because of proof irrelevance.

Note: This linter can be disabled with `set_option linter.style.haveILetI false`
warning: LogdetLean/GramHafnian/UltimateHiding/Dense/H1_RightInvariance.lean:166:2: Try this: 
  haveI̵

The goal is a proposition, so `have` is preferred over `haveI`.
The difference between `have` and `haveI` is that `haveI` inlines the value.
But this is not relevant for proofs because of proof irrelevance.

Note: This linter can be disabled with `set_option linter.style.haveILetI false`
warning: LogdetLean/GramHafnian/UltimateHiding/Dense/H1_RightInvariance.lean:169:2: Try this: 
  letI̵

The goal is a proposition, so `let` is preferred over `letI`.
The difference between `let` and `letI` is that `letI` inlines the value.
But this is not relevant for proofs because of proof irrelevance.

Note: This linter can be disabled with `set_option linter.style.haveILetI false`
warning: LogdetLean/GramHafnian/UltimateHiding/Dense/H1_RightInvariance.lean:255:2: Try this: 
  letI̵

The goal is a proposition, so `let` is preferred over `letI`.
The difference between `let` and `letI` is that `letI` inlines the value.
But this is not relevant for proofs because of proof irrelevance.

Note: This linter can be disabled with `set_option linter.style.haveILetI false`
⚠ [8993/9379] Built LogdetLean.GramHafnian.UltimateHiding.Dense.H1_HaarLastColumnUniform (5.0s)
warning: LogdetLean/GramHafnian/UltimateHiding/Dense/H1_HaarLastColumnUniform.lean:180:2: Try this: 
  letI̵

The goal is a proposition, so `let` is preferred over `letI`.
The difference between `let` and `letI` is that `letI` inlines the value.
But this is not relevant for proofs because of proof irrelevance.

Note: This linter can be disabled with `set_option linter.style.haveILetI false`
warning: LogdetLean/GramHafnian/UltimateHiding/Dense/H1_HaarLastColumnUniform.lean:230:2: Try this: 
  letI̵

The goal is a proposition, so `let` is preferred over `letI`.
The difference between `let` and `letI` is that `letI` inlines the value.
But this is not relevant for proofs because of proof irrelevance.

Note: This linter can be disabled with `set_option linter.style.haveILetI false`
warning: LogdetLean/GramHafnian/UltimateHiding/Dense/H1_HaarLastColumnUniform.lean:300:2: Try this: 
  letI̵

The goal is a proposition, so `let` is preferred over `letI`.
The difference between `let` and `letI` is that `letI` inlines the value.
But this is not relevant for proofs because of proof irrelevance.

Note: This linter can be disabled with `set_option linter.style.haveILetI false`
warning: LogdetLean/GramHafnian/UltimateHiding/Dense/H1_HaarLastColumnUniform.lean:302:2: Try this: 
  letI̵

The goal is a proposition, so `let` is preferred over `letI`.
The difference between `let` and `letI` is that `letI` inlines the value.
But this is not relevant for proofs because of proof irrelevance.

Note: This linter can be disabled with `set_option linter.style.haveILetI false`
warning: LogdetLean/GramHafnian/UltimateHiding/Dense/H1_HaarLastColumnUniform.lean:304:2: Try this: 
  letI̵

The goal is a proposition, so `let` is preferred over `letI`.
The difference between `let` and `letI` is that `letI` inlines the value.
But this is not relevant for proofs because of proof irrelevance.

Note: This linter can be disabled with `set_option linter.style.haveILetI false`
warning: LogdetLean/GramHafnian/UltimateHiding/Dense/H1_HaarLastColumnUniform.lean:307:2: Try this: 
  letI̵

The goal is a proposition, so `let` is preferred over `letI`.
The difference between `let` and `letI` is that `letI` inlines the value.
But this is not relevant for proofs because of proof irrelevance.

Note: This linter can be disabled with `set_option linter.style.haveILetI false`
⚠ [8994/9468] Built LogdetLean.GramHafnian.UltimateHiding.Dense.H1_OrbitMeasureIdentification (4.0s)
warning: LogdetLean/GramHafnian/UltimateHiding/Dense/H1_OrbitMeasureIdentification.lean:46:2: Try this: 
  letI̵

The goal is a proposition, so `let` is preferred over `letI`.
The difference between `let` and `letI` is that `letI` inlines the value.
But this is not relevant for proofs because of proof irrelevance.

Note: This linter can be disabled with `set_option linter.style.haveILetI false`
warning: LogdetLean/GramHafnian/UltimateHiding/Dense/H1_OrbitMeasureIdentification.lean:48:2: Try this: 
  letI̵

The goal is a proposition, so `let` is preferred over `letI`.
The difference between `let` and `letI` is that `letI` inlines the value.
But this is not relevant for proofs because of proof irrelevance.

Note: This linter can be disabled with `set_option linter.style.haveILetI false`
⚠ [9025/9468] Replayed LogdetLean.NullRegimeAsymptotics
warning: LogdetLean/NullRegimeAsymptotics.lean:125:25: Used `tac1 <;> tac2` where `(tac1; tac2)` would suffice

Note: This linter can be disabled with `set_option linter.unnecessarySeqFocus false`
warning: LogdetLean/NullRegimeAsymptotics.lean:140:25: Used `tac1 <;> tac2` where `(tac1; tac2)` would suffice

Note: This linter can be disabled with `set_option linter.unnecessarySeqFocus false`
warning: LogdetLean/NullRegimeAsymptotics.lean:142:25: Used `tac1 <;> tac2` where `(tac1; tac2)` would suffice

Note: This linter can be disabled with `set_option linter.unnecessarySeqFocus false`
warning: LogdetLean/NullRegimeAsymptotics.lean:311:29: try 'simp' instead of 'simpa'

Note: This linter can be disabled with `set_option linter.unnecessarySimpa false`
warning: LogdetLean/NullRegimeAsymptotics.lean:329:28: Used `tac1 <;> tac2` where `(tac1; tac2)` would suffice

Note: This linter can be disabled with `set_option linter.unnecessarySeqFocus false`
warning: LogdetLean/NullRegimeAsymptotics.lean:332:28: Used `tac1 <;> tac2` where `(tac1; tac2)` would suffice

Note: This linter can be disabled with `set_option linter.unnecessarySeqFocus false`
warning: LogdetLean/NullRegimeAsymptotics.lean:356:41: This simp argument is unused:
  Nat.cast_zero

Hint: Omit it from the simp argument list.
  [apply] simp only [Nat.cast_add, Nat.cast_one, add_zero]

Note: This linter can be disabled with `set_option linter.unusedSimpArgs false`
warning: LogdetLean/NullRegimeAsymptotics.lean:360:10: Used `tac1 <;> tac2` where `(tac1; tac2)` would suffice

Note: This linter can be disabled with `set_option linter.unnecessarySeqFocus false`
warning: LogdetLean/NullRegimeAsymptotics.lean:431:28: Used `tac1 <;> tac2` where `(tac1; tac2)` would suffice

Note: This linter can be disabled with `set_option linter.unnecessarySeqFocus false`
warning: LogdetLean/NullRegimeAsymptotics.lean:435:28: Used `tac1 <;> tac2` where `(tac1; tac2)` would suffice

Note: This linter can be disabled with `set_option linter.unnecessarySeqFocus false`
warning: LogdetLean/NullRegimeAsymptotics.lean:558:27: This simp argument is unused:
  pow_one

Hint: Omit it from the simp argument list.
  [apply] simp only [nsmul_eq_mul]

Note: This linter can be disabled with `set_option linter.unusedSimpArgs false`
warning: LogdetLean/NullRegimeAsymptotics.lean:575:10: Used `tac1 <;> tac2` where `(tac1; tac2)` would suffice

Note: This linter can be disabled with `set_option linter.unnecessarySeqFocus false`
warning: LogdetLean/NullRegimeAsymptotics.lean:925:72: Used `tac1 <;> tac2` where `(tac1; tac2)` would suffice

Note: This linter can be disabled with `set_option linter.unnecessarySeqFocus false`
warning: LogdetLean/NullRegimeAsymptotics.lean:926:72: Used `tac1 <;> tac2` where `(tac1; tac2)` would suffice

Note: This linter can be disabled with `set_option linter.unnecessarySeqFocus false`
⚠ [9026/9468] Replayed LogdetLean.ElementaryNormalization
warning: LogdetLean/ElementaryNormalization.lean:1011:20: Unused tactic linter: `norm_num only [Nat.cast_add, Nat.cast_one]` does nothing

Note: This linter can be disabled with `set_option linter.unusedTactic false`
⚠ [9027/9468] Replayed LogdetLean.ElementaryVarianceRatio
warning: LogdetLean/ElementaryVarianceRatio.lean:331:49: Unused tactic linter: `nlinarith` does nothing

Note: This linter can be disabled with `set_option linter.unusedTactic false`
warning: LogdetLean/ElementaryVarianceRatio.lean:331:49: this tactic is never executed

Note: This linter can be disabled with `set_option linter.unreachableTactic false`
warning: LogdetLean/ElementaryVarianceRatio.lean:329:45: Used `tac1 <;> tac2` where `(tac1; tac2)` would suffice

Note: This linter can be disabled with `set_option linter.unnecessarySeqFocus false`
warning: LogdetLean/ElementaryVarianceRatio.lean:369:5: Variable name `hGapP` is not explicitly referenced.

Hint: The binding can be removed (if unused) or named `_` (if used implicitly). Alternatively, prefix the name with `_` to silence this warning:
  [apply] _hGapP

Note: This linter can be disabled with `set_option linter.unusedVariables false`
warning: LogdetLean/ElementaryVarianceRatio.lean:515:36: Used `tac1 <;> tac2` where `(tac1; tac2)` would suffice

Note: This linter can be disabled with `set_option linter.unnecessarySeqFocus false`
warning: LogdetLean/ElementaryVarianceRatio.lean:558:17: Used `tac1 <;> tac2` where `(tac1; tac2)` would suffice

Note: This linter can be disabled with `set_option linter.unnecessarySeqFocus false`
⚠ [9075/9468] Built LogdetLean.GramHafnian.UltimateHiding.Sparse.H19DensityLimit (4.9s)
warning: LogdetLean/GramHafnian/UltimateHiding/Sparse/H19DensityLimit.lean:46:42: This simp argument is unused:
  Matrix.mul_smul

Hint: Omit it from the simp argument list.
  [apply] simp [Matrix.mul_sub, Matrix.sub_mul, Matrix.smul_mul, mul_assoc, Unitary.coe_mul_star_self]

Note: This linter can be disabled with `set_option linter.unusedSimpArgs false`
warning: LogdetLean/GramHafnian/UltimateHiding/Sparse/H19DensityLimit.lean:47:6: This simp argument is unused:
  Matrix.smul_mul

Hint: Omit it from the simp argument list.
  [apply] simp [Matrix.mul_sub, Matrix.sub_mul, Matrix.mul_smul, mul_assoc, Unitary.coe_mul_star_self]

Note: This linter can be disabled with `set_option linter.unusedSimpArgs false`
warning: LogdetLean/GramHafnian/UltimateHiding/Sparse/H19DensityLimit.lean:47:34: This simp argument is unused:
  Unitary.coe_mul_star_self

Hint: Omit it from the simp argument list.
  [apply] simp [Matrix.mul_sub, Matrix.sub_mul, Matrix.mul_smul, Matrix.smul_mul, mul_assoc]

Note: This linter can be disabled with `set_option linter.unusedSimpArgs false`
warning: LogdetLean/GramHafnian/UltimateHiding/Sparse/H19DensityLimit.lean:54:18: This simp argument is unused:
  Matrix.one_apply

Hint: Omit it from the simp argument list.
  [apply] simp [D, r, hij, Function.comp_def]

Note: This linter can be disabled with `set_option linter.unusedSimpArgs false`
warning: LogdetLean/GramHafnian/UltimateHiding/Sparse/H19DensityLimit.lean:150:6: This simp argument is unused:
  ENNReal.ofReal_mul hjac

Hint: Omit it from the simp argument list.
  [apply] simp [jiangSqrtScaledTallHaarCornerPDF, jiangUnscaledTallHaarCornerPDF, jiangSqrtScaledTallHaarCornerRealPDF,
    hsupport]

Note: This linter can be disabled with `set_option linter.unusedSimpArgs false`
warning: LogdetLean/GramHafnian/UltimateHiding/Sparse/H19DensityLimit.lean:244:2: Try this: 
  letI̵

The goal is a proposition, so `let` is preferred over `letI`.
The difference between `let` and `letI` is that `letI` inlines the value.
But this is not relevant for proofs because of proof irrelevance.

Note: This linter can be disabled with `set_option linter.style.haveILetI false`
warning: LogdetLean/GramHafnian/UltimateHiding/Sparse/H19DensityLimit.lean:246:2: Try this: 
  haveI̵

The goal is a proposition, so `have` is preferred over `haveI`.
The difference between `have` and `haveI` is that `haveI` inlines the value.
But this is not relevant for proofs because of proof irrelevance.

Note: This linter can be disabled with `set_option linter.style.haveILetI false`
warning: LogdetLean/GramHafnian/UltimateHiding/Sparse/H19DensityLimit.lean:286:4: try 'simp' instead of 'simpa'

Note: This linter can be disabled with `set_option linter.unnecessarySimpa false`
warning: LogdetLean/GramHafnian/UltimateHiding/Sparse/H19DensityLimit.lean:283:16: This simp argument is unused:
  Nat.cast_ofNat

Hint: Omit it from the simp argument list.
  [apply] simp only [A, Complex.natCast_re]

Note: This linter can be disabled with `set_option linter.unusedSimpArgs false`
warning: LogdetLean/GramHafnian/UltimateHiding/Sparse/H19DensityLimit.lean:283:32: This simp argument is unused:
  Complex.natCast_re

Hint: Omit it from the simp argument list.
  [apply] simp only [A, Nat.cast_ofNat]

Note: This linter can be disabled with `set_option linter.unusedSimpArgs false`
⚠ [9077/9468] Built LogdetLean.GramHafnian.UltimateHiding.Sparse.H19HaarSuffixBlock (6.4s)
warning: LogdetLean/GramHafnian/UltimateHiding/Sparse/H19HaarSuffixBlock.lean:204:11: This simp argument is unused:
  Matrix.one_apply

Hint: Omit it from the simp argument list.
  [apply] simp [e]

Note: This linter can be disabled with `set_option linter.unusedSimpArgs false`
warning: LogdetLean/GramHafnian/UltimateHiding/Sparse/H19HaarSuffixBlock.lean:264:2: Try this: 
  letI̵

The goal is a proposition, so `let` is preferred over `letI`.
The difference between `let` and `letI` is that `letI` inlines the value.
But this is not relevant for proofs because of proof irrelevance.

Note: This linter can be disabled with `set_option linter.style.haveILetI false`
warning: LogdetLean/GramHafnian/UltimateHiding/Sparse/H19HaarSuffixBlock.lean:266:2: Try this: 
  letI̵

The goal is a proposition, so `let` is preferred over `letI`.
The difference between `let` and `letI` is that `letI` inlines the value.
But this is not relevant for proofs because of proof irrelevance.

Note: This linter can be disabled with `set_option linter.style.haveILetI false`
⚠ [9078/9470] Replayed LogdetLean.ElementaryNormalizationCLT
warning: LogdetLean/ElementaryNormalizationCLT.lean:37:13: Variable name `hx0` is not explicitly referenced.

Hint: The binding can be removed (if unused) or named `_` (if used implicitly). Alternatively, prefix the name with `_` to silence this warning:
  [apply] _hx0

Note: This linter can be disabled with `set_option linter.unusedVariables false`
warning: LogdetLean/ElementaryNormalizationCLT.lean:414:30: Used `tac1 <;> tac2` where `(tac1; tac2)` would suffice

Note: This linter can be disabled with `set_option linter.unnecessarySeqFocus false`
warning: LogdetLean/ElementaryNormalizationCLT.lean:664:15: Variable name `h` is not explicitly referenced.

Hint: The binding can be removed (if unused) or named `_` (if used implicitly). Alternatively, prefix the name with `_` to silence this warning:
  [apply] _h

Note: This linter can be disabled with `set_option linter.unusedVariables false`
warning: LogdetLean/ElementaryNormalizationCLT.lean:664:36: Variable name `hstrict` is not explicitly referenced.

Hint: The binding can be removed (if unused) or named `_` (if used implicitly). Alternatively, prefix the name with `_` to silence this warning:
  [apply] _hstrict

Note: This linter can be disabled with `set_option linter.unusedVariables false`
✔ [9079/9470] Built LogdetLean.GramHafnian.UltimateHiding.SquaredNormalized (4.7s)
⚠ [9080/9472] Built LogdetLean.GramHafnian.UltimateHiding.Dense.H1_OneColumnParameter (8.8s)
warning: LogdetLean/GramHafnian/UltimateHiding/Dense/H1_OneColumnParameter.lean:80:38: This simp argument is unused:
  h1TopComplexCoord

Hint: Omit it from the simp argument list.
  [apply] simp only [h1TopComplexLinearEquiv, PiLp.inner_apply, RCLike.inner_apply, Submodule.coe_inner]

Note: This linter can be disabled with `set_option linter.unusedSimpArgs false`
warning: LogdetLean/GramHafnian/UltimateHiding/Dense/H1_OneColumnParameter.lean:124:10: This simp argument is unused:
  Metric.mem_sphere

Hint: Omit it from the simp argument list.
  [apply] simp

Note: This linter can be disabled with `set_option linter.unusedSimpArgs false`
warning: LogdetLean/GramHafnian/UltimateHiding/Dense/H1_OneColumnParameter.lean:240:2: Try this: 
  letI̵

The goal is a proposition, so `let` is preferred over `letI`.
The difference between `let` and `letI` is that `letI` inlines the value.
But this is not relevant for proofs because of proof irrelevance.

Note: This linter can be disabled with `set_option linter.style.haveILetI false`
warning: LogdetLean/GramHafnian/UltimateHiding/Dense/H1_OneColumnParameter.lean:269:2: Try this: 
  letI̵

The goal is a proposition, so `let` is preferred over `letI`.
The difference between `let` and `letI` is that `letI` inlines the value.
But this is not relevant for proofs because of proof irrelevance.

Note: This linter can be disabled with `set_option linter.style.haveILetI false`
warning: LogdetLean/GramHafnian/UltimateHiding/Dense/H1_OneColumnParameter.lean:580:2: Try this: 
  letI̵

The goal is a proposition, so `let` is preferred over `letI`.
The difference between `let` and `letI` is that `letI` inlines the value.
But this is not relevant for proofs because of proof irrelevance.

Note: This linter can be disabled with `set_option linter.style.haveILetI false`
⚠ [9082/9474] Built LogdetLean.GramHafnian.UltimateHiding.Sparse.H19HaarCornerSupportInterior (4.3s)
warning: LogdetLean/GramHafnian/UltimateHiding/Sparse/H19HaarCornerSupportInterior.lean:37:4: Try this: 
  letI̵

The goal is a proposition, so `let` is preferred over `letI`.
The difference between `let` and `letI` is that `letI` inlines the value.
But this is not relevant for proofs because of proof irrelevance.

Note: This linter can be disabled with `set_option linter.style.haveILetI false`
warning: LogdetLean/GramHafnian/UltimateHiding/Sparse/H19HaarCornerSupportInterior.lean:43:4: Try this: 
  letI̵

The goal is a proposition, so `let` is preferred over `letI`.
The difference between `let` and `letI` is that `letI` inlines the value.
But this is not relevant for proofs because of proof irrelevance.

Note: This linter can be disabled with `set_option linter.style.haveILetI false`
ℹ [9083/9474] Built LogdetLean.GramHafnian.UltimateHiding.Sparse.H19JiangDensityTransport (3.9s)
info: LogdetLean/GramHafnian/UltimateHiding/Sparse/H19JiangDensityTransport.lean:71:0: 'LogdetLean.GramHafnian.UltimateHiding.Sparse.jiangSqrtScaledTallHaarCornerLaw_eq_withDensity_of_unscaled' depends on axioms: [propext,
 Classical.choice,
 Quot.sound]
info: LogdetLean/GramHafnian/UltimateHiding/Sparse/H19JiangDensityTransport.lean:72:0: 'LogdetLean.GramHafnian.UltimateHiding.Sparse.jiangSqrtScaledTallHaarCornerLaw_eq_withDensity_ofReal_of_unscaled' depends on axioms: [propext,
 Classical.choice,
 Quot.sound]
✔ [9084/9474] Built LogdetLean.GramHafnian.UltimateHiding.RectangularHidingRate (1.5s)
✔ [9085/9475] Built LogdetLean.GramHafnian.UltimateHiding.Sparse.H19HaarCornerJointLaw (4.2s)
✔ [9086/9478] Built LogdetLean.GramHafnian.UltimateHiding.Dense.H1_HaarColumnParameter (3.9s)
ℹ [9087/9478] Replayed LogdetLean.GramHafnian.ThreePaper.FinitePanelLaws
info: LogdetLean/GramHafnian/ThreePaper/FinitePanelLaws.lean:164:0: 'LogdetLean.GramHafnian.ThreePaper.FinitePanelLaws.iid_product_factorization' depends on axioms: [propext,
 Classical.choice,
 Quot.sound]
info: LogdetLean/GramHafnian/ThreePaper/FinitePanelLaws.lean:165:0: 'LogdetLean.GramHafnian.ThreePaper.FinitePanelLaws.iid_max_cdf' depends on axioms: [propext,
 Classical.choice,
 Quot.sound]
info: LogdetLean/GramHafnian/ThreePaper/FinitePanelLaws.lean:166:0: 'LogdetLean.GramHafnian.ThreePaper.FinitePanelLaws.iid_threshold_count_binomial' depends on axioms: [propext,
 Classical.choice,
 Quot.sound]
ℹ [9088/9478] Built LogdetLean.GramHafnian.UltimateHiding.Sparse.H19HaarCornerWithDensityInduction (4.6s)
info: LogdetLean/GramHafnian/UltimateHiding/Sparse/H19HaarCornerWithDensityInduction.lean:536:0: 'LogdetLean.GramHafnian.UltimateHiding.Sparse.jiang_succ_normalizer_det_power_balance' depends on axioms: [propext,
 Classical.choice,
 Quot.sound]
info: LogdetLean/GramHafnian/UltimateHiding/Sparse/H19HaarCornerWithDensityInduction.lean:537:0: 'LogdetLean.GramHafnian.UltimateHiding.Sparse.map_prod_withDensity_of_measurableEquiv' depends on axioms: [propext,
 Classical.choice,
 Quot.sound]
info: LogdetLean/GramHafnian/UltimateHiding/Sparse/H19HaarCornerWithDensityInduction.lean:538:0: 'LogdetLean.GramHafnian.UltimateHiding.Sparse.jiangUnscaledTallHaarCorner_density_succ_of_appendSqrt_representation' depends on axioms: [propext,
 Classical.choice,
 Quot.sound]
⚠ [9089/9478] Replayed LogdetLean.GramHafnian.ThreePaper.GroupedIndependence
warning: LogdetLean/GramHafnian/ThreePaper/GroupedIndependence.lean:30:2: Try this: 
  letI̵

The goal is a proposition, so `let` is preferred over `letI`.
The difference between `let` and `letI` is that `letI` inlines the value.
But this is not relevant for proofs because of proof irrelevance.

Note: This linter can be disabled with `set_option linter.style.haveILetI false`
warning: LogdetLean/GramHafnian/ThreePaper/GroupedIndependence.lean:35:6: try 'simp' instead of 'simpa'

Note: This linter can be disabled with `set_option linter.unnecessarySimpa false`
info: LogdetLean/GramHafnian/ThreePaper/GroupedIndependence.lean:109:0: 'LogdetLean.GramHafnian.ThreePaper.GroupedIndependence.iIndepFun_grouped_finsets' depends on axioms: [propext,
 Classical.choice,
 Quot.sound]
⚠ [9090/9480] Built LogdetLean.GramHafnian.UltimateHiding.InverseGradientEndpoint (4.3s)
warning: LogdetLean/GramHafnian/UltimateHiding/InverseGradientEndpoint.lean:33:0: automatically included section variable(s) unused in theorem `LogdetLean.GramHafnian.MatrixLawEndpoints.hidingRealFrobeniusInner_eq_trace_transpose_mul`:
  [DecidableEq k]
  [DecidableEq m]
consider restructuring your `variable` declarations so that the variables are not in scope or explicitly omit them:
  omit [DecidableEq k] [DecidableEq m] in theorem ...

Note: This linter can be disabled with `set_option linter.unusedSectionVars false`
warning: LogdetLean/GramHafnian/UltimateHiding/InverseGradientEndpoint.lean:42:0: automatically included section variable(s) unused in theorem `LogdetLean.GramHafnian.MatrixLawEndpoints.hidingRealGram_inv_isSymm`:
  [DecidableEq k]
consider restructuring your `variable` declarations so that the variables are not in scope or explicitly omit them:
  omit [DecidableEq k] in theorem ...

Note: This linter can be disabled with `set_option linter.unusedSectionVars false`
⚠ [9091/9480] Built LogdetLean.GramHafnian.UltimateHiding.SquaredRateAlgebra (4.4s)
warning: LogdetLean/GramHafnian/UltimateHiding/SquaredRateAlgebra.lean:137:4: Try this: 
  letI̵

The goal is a proposition, so `let` is preferred over `letI`.
The difference between `let` and `letI` is that `letI` inlines the value.
But this is not relevant for proofs because of proof irrelevance.

Note: This linter can be disabled with `set_option linter.style.haveILetI false`
✔ [9092/9480] Built LogdetLean.GramHafnian.UltimateHiding.Sparse.H19HaarCornerConditionalOrbit (4.3s)
⚠ [9093/9480] Built LogdetLean.GramHafnian.UltimateHiding.Dense.H1_RowDeletionCoupling (4.6s)
warning: LogdetLean/GramHafnian/UltimateHiding/Dense/H1_RowDeletionCoupling.lean:47:2: Try this: 
  letI̵

The goal is a proposition, so `let` is preferred over `letI`.
The difference between `let` and `letI` is that `letI` inlines the value.
But this is not relevant for proofs because of proof irrelevance.

Note: This linter can be disabled with `set_option linter.style.haveILetI false`
warning: LogdetLean/GramHafnian/UltimateHiding/Dense/H1_RowDeletionCoupling.lean:49:2: Try this: 
  letI̵

The goal is a proposition, so `let` is preferred over `letI`.
The difference between `let` and `letI` is that `letI` inlines the value.
But this is not relevant for proofs because of proof irrelevance.

Note: This linter can be disabled with `set_option linter.style.haveILetI false`
warning: LogdetLean/GramHafnian/UltimateHiding/Dense/H1_RowDeletionCoupling.lean:90:2: Try this: 
  letI̵

The goal is a proposition, so `let` is preferred over `letI`.
The difference between `let` and `letI` is that `letI` inlines the value.
But this is not relevant for proofs because of proof irrelevance.

Note: This linter can be disabled with `set_option linter.style.haveILetI false`
⚠ [9094/9482] Built LogdetLean.GramHafnian.ThreePaper.FiniteMixtureTV (4.3s)
warning: LogdetLean/GramHafnian/ThreePaper/FiniteMixtureTV.lean:157:2: Try this: 
  letI̵

The goal is a proposition, so `let` is preferred over `letI`.
The difference between `let` and `letI` is that `letI` inlines the value.
But this is not relevant for proofs because of proof irrelevance.

Note: This linter can be disabled with `set_option linter.style.haveILetI false`
warning: LogdetLean/GramHafnian/ThreePaper/FiniteMixtureTV.lean:161:2: Try this: 
  letI̵

The goal is a proposition, so `let` is preferred over `letI`.
The difference between `let` and `letI` is that `letI` inlines the value.
But this is not relevant for proofs because of proof irrelevance.

Note: This linter can be disabled with `set_option linter.style.haveILetI false`
info: LogdetLean/GramHafnian/ThreePaper/FiniteMixtureTV.lean:176:0: 'LogdetLean.GramHafnian.ThreePaper.FiniteMixtureTV.probabilityTotalVariationLE_finiteMixture_const' depends on axioms: [propext,
 Classical.choice,
 Quot.sound]
info: LogdetLean/GramHafnian/ThreePaper/FiniteMixtureTV.lean:177:0: 'LogdetLean.GramHafnian.ThreePaper.FiniteMixtureTV.probabilityTotalVariationLE_taggedFiniteMixture_good_bad' depends on axioms: [propext,
 Classical.choice,
 Quot.sound]
⚠ [9095/9482] Replayed LogdetLean.GramHafnian.ThreePaper.OverlapGraphConcentration
warning: LogdetLean/GramHafnian/ThreePaper/OverlapGraphConcentration.lean:47:13: try 'simp' instead of 'simpa'

Note: This linter can be disabled with `set_option linter.unnecessarySimpa false`
warning: LogdetLean/GramHafnian/ThreePaper/OverlapGraphConcentration.lean:60:75: Used `tac1 <;> tac2` where `(tac1; tac2)` would suffice

Note: This linter can be disabled with `set_option linter.unnecessarySeqFocus false`
info: LogdetLean/GramHafnian/ThreePaper/OverlapGraphConcentration.lean:316:0: 'LogdetLean.GramHafnian.ThreePaper.OverlapGraphConcentration.colored_centered_sum_subgaussian' depends on axioms: [propext,
 Classical.choice,
 Quot.sound]
info: LogdetLean/GramHafnian/ThreePaper/OverlapGraphConcentration.lean:317:0: 'LogdetLean.GramHafnian.ThreePaper.OverlapGraphConcentration.colored_hoeffding_two_sided_average' depends on axioms: [propext,
 Classical.choice,
 Quot.sound]
info: LogdetLean/GramHafnian/ThreePaper/OverlapGraphConcentration.lean:318:0: 'LogdetLean.GramHafnian.ThreePaper.OverlapGraphConcentration.colored_hoeffding_two_sided_average_maxDegree' depends on axioms: [propext,
 Classical.choice,
 Quot.sound]
⚠ [9096/9495] Built LogdetLean.GramHafnian.UltimateHiding.Sparse.H19HaarCornerSupportFactorization (4.4s)
warning: LogdetLean/GramHafnian/UltimateHiding/Sparse/H19HaarCornerSupportFactorization.lean:32:4: Try this: 
  letI̵

The goal is a proposition, so `let` is preferred over `letI`.
The difference between `let` and `letI` is that `letI` inlines the value.
But this is not relevant for proofs because of proof irrelevance.

Note: This linter can be disabled with `set_option linter.style.haveILetI false`
warning: LogdetLean/GramHafnian/UltimateHiding/Sparse/H19HaarCornerSupportFactorization.lean:38:4: Try this: 
  letI̵

The goal is a proposition, so `let` is preferred over `letI`.
The difference between `let` and `letI` is that `letI` inlines the value.
But this is not relevant for proofs because of proof irrelevance.

Note: This linter can be disabled with `set_option linter.style.haveILetI false`
warning: LogdetLean/GramHafnian/UltimateHiding/Sparse/H19HaarCornerSupportFactorization.lean:56:6: This simp argument is unused:
  Fin.isValue

Hint: Omit it from the simp argument list.
  [apply] simp only [Matrix.sub_apply, Matrix.one_apply, Matrix.mul_apply, Matrix.conjTranspose_apply, c,
    complexColumnMatrix_apply, if_true, Matrix.diagonal_apply_eq]

Note: This linter can be disabled with `set_option linter.unusedSimpArgs false`
✔ [9103/9495] Built LogdetLean.GramHafnian.UltimateHiding.Dense.H1_ColumnParameterAlgebra (6.0s)
✔ [9104/9520] Built LogdetLean.GramHafnian.UltimateHiding.Sparse.H19HaarCornerSqrtMeasurable (4.4s)
✔ [9105/9520] Built LogdetLean.GramHafnian.ShiftedAnticoncentration.Experimental.GaussianPolar.PiCircularDensity (4.1s)
⚠ [9108/9520] Replayed LogdetLean.GramHafnian.ShiftedAnticoncentration.Experimental.WickAngularLowerBound.ScalarFiniteRange
warning: LogdetLean/GramHafnian/ShiftedAnticoncentration/Experimental/WickAngularLowerBound/ScalarFiniteRange.lean:174:2: exponent 334 exceeds the threshold 256, exponentiation operation was not evaluated, use `set_option exponentiation.threshold <num>` to set a new threshold
warning: LogdetLean/GramHafnian/ShiftedAnticoncentration/Experimental/WickAngularLowerBound/ScalarFiniteRange.lean:183:8: exponent 334 exceeds the threshold 256, exponentiation operation was not evaluated, use `set_option exponentiation.threshold <num>` to set a new threshold
warning: LogdetLean/GramHafnian/ShiftedAnticoncentration/Experimental/WickAngularLowerBound/ScalarFiniteRange.lean:190:41: Variable name `hk` is not explicitly referenced.

Hint: The binding can be removed (if unused) or named `_` (if used implicitly). Alternatively, prefix the name with `_` to silence this warning:
  [apply] _hk

Note: This linter can be disabled with `set_option linter.unusedVariables false`
warning: LogdetLean/GramHafnian/ShiftedAnticoncentration/Experimental/WickAngularLowerBound/ScalarFiniteRange.lean:241:2: exponent 1000 exceeds the threshold 256, exponentiation operation was not evaluated, use `set_option exponentiation.threshold <num>` to set a new threshold
warning: LogdetLean/GramHafnian/ShiftedAnticoncentration/Experimental/WickAngularLowerBound/ScalarFiniteRange.lean:256:2: exponent 1000 exceeds the threshold 256, exponentiation operation was not evaluated, use `set_option exponentiation.threshold <num>` to set a new threshold
warning: LogdetLean/GramHafnian/ShiftedAnticoncentration/Experimental/WickAngularLowerBound/ScalarFiniteRange.lean:270:2: exponent 1000 exceeds the threshold 256, exponentiation operation was not evaluated, use `set_option exponentiation.threshold <num>` to set a new threshold
warning: LogdetLean/GramHafnian/ShiftedAnticoncentration/Experimental/WickAngularLowerBound/ScalarFiniteRange.lean:477:2: exponent 1002 exceeds the threshold 256, exponentiation operation was not evaluated, use `set_option exponentiation.threshold <num>` to set a new threshold
warning: LogdetLean/GramHafnian/ShiftedAnticoncentration/Experimental/WickAngularLowerBound/ScalarFiniteRange.lean:490:2: exponent 1005 exceeds the threshold 256, exponentiation operation was not evaluated, use `set_option exponentiation.threshold <num>` to set a new threshold
⚠ [9117/9520] Built LogdetLean.GramHafnian.LocalAnticoncentration.LocalSharpness (4.5s)
warning: LogdetLean/GramHafnian/LocalAnticoncentration/LocalSharpness.lean:179:13: `Set.mem_setOf_eq` has been deprecated: Use `Set.mem_ofPred_eq` instead
✔ [9118/9520] Built LogdetLean.GramHafnian.UltimateHiding.Dense.H1_RowStiefelDisintegration (3.8s)
⚠ [9119/9523] Built LogdetLean.GramHafnian.ShiftedAnticoncentration.Experimental.GaussianPolar.EuclideanCircularDensity (4.5s)
warning: LogdetLean/GramHafnian/ShiftedAnticoncentration/Experimental/GaussianPolar/EuclideanCircularDensity.lean:49:15: This simp argument is unused:
  norm_neg

Hint: Omit it from the simp argument list.
  [apply] simp only [Finset.sum_neg_distrib]

Note: This linter can be disabled with `set_option linter.unusedSimpArgs false`
⚠ [9120/9523] Replayed LogdetLean.GramHafnian.SymmetricGaussianHafnian.Ensemble
warning: LogdetLean/GramHafnian/SymmetricGaussianHafnian/Ensemble.lean:126:4: try 'simp' instead of 'simpa'

Note: This linter can be disabled with `set_option linter.unnecessarySimpa false`
warning: LogdetLean/GramHafnian/SymmetricGaussianHafnian/Ensemble.lean:208:2: Try this: 
  letI̵

The goal is a proposition, so `let` is preferred over `letI`.
The difference between `let` and `letI` is that `letI` inlines the value.
But this is not relevant for proofs because of proof irrelevance.

Note: This linter can be disabled with `set_option linter.style.haveILetI false`
⚠ [9121/9523] Built LogdetLean.GramHafnian.ShiftedAnticoncentration.Experimental.SmallBallLocalFlatness.GramHafnianAdapter (5.0s)
warning: LogdetLean/GramHafnian/ShiftedAnticoncentration/Experimental/SmallBallLocalFlatness/GramHafnianAdapter.lean:231:24: Used `tac1 <;> tac2` where `(tac1; tac2)` would suffice

Note: This linter can be disabled with `set_option linter.unnecessarySeqFocus false`
⚠ [9122/9523] Replayed LogdetLean.GramHafnian.SymmetricGaussianHafnian.CofactorAlgebra
warning: LogdetLean/GramHafnian/SymmetricGaussianHafnian/CofactorAlgebra.lean:271:51: This simp argument is unused:
  mul_left_comm

Hint: Omit it from the simp argument list.
  [apply] simp [backgroundM, hb, ha.1, ha.2, mul_comm, mul_assoc]

Note: This linter can be disabled with `set_option linter.unusedSimpArgs false`
✔ [9124/9529] Built LogdetLean.GramHafnian.UltimateHiding.Dense.RowStiefelDeletionExternal (5.2s)
⚠ [9126/9531] Built LogdetLean.GramHafnian.LocalAnticoncentration.CoefficientEndpoints (7.7s)
info: LogdetLean/GramHafnian/LocalAnticoncentration/CoefficientEndpoints.lean:589:41: Try this:
  [apply] ring_nf
  
  The `ring` tactic failed to close the goal. Use `ring_nf` to obtain a normal form.
    
  Note that `ring` works primarily in *commutative* rings. If you have a noncommutative ring, abelian group or module, consider using `noncomm_ring`, `abel` or `module` instead.
warning: LogdetLean/GramHafnian/LocalAnticoncentration/CoefficientEndpoints.lean:793:28: Variable name `hD` is not explicitly referenced.

Hint: The binding can be removed (if unused) or named `_` (if used implicitly). Alternatively, prefix the name with `_` to silence this warning:
  [apply] _hD

Note: This linter can be disabled with `set_option linter.unusedVariables false`
warning: LogdetLean/GramHafnian/LocalAnticoncentration/CoefficientEndpoints.lean:1052:39: Used `tac1 <;> tac2` where `(tac1; tac2)` would suffice

Note: This linter can be disabled with `set_option linter.unnecessarySeqFocus false`
warning: LogdetLean/GramHafnian/LocalAnticoncentration/CoefficientEndpoints.lean:1117:6: Unused tactic linter: `push_cast` does nothing

Note: This linter can be disabled with `set_option linter.unusedTactic false`
warning: LogdetLean/GramHafnian/LocalAnticoncentration/CoefficientEndpoints.lean:1129:6: Unused tactic linter: `push_cast` does nothing

Note: This linter can be disabled with `set_option linter.unusedTactic false`
⚠ [9129/9531] Built LogdetLean.GramHafnian.ShiftedAnticoncentration.Experimental.GaussianPolar.CircularGaussianPolar (5.3s)
warning: LogdetLean/GramHafnian/ShiftedAnticoncentration/Experimental/GaussianPolar/CircularGaussianPolar.lean:21:36: Variable name `hf` is not explicitly referenced.

Hint: The binding can be removed (if unused) or named `_` (if used implicitly). Alternatively, prefix the name with `_` to silence this warning:
  [apply] _hf

Note: This linter can be disabled with `set_option linter.unusedVariables false`
warning: LogdetLean/GramHafnian/ShiftedAnticoncentration/Experimental/GaussianPolar/CircularGaussianPolar.lean:58:4: try 'simp' instead of 'simpa'

Note: This linter can be disabled with `set_option linter.unnecessarySimpa false`
warning: LogdetLean/GramHafnian/ShiftedAnticoncentration/Experimental/GaussianPolar/CircularGaussianPolar.lean:48:13: Variable name `hk` is not explicitly referenced.

Hint: The binding can be removed (if unused) or named `_` (if used implicitly). Alternatively, prefix the name with `_` to silence this warning:
  [apply] _hk

Note: This linter can be disabled with `set_option linter.unusedVariables false`
warning: LogdetLean/GramHafnian/ShiftedAnticoncentration/Experimental/GaussianPolar/CircularGaussianPolar.lean:131:2: Try this: 
  letI̵

The goal is a proposition, so `let` is preferred over `letI`.
The difference between `let` and `letI` is that `letI` inlines the value.
But this is not relevant for proofs because of proof irrelevance.

Note: This linter can be disabled with `set_option linter.style.haveILetI false`
warning: LogdetLean/GramHafnian/ShiftedAnticoncentration/Experimental/GaussianPolar/CircularGaussianPolar.lean:132:2: Try this: 
  letI̵

The goal is a proposition, so `let` is preferred over `letI`.
The difference between `let` and `letI` is that `letI` inlines the value.
But this is not relevant for proofs because of proof irrelevance.

Note: This linter can be disabled with `set_option linter.style.haveILetI false`
warning: LogdetLean/GramHafnian/ShiftedAnticoncentration/Experimental/GaussianPolar/CircularGaussianPolar.lean:157:2: Try this: 
  letI̵

The goal is a proposition, so `let` is preferred over `letI`.
The difference between `let` and `letI` is that `letI` inlines the value.
But this is not relevant for proofs because of proof irrelevance.

Note: This linter can be disabled with `set_option linter.style.haveILetI false`
warning: LogdetLean/GramHafnian/ShiftedAnticoncentration/Experimental/GaussianPolar/CircularGaussianPolar.lean:158:2: Try this: 
  letI̵

The goal is a proposition, so `let` is preferred over `letI`.
The difference between `let` and `letI` is that `letI` inlines the value.
But this is not relevant for proofs because of proof irrelevance.

Note: This linter can be disabled with `set_option linter.style.haveILetI false`
warning: LogdetLean/GramHafnian/ShiftedAnticoncentration/Experimental/GaussianPolar/CircularGaussianPolar.lean:162:2: Try this: 
  letI̵

The goal is a proposition, so `let` is preferred over `letI`.
The difference between `let` and `letI` is that `letI` inlines the value.
But this is not relevant for proofs because of proof irrelevance.

Note: This linter can be disabled with `set_option linter.style.haveILetI false`
warning: LogdetLean/GramHafnian/ShiftedAnticoncentration/Experimental/GaussianPolar/CircularGaussianPolar.lean:165:2: Try this: 
  letI̵

The goal is a proposition, so `let` is preferred over `letI`.
The difference between `let` and `letI` is that `letI` inlines the value.
But this is not relevant for proofs because of proof irrelevance.

Note: This linter can be disabled with `set_option linter.style.haveILetI false`
⚠ [9130/9531] Built LogdetLean.GramHafnian.ShiftedAnticoncentration.Experimental.ConditionalInverseDensity.Endpoints (5.0s)
warning: LogdetLean/GramHafnian/ShiftedAnticoncentration/Experimental/ConditionalInverseDensity/Endpoints.lean:428:13: `Set.mem_setOf_eq` has been deprecated: Use `Set.mem_ofPred_eq` instead
✔ [9133/9531] Built LogdetLean.GramHafnian.UltimateHiding.Dense.HaarRecursionFromRowStiefel (5.1s)
⚠ [9135/9537] Built LogdetLean.GramHafnian.LocalAnticoncentration.CoefficientPaperEndpoints (6.7s)
warning: LogdetLean/GramHafnian/LocalAnticoncentration/CoefficientPaperEndpoints.lean:271:6: Unused tactic linter: `push_cast at hkR` does nothing

Note: This linter can be disabled with `set_option linter.unusedTactic false`
warning: LogdetLean/GramHafnian/LocalAnticoncentration/CoefficientPaperEndpoints.lean:390:28: This simp argument is unused:
  hn

Hint: Omit it from the simp argument list.
  [apply] simp [Nat.card_Icc]

Note: This linter can be disabled with `set_option linter.unusedSimpArgs false`
info: LogdetLean/GramHafnian/LocalAnticoncentration/CoefficientPaperEndpoints.lean:499:8: Try this:
  [apply] ring_nf
  
  The `ring` tactic failed to close the goal. Use `ring_nf` to obtain a normal form.
    
  Note that `ring` works primarily in *commutative* rings. If you have a noncommutative ring, abelian group or module, consider using `noncomm_ring`, `abel` or `module` instead.
warning: LogdetLean/GramHafnian/LocalAnticoncentration/CoefficientPaperEndpoints.lean:498:8: Unused tactic linter: `push_cast` does nothing

Note: This linter can be disabled with `set_option linter.unusedTactic false`
⚠ [9137/9539] Built LogdetLean.GramHafnian.SymmetricGaussianHafnian.CircularGaussianAnderson (4.0s)
warning: LogdetLean/GramHafnian/SymmetricGaussianHafnian/CircularGaussianAnderson.lean:44:31: `Set.mem_diff` has been deprecated: Use `Set.mem_sdiff` instead
warning: LogdetLean/GramHafnian/SymmetricGaussianHafnian/CircularGaussianAnderson.lean:117:23: `MeasureTheory.measure_inter_add_diff` has been deprecated: Use `MeasureTheory.measure_inter_add_sdiff` instead
warning: LogdetLean/GramHafnian/SymmetricGaussianHafnian/CircularGaussianAnderson.lean:119:24: `MeasureTheory.measure_inter_add_diff` has been deprecated: Use `MeasureTheory.measure_inter_add_sdiff` instead
warning: LogdetLean/GramHafnian/SymmetricGaussianHafnian/CircularGaussianAnderson.lean:152:36: `Set.mem_setOf_eq` has been deprecated: Use `Set.mem_ofPred_eq` instead
warning: LogdetLean/GramHafnian/SymmetricGaussianHafnian/CircularGaussianAnderson.lean:161:35: `Set.mem_setOf_eq` has been deprecated: Use `Set.mem_ofPred_eq` instead
warning: LogdetLean/GramHafnian/SymmetricGaussianHafnian/CircularGaussianAnderson.lean:176:35: `Set.mem_setOf_eq` has been deprecated: Use `Set.mem_ofPred_eq` instead
warning: LogdetLean/GramHafnian/SymmetricGaussianHafnian/CircularGaussianAnderson.lean:152:26: This simp argument is unused:
  zero_add

Hint: Omit it from the simp argument list.
  [apply] simp only [zero_smul, Set.mem_setOf_eq]

Note: This linter can be disabled with `set_option linter.unusedSimpArgs false`
warning: LogdetLean/GramHafnian/SymmetricGaussianHafnian/CircularGaussianAnderson.lean:152:36: This simp argument is unused:
  Set.mem_setOf_eq

Hint: Omit it from the simp argument list.
  [apply] simp only [zero_smul, zero_add]

Note: This linter can be disabled with `set_option linter.unusedSimpArgs false`
✔ [9139/9543] Built LogdetLean.GramHafnian.UltimateHiding.Dense.HaarRecursionExternal (4.1s)
⚠ [9142/9543] Built LogdetLean.GramHafnian.ShiftedAnticoncentration.Experimental.GaussianPolar.CircularGaussianPolarGamma (4.7s)
warning: LogdetLean/GramHafnian/ShiftedAnticoncentration/Experimental/GaussianPolar/CircularGaussianPolarGamma.lean:27:2: Try this: 
  letI̵

The goal is a proposition, so `let` is preferred over `letI`.
The difference between `let` and `letI` is that `letI` inlines the value.
But this is not relevant for proofs because of proof irrelevance.

Note: This linter can be disabled with `set_option linter.style.haveILetI false`
warning: LogdetLean/GramHafnian/ShiftedAnticoncentration/Experimental/GaussianPolar/CircularGaussianPolarGamma.lean:28:2: Try this: 
  letI̵

The goal is a proposition, so `let` is preferred over `letI`.
The difference between `let` and `letI` is that `letI` inlines the value.
But this is not relevant for proofs because of proof irrelevance.

Note: This linter can be disabled with `set_option linter.style.haveILetI false`
warning: LogdetLean/GramHafnian/ShiftedAnticoncentration/Experimental/GaussianPolar/CircularGaussianPolarGamma.lean:29:2: Try this: 
  letI̵

The goal is a proposition, so `let` is preferred over `letI`.
The difference between `let` and `letI` is that `letI` inlines the value.
But this is not relevant for proofs because of proof irrelevance.

Note: This linter can be disabled with `set_option linter.style.haveILetI false`
warning: LogdetLean/GramHafnian/ShiftedAnticoncentration/Experimental/GaussianPolar/CircularGaussianPolarGamma.lean:46:2: Try this: 
  letI̵

The goal is a proposition, so `let` is preferred over `letI`.
The difference between `let` and `letI` is that `letI` inlines the value.
But this is not relevant for proofs because of proof irrelevance.

Note: This linter can be disabled with `set_option linter.style.haveILetI false`
warning: LogdetLean/GramHafnian/ShiftedAnticoncentration/Experimental/GaussianPolar/CircularGaussianPolarGamma.lean:49:2: Try this: 
  letI̵

The goal is a proposition, so `let` is preferred over `letI`.
The difference between `let` and `letI` is that `letI` inlines the value.
But this is not relevant for proofs because of proof irrelevance.

Note: This linter can be disabled with `set_option linter.style.haveILetI false`
⚠ [9145/9545] Built LogdetLean.GramHafnian.SymmetricGaussianHafnian.GaussianPerturbationBall (4.2s)
warning: LogdetLean/GramHafnian/SymmetricGaussianHafnian/GaussianPerturbationBall.lean:51:33: `Set.mem_setOf_eq` has been deprecated: Use `Set.mem_ofPred_eq` instead
warning: LogdetLean/GramHafnian/SymmetricGaussianHafnian/GaussianPerturbationBall.lean:127:31: `Set.mem_setOf_eq` has been deprecated: Use `Set.mem_ofPred_eq` instead
✔ [9146/9545] Built LogdetLean.GramHafnian.ShiftedAnticoncentration.IndependentFactorShiftPaperEndpoint (4.7s)
✔ [9150/9547] Built LogdetLean.GramHafnian.ShiftedAnticoncentration.Experimental.GaussianPolar.GaussianPolar (3.8s)
✔ [9152/9551] Built LogdetLean.GramHafnian.UltimateHiding.Dense.RadialConcrete (4.3s)
✔ [9153/9552] Built LogdetLean.GramHafnian.ShiftedAnticoncentration.Experimental.GaussianPolar.PositiveRadiusMoments (4.5s)
✔ [9154/9552] Built LogdetLean.GramHafnian.SymmetricGaussianLimit.Parameters (4.4s)
⚠ [9155/9552] Replayed LogdetLean.GramHafnian.SymmetricGaussianLimit.FiniteDimensionalCLT
warning: LogdetLean/GramHafnian/SymmetricGaussianLimit/FiniteDimensionalCLT.lean:57:6: Try this: 
  letI̵

The goal is a proposition, so `let` is preferred over `letI`.
The difference between `let` and `letI` is that `letI` inlines the value.
But this is not relevant for proofs because of proof irrelevance.

Note: This linter can be disabled with `set_option linter.style.haveILetI false`
✔ [9156/9552] Built LogdetLean.GramHafnian.ShiftedAnticoncentration.Experimental.GaussianPolar.CircularGaussianPolarPi (4.3s)
✔ [9157/9552] Built LogdetLean.GramHafnian.SymmetricGaussianHafnian.GaussianPerturbationScaled (4.6s)
✔ [9158/9552] Built LogdetLean.GramHafnian.UltimateHiding.DenseScore.ProjectiveBilinearNormSq (3.9s)
⚠ [9159/9552] Built LogdetLean.GramHafnian.UltimateHiding.Dense.HaarAmbientCongruenceInvariance (4.4s)
warning: LogdetLean/GramHafnian/UltimateHiding/Dense/HaarAmbientCongruenceInvariance.lean:61:10: This simp argument is unused:
  Matrix.fromBlocks_multiply

Hint: Omit it from the simp argument list.
  [apply] simp [Matrix.mul_apply]

Note: This linter can be disabled with `set_option linter.unusedSimpArgs false`
warning: LogdetLean/GramHafnian/UltimateHiding/Dense/HaarAmbientCongruenceInvariance.lean:210:2: Try this: 
  letI̵

The goal is a proposition, so `let` is preferred over `letI`.
The difference between `let` and `letI` is that `letI` inlines the value.
But this is not relevant for proofs because of proof irrelevance.

Note: This linter can be disabled with `set_option linter.style.haveILetI false`
warning: LogdetLean/GramHafnian/UltimateHiding/Dense/HaarAmbientCongruenceInvariance.lean:211:2: Try this: 
  letI̵

The goal is a proposition, so `let` is preferred over `letI`.
The difference between `let` and `letI` is that `letI` inlines the value.
But this is not relevant for proofs because of proof irrelevance.

Note: This linter can be disabled with `set_option linter.style.haveILetI false`
✔ [9160/9553] Built LogdetLean.GramHafnian.UltimateHiding.Dense.ConcreteFactorUnitaryInvariance (4.9s)
⚠ [9161/9553] Built LogdetLean.GramHafnian.UltimateHiding.Dense.GLUnitaryCongruenceAdapter (5.6s)
warning: LogdetLean/GramHafnian/UltimateHiding/Dense/GLUnitaryCongruenceAdapter.lean:60:62: Used `tac1 <;> tac2` where `(tac1; tac2)` would suffice

Note: This linter can be disabled with `set_option linter.unnecessarySeqFocus false`
warning: LogdetLean/GramHafnian/UltimateHiding/Dense/GLUnitaryCongruenceAdapter.lean:289:2: Try this: 
  letI̵

The goal is a proposition, so `let` is preferred over `letI`.
The difference between `let` and `letI` is that `letI` inlines the value.
But this is not relevant for proofs because of proof irrelevance.

Note: This linter can be disabled with `set_option linter.style.haveILetI false`
warning: LogdetLean/GramHafnian/UltimateHiding/Dense/GLUnitaryCongruenceAdapter.lean:292:2: Try this: 
  letI̵

The goal is a proposition, so `let` is preferred over `letI`.
The difference between `let` and `letI` is that `letI` inlines the value.
But this is not relevant for proofs because of proof irrelevance.

Note: This linter can be disabled with `set_option linter.style.haveILetI false`
warning: LogdetLean/GramHafnian/UltimateHiding/Dense/GLUnitaryCongruenceAdapter.lean:294:2: Try this: 
  letI̵

The goal is a proposition, so `let` is preferred over `letI`.
The difference between `let` and `letI` is that `letI` inlines the value.
But this is not relevant for proofs because of proof irrelevance.

Note: This linter can be disabled with `set_option linter.style.haveILetI false`
warning: LogdetLean/GramHafnian/UltimateHiding/Dense/GLUnitaryCongruenceAdapter.lean:296:2: Try this: 
  haveI̵

The goal is a proposition, so `have` is preferred over `haveI`.
The difference between `have` and `haveI` is that `haveI` inlines the value.
But this is not relevant for proofs because of proof irrelevance.

Note: This linter can be disabled with `set_option linter.style.haveILetI false`
warning: LogdetLean/GramHafnian/UltimateHiding/Dense/GLUnitaryCongruenceAdapter.lean:299:2: Try this: 
  letI̵

The goal is a proposition, so `let` is preferred over `letI`.
The difference between `let` and `letI` is that `letI` inlines the value.
But this is not relevant for proofs because of proof irrelevance.

Note: This linter can be disabled with `set_option linter.style.haveILetI false`
warning: LogdetLean/GramHafnian/UltimateHiding/Dense/GLUnitaryCongruenceAdapter.lean:316:2: Try this: 
  letI̵

The goal is a proposition, so `let` is preferred over `letI`.
The difference between `let` and `letI` is that `letI` inlines the value.
But this is not relevant for proofs because of proof irrelevance.

Note: This linter can be disabled with `set_option linter.style.haveILetI false`
warning: LogdetLean/GramHafnian/UltimateHiding/Dense/GLUnitaryCongruenceAdapter.lean:319:2: Try this: 
  letI̵

The goal is a proposition, so `let` is preferred over `letI`.
The difference between `let` and `letI` is that `letI` inlines the value.
But this is not relevant for proofs because of proof irrelevance.

Note: This linter can be disabled with `set_option linter.style.haveILetI false`
warning: LogdetLean/GramHafnian/UltimateHiding/Dense/GLUnitaryCongruenceAdapter.lean:321:2: Try this: 
  letI̵

The goal is a proposition, so `let` is preferred over `letI`.
The difference between `let` and `letI` is that `letI` inlines the value.
But this is not relevant for proofs because of proof irrelevance.

Note: This linter can be disabled with `set_option linter.style.haveILetI false`
warning: LogdetLean/GramHafnian/UltimateHiding/Dense/GLUnitaryCongruenceAdapter.lean:323:2: Try this: 
  letI̵

The goal is a proposition, so `let` is preferred over `letI`.
The difference between `let` and `letI` is that `letI` inlines the value.
But this is not relevant for proofs because of proof irrelevance.

Note: This linter can be disabled with `set_option linter.style.haveILetI false`
warning: LogdetLean/GramHafnian/UltimateHiding/Dense/GLUnitaryCongruenceAdapter.lean:325:2: Try this: 
  haveI̵

The goal is a proposition, so `have` is preferred over `haveI`.
The difference between `have` and `haveI` is that `haveI` inlines the value.
But this is not relevant for proofs because of proof irrelevance.

Note: This linter can be disabled with `set_option linter.style.haveILetI false`
warning: LogdetLean/GramHafnian/UltimateHiding/Dense/GLUnitaryCongruenceAdapter.lean:327:2: Try this: 
  letI̵

The goal is a proposition, so `let` is preferred over `letI`.
The difference between `let` and `letI` is that `letI` inlines the value.
But this is not relevant for proofs because of proof irrelevance.

Note: This linter can be disabled with `set_option linter.style.haveILetI false`
warning: LogdetLean/GramHafnian/UltimateHiding/Dense/GLUnitaryCongruenceAdapter.lean:379:4: Try this: 
  letI̵

The goal is a proposition, so `let` is preferred over `letI`.
The difference between `let` and `letI` is that `letI` inlines the value.
But this is not relevant for proofs because of proof irrelevance.

Note: This linter can be disabled with `set_option linter.style.haveILetI false`
warning: LogdetLean/GramHafnian/UltimateHiding/Dense/GLUnitaryCongruenceAdapter.lean:633:2: Try this: 
  letI̵

The goal is a proposition, so `let` is preferred over `letI`.
The difference between `let` and `letI` is that `letI` inlines the value.
But this is not relevant for proofs because of proof irrelevance.

Note: This linter can be disabled with `set_option linter.style.haveILetI false`
warning: LogdetLean/GramHafnian/UltimateHiding/Dense/GLUnitaryCongruenceAdapter.lean:736:2: Try this: 
  letI̵

The goal is a proposition, so `let` is preferred over `letI`.
The difference between `let` and `letI` is that `letI` inlines the value.
But this is not relevant for proofs because of proof irrelevance.

Note: This linter can be disabled with `set_option linter.style.haveILetI false`
⚠ [9162/9553] Built LogdetLean.GramHafnian.UltimateHiding.Dense.OneColumnFactorSplit (4.4s)
info: LogdetLean/GramHafnian/UltimateHiding/Dense/OneColumnFactorSplit.lean:39:40: Try this:
  [apply] ring_nf
  
  The `ring` tactic failed to close the goal. Use `ring_nf` to obtain a normal form.
    
  Note that `ring` works primarily in *commutative* rings. If you have a noncommutative ring, abelian group or module, consider using `noncomm_ring`, `abel` or `module` instead.
warning: LogdetLean/GramHafnian/UltimateHiding/Dense/OneColumnFactorSplit.lean:39:36: Used `tac1 <;> tac2` where `(tac1; tac2)` would suffice

Note: This linter can be disabled with `set_option linter.unnecessarySeqFocus false`
✔ [9163/9553] Built LogdetLean.GramHafnian.UltimateHiding.DenseScore.ConcreteCOELawNormalization (4.2s)
✔ [9164/9553] Built LogdetLean.GramHafnian.LocalAnticoncentration.ConditionalOnVariance (4.3s)
✔ [9165/9557] Built LogdetLean.GramHafnian.SymmetricGaussianLimit.ExplicitFactor (4.7s)
✔ [9166/9557] Built LogdetLean.GramHafnian.SymmetricGaussianLimit.SmallBallTransfer (4.2s)
✔ [9167/9557] Built LogdetLean.GramHafnian.LocalAnticoncentration.RegularizedWishart (4.3s)
✔ [9168/9557] Built LogdetLean.GramHafnian.SymmetricGaussianHafnian.FullMatrix (4.2s)
⚠ [9169/9557] Built LogdetLean.GramHafnian.ShiftedAnticoncentration.Experimental.RadialLowerBound.LiteralEndpointAlt (4.9s)
warning: LogdetLean/GramHafnian/ShiftedAnticoncentration/Experimental/RadialLowerBound/LiteralEndpointAlt.lean:114:2: Try this: 
  letI̵

The goal is a proposition, so `let` is preferred over `letI`.
The difference between `let` and `letI` is that `letI` inlines the value.
But this is not relevant for proofs because of proof irrelevance.

Note: This linter can be disabled with `set_option linter.style.haveILetI false`
warning: LogdetLean/GramHafnian/ShiftedAnticoncentration/Experimental/RadialLowerBound/LiteralEndpointAlt.lean:117:2: Try this: 
  letI̵

The goal is a proposition, so `let` is preferred over `letI`.
The difference between `let` and `letI` is that `letI` inlines the value.
But this is not relevant for proofs because of proof irrelevance.

Note: This linter can be disabled with `set_option linter.style.haveILetI false`
warning: LogdetLean/GramHafnian/ShiftedAnticoncentration/Experimental/RadialLowerBound/LiteralEndpointAlt.lean:120:2: Try this: 
  letI̵

The goal is a proposition, so `let` is preferred over `letI`.
The difference between `let` and `letI` is that `letI` inlines the value.
But this is not relevant for proofs because of proof irrelevance.

Note: This linter can be disabled with `set_option linter.style.haveILetI false`
warning: LogdetLean/GramHafnian/ShiftedAnticoncentration/Experimental/RadialLowerBound/LiteralEndpointAlt.lean:123:2: Try this: 
  letI̵

The goal is a proposition, so `let` is preferred over `letI`.
The difference between `let` and `letI` is that `letI` inlines the value.
But this is not relevant for proofs because of proof irrelevance.

Note: This linter can be disabled with `set_option linter.style.haveILetI false`
warning: LogdetLean/GramHafnian/ShiftedAnticoncentration/Experimental/RadialLowerBound/LiteralEndpointAlt.lean:167:2: Try this: 
  letI̵

The goal is a proposition, so `let` is preferred over `letI`.
The difference between `let` and `letI` is that `letI` inlines the value.
But this is not relevant for proofs because of proof irrelevance.

Note: This linter can be disabled with `set_option linter.style.haveILetI false`
warning: LogdetLean/GramHafnian/ShiftedAnticoncentration/Experimental/RadialLowerBound/LiteralEndpointAlt.lean:179:2: Try this: 
  letI̵

The goal is a proposition, so `let` is preferred over `letI`.
The difference between `let` and `letI` is that `letI` inlines the value.
But this is not relevant for proofs because of proof irrelevance.

Note: This linter can be disabled with `set_option linter.style.haveILetI false`
warning: LogdetLean/GramHafnian/ShiftedAnticoncentration/Experimental/RadialLowerBound/LiteralEndpointAlt.lean:191:2: Try this: 
  letI̵

The goal is a proposition, so `let` is preferred over `letI`.
The difference between `let` and `letI` is that `letI` inlines the value.
But this is not relevant for proofs because of proof irrelevance.

Note: This linter can be disabled with `set_option linter.style.haveILetI false`
warning: LogdetLean/GramHafnian/ShiftedAnticoncentration/Experimental/RadialLowerBound/LiteralEndpointAlt.lean:206:2: Try this: 
  letI̵

The goal is a proposition, so `let` is preferred over `letI`.
The difference between `let` and `letI` is that `letI` inlines the value.
But this is not relevant for proofs because of proof irrelevance.

Note: This linter can be disabled with `set_option linter.style.haveILetI false`
warning: LogdetLean/GramHafnian/ShiftedAnticoncentration/Experimental/RadialLowerBound/LiteralEndpointAlt.lean:248:2: Try this: 
  letI̵

The goal is a proposition, so `let` is preferred over `letI`.
The difference between `let` and `letI` is that `letI` inlines the value.
But this is not relevant for proofs because of proof irrelevance.

Note: This linter can be disabled with `set_option linter.style.haveILetI false`
warning: LogdetLean/GramHafnian/ShiftedAnticoncentration/Experimental/RadialLowerBound/LiteralEndpointAlt.lean:251:2: Try this: 
  letI̵

The goal is a proposition, so `let` is preferred over `letI`.
The difference between `let` and `letI` is that `letI` inlines the value.
But this is not relevant for proofs because of proof irrelevance.

Note: This linter can be disabled with `set_option linter.style.haveILetI false`
warning: LogdetLean/GramHafnian/ShiftedAnticoncentration/Experimental/RadialLowerBound/LiteralEndpointAlt.lean:254:2: Try this: 
  letI̵

The goal is a proposition, so `let` is preferred over `letI`.
The difference between `let` and `letI` is that `letI` inlines the value.
But this is not relevant for proofs because of proof irrelevance.

Note: This linter can be disabled with `set_option linter.style.haveILetI false`
warning: LogdetLean/GramHafnian/ShiftedAnticoncentration/Experimental/RadialLowerBound/LiteralEndpointAlt.lean:257:2: Try this: 
  letI̵

The goal is a proposition, so `let` is preferred over `letI`.
The difference between `let` and `letI` is that `letI` inlines the value.
But this is not relevant for proofs because of proof irrelevance.

Note: This linter can be disabled with `set_option linter.style.haveILetI false`
warning: LogdetLean/GramHafnian/ShiftedAnticoncentration/Experimental/RadialLowerBound/LiteralEndpointAlt.lean:288:2: Try this: 
  letI̵

The goal is a proposition, so `let` is preferred over `letI`.
The difference between `let` and `letI` is that `letI` inlines the value.
But this is not relevant for proofs because of proof irrelevance.

Note: This linter can be disabled with `set_option linter.style.haveILetI false`
warning: LogdetLean/GramHafnian/ShiftedAnticoncentration/Experimental/RadialLowerBound/LiteralEndpointAlt.lean:291:2: Try this: 
  letI̵

The goal is a proposition, so `let` is preferred over `letI`.
The difference between `let` and `letI` is that `letI` inlines the value.
But this is not relevant for proofs because of proof irrelevance.

Note: This linter can be disabled with `set_option linter.style.haveILetI false`
warning: LogdetLean/GramHafnian/ShiftedAnticoncentration/Experimental/RadialLowerBound/LiteralEndpointAlt.lean:294:2: Try this: 
  letI̵

The goal is a proposition, so `let` is preferred over `letI`.
The difference between `let` and `letI` is that `letI` inlines the value.
But this is not relevant for proofs because of proof irrelevance.

Note: This linter can be disabled with `set_option linter.style.haveILetI false`
warning: LogdetLean/GramHafnian/ShiftedAnticoncentration/Experimental/RadialLowerBound/LiteralEndpointAlt.lean:297:2: Try this: 
  letI̵

The goal is a proposition, so `let` is preferred over `letI`.
The difference between `let` and `letI` is that `letI` inlines the value.
But this is not relevant for proofs because of proof irrelevance.

Note: This linter can be disabled with `set_option linter.style.haveILetI false`
warning: LogdetLean/GramHafnian/ShiftedAnticoncentration/Experimental/RadialLowerBound/LiteralEndpointAlt.lean:371:2: Try this: 
  letI̵

The goal is a proposition, so `let` is preferred over `letI`.
The difference between `let` and `letI` is that `letI` inlines the value.
But this is not relevant for proofs because of proof irrelevance.

Note: This linter can be disabled with `set_option linter.style.haveILetI false`
warning: LogdetLean/GramHafnian/ShiftedAnticoncentration/Experimental/RadialLowerBound/LiteralEndpointAlt.lean:374:2: Try this: 
  letI̵

The goal is a proposition, so `let` is preferred over `letI`.
The difference between `let` and `letI` is that `letI` inlines the value.
But this is not relevant for proofs because of proof irrelevance.

Note: This linter can be disabled with `set_option linter.style.haveILetI false`
warning: LogdetLean/GramHafnian/ShiftedAnticoncentration/Experimental/RadialLowerBound/LiteralEndpointAlt.lean:377:2: Try this: 
  letI̵

The goal is a proposition, so `let` is preferred over `letI`.
The difference between `let` and `letI` is that `letI` inlines the value.
But this is not relevant for proofs because of proof irrelevance.

Note: This linter can be disabled with `set_option linter.style.haveILetI false`
warning: LogdetLean/GramHafnian/ShiftedAnticoncentration/Experimental/RadialLowerBound/LiteralEndpointAlt.lean:380:2: Try this: 
  letI̵

The goal is a proposition, so `let` is preferred over `letI`.
The difference between `let` and `letI` is that `letI` inlines the value.
But this is not relevant for proofs because of proof irrelevance.

Note: This linter can be disabled with `set_option linter.style.haveILetI false`
warning: LogdetLean/GramHafnian/ShiftedAnticoncentration/Experimental/RadialLowerBound/LiteralEndpointAlt.lean:416:2: Try this: 
  letI̵

The goal is a proposition, so `let` is preferred over `letI`.
The difference between `let` and `letI` is that `letI` inlines the value.
But this is not relevant for proofs because of proof irrelevance.

Note: This linter can be disabled with `set_option linter.style.haveILetI false`
warning: LogdetLean/GramHafnian/ShiftedAnticoncentration/Experimental/RadialLowerBound/LiteralEndpointAlt.lean:419:2: Try this: 
  letI̵

The goal is a proposition, so `let` is preferred over `letI`.
The difference between `let` and `letI` is that `letI` inlines the value.
But this is not relevant for proofs because of proof irrelevance.

Note: This linter can be disabled with `set_option linter.style.haveILetI false`
⚠ [9170/9557] Built LogdetLean.GramHafnian.UltimateHiding.Dense.GLUnitaryConjugationAdapter (4.3s)
warning: LogdetLean/GramHafnian/UltimateHiding/Dense/GLUnitaryConjugationAdapter.lean:64:37: This simp argument is unused:
  Function.comp_def

Hint: Omit it from the simp argument list.
  [apply] simp [unitaryGLConjugation, u, mul_assoc]

Note: This linter can be disabled with `set_option linter.unusedSimpArgs false`
warning: LogdetLean/GramHafnian/UltimateHiding/Dense/GLUnitaryConjugationAdapter.lean:127:2: Try this: 
  letI̵

The goal is a proposition, so `let` is preferred over `letI`.
The difference between `let` and `letI` is that `letI` inlines the value.
But this is not relevant for proofs because of proof irrelevance.

Note: This linter can be disabled with `set_option linter.style.haveILetI false`
✔ [9171/9557] Built LogdetLean.GramHafnian.LocalAnticoncentration.DensitySupNorm (4.1s)
⚠ [9172/9557] Built LogdetLean.GramHafnian.UltimateHiding.Dense.CentralOneColumnCommutation (4.4s)
warning: LogdetLean/GramHafnian/UltimateHiding/Dense/CentralOneColumnCommutation.lean:56:8: This simp argument is unused:
  Matrix.mul_smul

Hint: Omit it from the simp argument list.
  [apply] simp [Matrix.smul_mul]

Note: This linter can be disabled with `set_option linter.unusedSimpArgs false`
warning: LogdetLean/GramHafnian/UltimateHiding/Dense/CentralOneColumnCommutation.lean:56:25: This simp argument is unused:
  Matrix.smul_mul

Hint: Omit it from the simp argument list.
  [apply] simp [Matrix.mul_smul]

Note: This linter can be disabled with `set_option linter.unusedSimpArgs false`
⚠ [9173/9559] Built LogdetLean.GramHafnian.UltimateHiding.DenseLocalStep.ConcreteCorrelatedPath (5.4s)
warning: LogdetLean/GramHafnian/UltimateHiding/DenseLocalStep/ConcreteCorrelatedPath.lean:67:6: Try `simp at hx` instead of `simpa using hx`

Note: This linter can be disabled with `set_option linter.unnecessarySimpa false`
warning: LogdetLean/GramHafnian/UltimateHiding/DenseLocalStep/ConcreteCorrelatedPath.lean:51:24: Variable name `hbad` is not explicitly referenced.

Hint: The binding can be removed (if unused) or named `_` (if used implicitly). Alternatively, prefix the name with `_` to silence this warning:
  [apply] _hbad

Note: This linter can be disabled with `set_option linter.unusedVariables false`
warning: LogdetLean/GramHafnian/UltimateHiding/DenseLocalStep/ConcreteCorrelatedPath.lean:114:2: Try this: 
  letI̵

The goal is a proposition, so `let` is preferred over `letI`.
The difference between `let` and `letI` is that `letI` inlines the value.
But this is not relevant for proofs because of proof irrelevance.

Note: This linter can be disabled with `set_option linter.style.haveILetI false`
warning: LogdetLean/GramHafnian/UltimateHiding/DenseLocalStep/ConcreteCorrelatedPath.lean:119:2: try 'simp' instead of 'simpa'

Note: This linter can be disabled with `set_option linter.unnecessarySimpa false`
warning: LogdetLean/GramHafnian/UltimateHiding/DenseLocalStep/ConcreteCorrelatedPath.lean:209:8: `ext` did not consume the patterns `i` and `j`

Note: This linter can be disabled with `set_option linter.unusedRCasesPattern false`
warning: LogdetLean/GramHafnian/UltimateHiding/DenseLocalStep/ConcreteCorrelatedPath.lean:260:2: Try this: 
  letI̵

The goal is a proposition, so `let` is preferred over `letI`.
The difference between `let` and `letI` is that `letI` inlines the value.
But this is not relevant for proofs because of proof irrelevance.

Note: This linter can be disabled with `set_option linter.style.haveILetI false`
warning: LogdetLean/GramHafnian/UltimateHiding/DenseLocalStep/ConcreteCorrelatedPath.lean:686:37: This simp argument is unused:
  mul_assoc

Hint: Omit it from the simp argument list.
  [apply] simp [concreteSharedBetaSourceLaw, mul_left_comm, mul_comm]

Note: This linter can be disabled with `set_option linter.unusedSimpArgs false`
warning: LogdetLean/GramHafnian/UltimateHiding/DenseLocalStep/ConcreteCorrelatedPath.lean:686:63: This simp argument is unused:
  mul_comm

Hint: Omit it from the simp argument list.
  [apply] simp [concreteSharedBetaSourceLaw, mul_assoc, mul_left_comm]

Note: This linter can be disabled with `set_option linter.unusedSimpArgs false`
warning: LogdetLean/GramHafnian/UltimateHiding/DenseLocalStep/ConcreteCorrelatedPath.lean:731:40: Variable name `hc0` is not explicitly referenced.

Hint: The binding can be removed (if unused) or named `_` (if used implicitly). Alternatively, prefix the name with `_` to silence this warning:
  [apply] _hc0

Note: This linter can be disabled with `set_option linter.unusedVariables false`
⚠ [9174/9564] Built LogdetLean.GramHafnian.UltimateHiding.DenseScore.ConcreteCOEStatistics (4.2s)
warning: LogdetLean/GramHafnian/UltimateHiding/DenseScore/ConcreteCOEStatistics.lean:34:5: Ambiguous namespace `Dense`: it is interpreted as `_root_.LogdetLean.GramHafnian.UltimateHiding.Dense` because this `open` occurs inside `namespace LogdetLean.GramHafnian.UltimateHiding.DenseScore`, while `_root_.Dense` is silently not opened. Specify the namespace unambiguously, e.g. `_root_.LogdetLean.GramHafnian.UltimateHiding.Dense`. The warning can sometimes also be addressed by moving the `open` outside of the surrounding `namespace`.

Note: This linter can be disabled with `set_option linter.ambiguousOpen false`
✔ [9175/9564] Built LogdetLean.GramHafnian.SymmetricGaussianLimit.ShiftedWeakLimit (4.6s)
⚠ [9176/9564] Built LogdetLean.GramHafnian.ShiftedAnticoncentration.Experimental.ConditionalInverseDensity.RadialAngular (4.0s)
warning: LogdetLean/GramHafnian/ShiftedAnticoncentration/Experimental/ConditionalInverseDensity/RadialAngular.lean:70:2: Try this: 
  letI̵

The goal is a proposition, so `let` is preferred over `letI`.
The difference between `let` and `letI` is that `letI` inlines the value.
But this is not relevant for proofs because of proof irrelevance.

Note: This linter can be disabled with `set_option linter.style.haveILetI false`
warning: LogdetLean/GramHafnian/ShiftedAnticoncentration/Experimental/ConditionalInverseDensity/RadialAngular.lean:73:2: Try this: 
  letI̵

The goal is a proposition, so `let` is preferred over `letI`.
The difference between `let` and `letI` is that `letI` inlines the value.
But this is not relevant for proofs because of proof irrelevance.

Note: This linter can be disabled with `set_option linter.style.haveILetI false`
warning: LogdetLean/GramHafnian/ShiftedAnticoncentration/Experimental/ConditionalInverseDensity/RadialAngular.lean:76:2: Try this: 
  letI̵

The goal is a proposition, so `let` is preferred over `letI`.
The difference between `let` and `letI` is that `letI` inlines the value.
But this is not relevant for proofs because of proof irrelevance.

Note: This linter can be disabled with `set_option linter.style.haveILetI false`
warning: LogdetLean/GramHafnian/ShiftedAnticoncentration/Experimental/ConditionalInverseDensity/RadialAngular.lean:79:2: Try this: 
  letI̵

The goal is a proposition, so `let` is preferred over `letI`.
The difference between `let` and `letI` is that `letI` inlines the value.
But this is not relevant for proofs because of proof irrelevance.

Note: This linter can be disabled with `set_option linter.style.haveILetI false`
warning: LogdetLean/GramHafnian/ShiftedAnticoncentration/Experimental/ConditionalInverseDensity/RadialAngular.lean:161:2: Try this: 
  letI̵

The goal is a proposition, so `let` is preferred over `letI`.
The difference between `let` and `letI` is that `letI` inlines the value.
But this is not relevant for proofs because of proof irrelevance.

Note: This linter can be disabled with `set_option linter.style.haveILetI false`
warning: LogdetLean/GramHafnian/ShiftedAnticoncentration/Experimental/ConditionalInverseDensity/RadialAngular.lean:164:2: Try this: 
  letI̵

The goal is a proposition, so `let` is preferred over `letI`.
The difference between `let` and `letI` is that `letI` inlines the value.
But this is not relevant for proofs because of proof irrelevance.

Note: This linter can be disabled with `set_option linter.style.haveILetI false`
⚠ [9177/9564] Built LogdetLean.GramHafnian.MatrixLawEndpoints.GenericPreservedCoordinateInverseVariance (5.8s)
warning: LogdetLean/GramHafnian/MatrixLawEndpoints/GenericPreservedCoordinateInverseVariance.lean:99:4: This simp argument is unused:
  Complex.ofReal_sum

Hint: Omit it from the simp argument list.
  [apply] simp [Complex.normSq_apply, ← Complex.normSq_eq_conj_mul_self]

Note: This linter can be disabled with `set_option linter.unusedSimpArgs false`
warning: LogdetLean/GramHafnian/MatrixLawEndpoints/GenericPreservedCoordinateInverseVariance.lean:577:50: This simp argument is unused:
  Matrix.smul_apply

Hint: Omit it from the simp argument list.
  [apply] simp only [Matrix.inv_def, Ring.inverse_eq_inv, smul_eq_mul]

Note: This linter can be disabled with `set_option linter.unusedSimpArgs false`
warning: LogdetLean/GramHafnian/MatrixLawEndpoints/GenericPreservedCoordinateInverseVariance.lean:578:4: This simp argument is unused:
  smul_eq_mul

Hint: Omit it from the simp argument list.
  [apply] simp only [Matrix.inv_def, Ring.inverse_eq_inv, Matrix.smul_apply]

Note: This linter can be disabled with `set_option linter.unusedSimpArgs false`
warning: LogdetLean/GramHafnian/MatrixLawEndpoints/GenericPreservedCoordinateInverseVariance.lean:716:66: Used `tac1 <;> tac2` where `(tac1; tac2)` would suffice

Note: This linter can be disabled with `set_option linter.unnecessarySeqFocus false`
warning: LogdetLean/GramHafnian/MatrixLawEndpoints/GenericPreservedCoordinateInverseVariance.lean:717:14: Used `tac1 <;> tac2` where `(tac1; tac2)` would suffice

Note: This linter can be disabled with `set_option linter.unnecessarySeqFocus false`
warning: LogdetLean/GramHafnian/MatrixLawEndpoints/GenericPreservedCoordinateInverseVariance.lean:727:47: Used `tac1 <;> tac2` where `(tac1; tac2)` would suffice

Note: This linter can be disabled with `set_option linter.unnecessarySeqFocus false`
warning: LogdetLean/GramHafnian/MatrixLawEndpoints/GenericPreservedCoordinateInverseVariance.lean:728:14: Used `tac1 <;> tac2` where `(tac1; tac2)` would suffice

Note: This linter can be disabled with `set_option linter.unnecessarySeqFocus false`
warning: LogdetLean/GramHafnian/MatrixLawEndpoints/GenericPreservedCoordinateInverseVariance.lean:866:8: This simp argument is unused:
  symmetricComplexMatrixProjection

Hint: Omit it from the simp argument list.
  [apply] simp [Matrix.transpose_apply]

Note: This linter can be disabled with `set_option linter.unusedSimpArgs false`
⚠ [9178/9564] Built LogdetLean.GramHafnian.UltimateHiding.Dense.HaarAmbientGLInvariant (4.5s)
warning: LogdetLean/GramHafnian/UltimateHiding/Dense/HaarAmbientGLInvariant.lean:54:2: Try this: 
  letI̵

The goal is a proposition, so `let` is preferred over `letI`.
The difference between `let` and `letI` is that `letI` inlines the value.
But this is not relevant for proofs because of proof irrelevance.

Note: This linter can be disabled with `set_option linter.style.haveILetI false`
⚠ [9179/9564] Built LogdetLean.GramHafnian.ShiftedAnticoncentration.Experimental.WickAngularLowerBound.MomentReduction (8.6s)
warning: LogdetLean/GramHafnian/ShiftedAnticoncentration/Experimental/WickAngularLowerBound/MomentReduction.lean:97:2: Try this: 
  letI̵

The goal is a proposition, so `let` is preferred over `letI`.
The difference between `let` and `letI` is that `letI` inlines the value.
But this is not relevant for proofs because of proof irrelevance.

Note: This linter can be disabled with `set_option linter.style.haveILetI false`
warning: LogdetLean/GramHafnian/ShiftedAnticoncentration/Experimental/WickAngularLowerBound/MomentReduction.lean:100:2: Try this: 
  letI̵

The goal is a proposition, so `let` is preferred over `letI`.
The difference between `let` and `letI` is that `letI` inlines the value.
But this is not relevant for proofs because of proof irrelevance.

Note: This linter can be disabled with `set_option linter.style.haveILetI false`
warning: LogdetLean/GramHafnian/ShiftedAnticoncentration/Experimental/WickAngularLowerBound/MomentReduction.lean:354:2: Try this: 
  letI̵

The goal is a proposition, so `let` is preferred over `letI`.
The difference between `let` and `letI` is that `letI` inlines the value.
But this is not relevant for proofs because of proof irrelevance.

Note: This linter can be disabled with `set_option linter.style.haveILetI false`
warning: LogdetLean/GramHafnian/ShiftedAnticoncentration/Experimental/WickAngularLowerBound/MomentReduction.lean:357:2: Try this: 
  letI̵

The goal is a proposition, so `let` is preferred over `letI`.
The difference between `let` and `letI` is that `letI` inlines the value.
But this is not relevant for proofs because of proof irrelevance.

Note: This linter can be disabled with `set_option linter.style.haveILetI false`
warning: LogdetLean/GramHafnian/ShiftedAnticoncentration/Experimental/WickAngularLowerBound/MomentReduction.lean:464:2: Try this: 
  letI̵

The goal is a proposition, so `let` is preferred over `letI`.
The difference between `let` and `letI` is that `letI` inlines the value.
But this is not relevant for proofs because of proof irrelevance.

Note: This linter can be disabled with `set_option linter.style.haveILetI false`
warning: LogdetLean/GramHafnian/ShiftedAnticoncentration/Experimental/WickAngularLowerBound/MomentReduction.lean:468:2: Try this: 
  letI̵

The goal is a proposition, so `let` is preferred over `letI`.
The difference between `let` and `letI` is that `letI` inlines the value.
But this is not relevant for proofs because of proof irrelevance.

Note: This linter can be disabled with `set_option linter.style.haveILetI false`
✔ [9180/9564] Built LogdetLean.GramHafnian.UltimateHiding.DenseScore.ConcreteCubicWDefinitions (3.7s)
✔ [9181/9564] Built LogdetLean.GramHafnian.UltimateHiding.DenseLocalStep.ThirdDerivativePropagation (4.2s)
✔ [9182/9564] Built LogdetLean.GramHafnian.UltimateHiding.DenseScore.ConcreteCubicNonWDefinitions (4.0s)
✔ [9183/9564] Built LogdetLean.GramHafnian.UltimateHiding.DenseScore.ClassicalCOEExternal (4.0s)
⚠ [9184/9566] Built LogdetLean.GramHafnian.UltimateHiding.DenseLocalStep.ConcreteOrbitalEventGeometry (8.8s)
warning: LogdetLean/GramHafnian/UltimateHiding/DenseLocalStep/ConcreteOrbitalEventGeometry.lean:91:44: This simp argument is unused:
  one_smul

Hint: Omit it from the simp argument list.
  [apply] simp only [Matrix.add_mul, Matrix.mul_add, Matrix.one_mul, Matrix.mul_one, Matrix.smul_mul, Matrix.mul_smul,
    hP, smul_smul]

Note: This linter can be disabled with `set_option linter.unusedSimpArgs false`
warning: LogdetLean/GramHafnian/UltimateHiding/DenseLocalStep/ConcreteOrbitalEventGeometry.lean:91:54: This simp argument is unused:
  smul_smul

Hint: Omit it from the simp argument list.
  [apply] simp only [Matrix.add_mul, Matrix.mul_add, Matrix.one_mul, Matrix.mul_one, Matrix.smul_mul, Matrix.mul_smul,
    hP, one_smul]

Note: This linter can be disabled with `set_option linter.unusedSimpArgs false`
✔ [9185/9566] Built LogdetLean.GramHafnian.UltimateHiding.DenseScore.H11_BlockFourthTraceReduction (6.1s)
⚠ [9186/9566] Built LogdetLean.GramHafnian.ShiftedAnticoncentration.Experimental.RadialLowerBound.InverseIntegrabilityEquivalence (4.6s)
warning: LogdetLean/GramHafnian/ShiftedAnticoncentration/Experimental/RadialLowerBound/InverseIntegrabilityEquivalence.lean:41:2: Try this: 
  letI̵

The goal is a proposition, so `let` is preferred over `letI`.
The difference between `let` and `letI` is that `letI` inlines the value.
But this is not relevant for proofs because of proof irrelevance.

Note: This linter can be disabled with `set_option linter.style.haveILetI false`
warning: LogdetLean/GramHafnian/ShiftedAnticoncentration/Experimental/RadialLowerBound/InverseIntegrabilityEquivalence.lean:44:2: Try this: 
  letI̵

The goal is a proposition, so `let` is preferred over `letI`.
The difference between `let` and `letI` is that `letI` inlines the value.
But this is not relevant for proofs because of proof irrelevance.

Note: This linter can be disabled with `set_option linter.style.haveILetI false`
warning: LogdetLean/GramHafnian/ShiftedAnticoncentration/Experimental/RadialLowerBound/InverseIntegrabilityEquivalence.lean:47:2: Try this: 
  letI̵

The goal is a proposition, so `let` is preferred over `letI`.
The difference between `let` and `letI` is that `letI` inlines the value.
But this is not relevant for proofs because of proof irrelevance.

Note: This linter can be disabled with `set_option linter.style.haveILetI false`
warning: LogdetLean/GramHafnian/ShiftedAnticoncentration/Experimental/RadialLowerBound/InverseIntegrabilityEquivalence.lean:50:2: Try this: 
  letI̵

The goal is a proposition, so `let` is preferred over `letI`.
The difference between `let` and `letI` is that `letI` inlines the value.
But this is not relevant for proofs because of proof irrelevance.

Note: This linter can be disabled with `set_option linter.style.haveILetI false`
warning: LogdetLean/GramHafnian/ShiftedAnticoncentration/Experimental/RadialLowerBound/InverseIntegrabilityEquivalence.lean:110:2: Try this: 
  letI̵

The goal is a proposition, so `let` is preferred over `letI`.
The difference between `let` and `letI` is that `letI` inlines the value.
But this is not relevant for proofs because of proof irrelevance.

Note: This linter can be disabled with `set_option linter.style.haveILetI false`
warning: LogdetLean/GramHafnian/ShiftedAnticoncentration/Experimental/RadialLowerBound/InverseIntegrabilityEquivalence.lean:113:2: Try this: 
  letI̵

The goal is a proposition, so `let` is preferred over `letI`.
The difference between `let` and `letI` is that `letI` inlines the value.
But this is not relevant for proofs because of proof irrelevance.

Note: This linter can be disabled with `set_option linter.style.haveILetI false`
warning: LogdetLean/GramHafnian/ShiftedAnticoncentration/Experimental/RadialLowerBound/InverseIntegrabilityEquivalence.lean:116:2: Try this: 
  letI̵

The goal is a proposition, so `let` is preferred over `letI`.
The difference between `let` and `letI` is that `letI` inlines the value.
But this is not relevant for proofs because of proof irrelevance.

Note: This linter can be disabled with `set_option linter.style.haveILetI false`
warning: LogdetLean/GramHafnian/ShiftedAnticoncentration/Experimental/RadialLowerBound/InverseIntegrabilityEquivalence.lean:119:2: Try this: 
  letI̵

The goal is a proposition, so `let` is preferred over `letI`.
The difference between `let` and `letI` is that `letI` inlines the value.
But this is not relevant for proofs because of proof irrelevance.

Note: This linter can be disabled with `set_option linter.style.haveILetI false`
⚠ [9187/9566] Built LogdetLean.GramHafnian.SymmetricGaussianLimit.ComplexMatrixCLT (5.4s)
warning: LogdetLean/GramHafnian/SymmetricGaussianLimit/ComplexMatrixCLT.lean:135:15: This simp argument is unused:
  Fin.isValue

Hint: Omit it from the simp argument list.
  [apply] simp only

Note: This linter can be disabled with `set_option linter.unusedSimpArgs false`
warning: LogdetLean/GramHafnian/SymmetricGaussianLimit/ComplexMatrixCLT.lean:276:37: This simp argument is unused:
  norm_mul

Hint: Omit it from the simp argument list.
  [apply] simp

Note: This linter can be disabled with `set_option linter.unusedSimpArgs false`
warning: LogdetLean/GramHafnian/SymmetricGaussianLimit/ComplexMatrixCLT.lean:540:39: This simp argument is unused:
  Fin.val_zero

Hint: Omit it from the simp argument list.
  [apply] simp only [quadraticRealComponent, if_pos]

Note: This linter can be disabled with `set_option linter.unusedSimpArgs false`
warning: LogdetLean/GramHafnian/SymmetricGaussianLimit/ComplexMatrixCLT.lean:545:39: This simp argument is unused:
  Fin.val_one

Hint: Omit it from the simp argument list.
  [apply] simp only [quadraticRealComponent, Nat.one_ne_zero, if_false]

Note: This linter can be disabled with `set_option linter.unusedSimpArgs false`
warning: LogdetLean/GramHafnian/SymmetricGaussianLimit/ComplexMatrixCLT.lean:654:6: `MeasureTheory.integral_finset_sum` has been deprecated: Use `MeasureTheory.integral_finsetSum` instead
warning: LogdetLean/GramHafnian/SymmetricGaussianLimit/ComplexMatrixCLT.lean:861:13: This simp argument is unused:
  PiLp.toLp_apply

Hint: Omit it from the simp argument list.
  [apply] simp only

Note: This linter can be disabled with `set_option linter.unusedSimpArgs false`
warning: LogdetLean/GramHafnian/SymmetricGaussianLimit/ComplexMatrixCLT.lean:902:4: Unused tactic linter: `push_cast` does nothing

Note: This linter can be disabled with `set_option linter.unusedTactic false`
warning: LogdetLean/GramHafnian/SymmetricGaussianLimit/ComplexMatrixCLT.lean:924:28: This simp argument is unused:
  PiLp.smul_apply

Hint: Omit it from the simp argument list.
  [apply] simp only [Pi.smul_apply, Finset.sum_apply, unstandardizeQuadraticLinear_apply, standardizedQuadraticSample,
    unstandardize_standardizedQuadraticRow]

Note: This linter can be disabled with `set_option linter.unusedSimpArgs false`
warning: LogdetLean/GramHafnian/SymmetricGaussianLimit/ComplexMatrixCLT.lean:970:13: This simp argument is unused:
  PiLp.toLp_apply

Hint: Omit it from the simp argument list.
  [apply] simp only

Note: This linter can be disabled with `set_option linter.unusedSimpArgs false`
⚠ [9188/9566] Built LogdetLean.GramHafnian.ShiftedAnticoncentration.Experimental.WickAngularLowerBound.ScalarMomentBridge (4.6s)
warning: LogdetLean/GramHafnian/ShiftedAnticoncentration/Experimental/WickAngularLowerBound/ScalarMomentBridge.lean:86:52: this tactic is never executed

Note: This linter can be disabled with `set_option linter.unreachableTactic false`
warning: LogdetLean/GramHafnian/ShiftedAnticoncentration/Experimental/WickAngularLowerBound/ScalarMomentBridge.lean:86:52: Unused tactic linter: `omega` does nothing

Note: This linter can be disabled with `set_option linter.unusedTactic false`
warning: LogdetLean/GramHafnian/ShiftedAnticoncentration/Experimental/WickAngularLowerBound/ScalarMomentBridge.lean:126:15: Variable name `hk` is not explicitly referenced.

Hint: The binding can be removed (if unused) or named `_` (if used implicitly). Alternatively, prefix the name with `_` to silence this warning:
  [apply] _hk

Note: This linter can be disabled with `set_option linter.unusedVariables false`
info: LogdetLean/GramHafnian/ShiftedAnticoncentration/Experimental/WickAngularLowerBound/ScalarMomentBridge.lean:150:44: Try this:
  [apply] ring_nf
  
  The `ring` tactic failed to close the goal. Use `ring_nf` to obtain a normal form.
    
  Note that `ring` works primarily in *commutative* rings. If you have a noncommutative ring, abelian group or module, consider using `noncomm_ring`, `abel` or `module` instead.
⚠ [9189/9566] Built LogdetLean.GramHafnian.ShiftedAnticoncentration.Experimental.WickAngularLowerBound.SphereLinearFormMoment (5.2s)
warning: LogdetLean/GramHafnian/ShiftedAnticoncentration/Experimental/WickAngularLowerBound/SphereLinearFormMoment.lean:131:14: This simp argument is unused:
  Real.sqrt_sq (norm_nonneg (x default))

Hint: Omit it from the simp argument list.
  [apply] simp

Note: This linter can be disabled with `set_option linter.unusedSimpArgs false`
warning: LogdetLean/GramHafnian/ShiftedAnticoncentration/Experimental/WickAngularLowerBound/SphereLinearFormMoment.lean:215:2: Try this: 
  letI̵

The goal is a proposition, so `let` is preferred over `letI`.
The difference between `let` and `letI` is that `letI` inlines the value.
But this is not relevant for proofs because of proof irrelevance.

Note: This linter can be disabled with `set_option linter.style.haveILetI false`
warning: LogdetLean/GramHafnian/ShiftedAnticoncentration/Experimental/WickAngularLowerBound/SphereLinearFormMoment.lean:217:2: Try this: 
  letI̵

The goal is a proposition, so `let` is preferred over `letI`.
The difference between `let` and `letI` is that `letI` inlines the value.
But this is not relevant for proofs because of proof irrelevance.

Note: This linter can be disabled with `set_option linter.style.haveILetI false`
⚠ [9190/9566] Built LogdetLean.GramHafnian.UltimateHiding.H3H4Central.ScalarTransport (4.5s)
warning: LogdetLean/GramHafnian/UltimateHiding/H3H4Central/ScalarTransport.lean:91:2: Try this: 
  letI̵

The goal is a proposition, so `let` is preferred over `letI`.
The difference between `let` and `letI` is that `letI` inlines the value.
But this is not relevant for proofs because of proof irrelevance.

Note: This linter can be disabled with `set_option linter.style.haveILetI false`
warning: LogdetLean/GramHafnian/UltimateHiding/H3H4Central/ScalarTransport.lean:104:2: Try this: 
  letI̵

The goal is a proposition, so `let` is preferred over `letI`.
The difference between `let` and `letI` is that `letI` inlines the value.
But this is not relevant for proofs because of proof irrelevance.

Note: This linter can be disabled with `set_option linter.style.haveILetI false`
⚠ [9191/9566] Built LogdetLean.GramHafnian.UltimateHiding.DenseScore.Conditional.H16CoordinateGeometry (4.6s)
warning: LogdetLean/GramHafnian/UltimateHiding/DenseScore/Conditional/H16CoordinateGeometry.lean:138:13: This simp argument is unused:
  transposeCongruenceFlowCoordinates

Hint: Omit it from the simp argument list.
  [apply] simp only [transposeCongruenceFlow_add]

Note: This linter can be disabled with `set_option linter.unusedSimpArgs false`
⚠ [9192/9566] Built LogdetLean.GramHafnian.UltimateHiding.DenseScore.H7RankOneScalar (5.5s)
warning: LogdetLean/GramHafnian/UltimateHiding/DenseScore/H7RankOneScalar.lean:34:62: Used `tac1 <;> tac2` where `(tac1; tac2)` would suffice

Note: This linter can be disabled with `set_option linter.unnecessarySeqFocus false`
warning: LogdetLean/GramHafnian/UltimateHiding/DenseScore/H7RankOneScalar.lean:114:19: this tactic is never executed

Note: This linter can be disabled with `set_option linter.unreachableTactic false`
warning: LogdetLean/GramHafnian/UltimateHiding/DenseScore/H7RankOneScalar.lean:112:38: Used `tac1 <;> tac2` where `(tac1; tac2)` would suffice

Note: This linter can be disabled with `set_option linter.unnecessarySeqFocus false`
warning: LogdetLean/GramHafnian/UltimateHiding/DenseScore/H7RankOneScalar.lean:114:19: Unused tactic linter: `ring` does nothing

Note: This linter can be disabled with `set_option linter.unusedTactic false`
warning: LogdetLean/GramHafnian/UltimateHiding/DenseScore/H7RankOneScalar.lean:124:2: try 'simp' instead of 'simpa'

Note: This linter can be disabled with `set_option linter.unnecessarySimpa false`
warning: LogdetLean/GramHafnian/UltimateHiding/DenseScore/H7RankOneScalar.lean:302:68: Used `tac1 <;> tac2` where `(tac1; tac2)` would suffice

Note: This linter can be disabled with `set_option linter.unnecessarySeqFocus false`
warning: LogdetLean/GramHafnian/UltimateHiding/DenseScore/H7RankOneScalar.lean:422:2: try 'simp' instead of 'simpa'

Note: This linter can be disabled with `set_option linter.unnecessarySimpa false`
warning: LogdetLean/GramHafnian/UltimateHiding/DenseScore/H7RankOneScalar.lean:622:59: Used `tac1 <;> tac2` where `(tac1; tac2)` would suffice

Note: This linter can be disabled with `set_option linter.unnecessarySeqFocus false`
warning: LogdetLean/GramHafnian/UltimateHiding/DenseScore/H7RankOneScalar.lean:647:59: Used `tac1 <;> tac2` where `(tac1; tac2)` would suffice

Note: This linter can be disabled with `set_option linter.unnecessarySeqFocus false`
✔ [9193/9566] Built LogdetLean.GramHafnian.UltimateHiding.DenseScore.Conditional.H16BoundaryExponentFourInterface (4.3s)
✔ [9194/9566] Built LogdetLean.GramHafnian.UltimateHiding.DenseScore.H6_TakagiForward (5.1s)
✔ [9195/9566] Built LogdetLean.GramHafnian.UltimateHiding.DenseScore.H5_FriedmanMelloA1External (4.9s)
⚠ [9196/9566] Built LogdetLean.GramHafnian.UltimateHiding.DenseScore.H9_U03GaussianFourth (7.4s)
warning: LogdetLean/GramHafnian/UltimateHiding/DenseScore/H9_U03GaussianFourth.lean:128:18: This simp argument is unused:
  Real.rpow_two

Hint: Omit it from the simp argument list.
  [apply] simp [Real.norm_eq_abs, sq_abs]

Note: This linter can be disabled with `set_option linter.unusedSimpArgs false`
warning: LogdetLean/GramHafnian/UltimateHiding/DenseScore/H9_U03GaussianFourth.lean:188:20: This simp argument is unused:
  Matrix.mul_smul

Hint: Omit it from the simp argument list.
  [apply] simp [h9U03FixedDenominatorGaussianFluctuation, h9U03CenteredNumeratorGram, Matrix.mul_sub]

Note: This linter can be disabled with `set_option linter.unusedSimpArgs false`
info: LogdetLean/GramHafnian/UltimateHiding/DenseScore/H9_U03GaussianFourth.lean:233:4: Try this:
  [apply] ring_nf
  
  The `ring` tactic failed to close the goal. Use `ring_nf` to obtain a normal form.
    
  Note that `ring` works primarily in *commutative* rings. If you have a noncommutative ring, abelian group or module, consider using `noncomm_ring`, `abel` or `module` instead.
warning: LogdetLean/GramHafnian/UltimateHiding/DenseScore/H9_U03GaussianFourth.lean:244:10: `MeasureTheory.integrable_finset_sum` has been deprecated: Use `MeasureTheory.integrable_finsetSum` instead
warning: LogdetLean/GramHafnian/UltimateHiding/DenseScore/H9_U03GaussianFourth.lean:245:6: `MeasureTheory.integrable_finset_sum` has been deprecated: Use `MeasureTheory.integrable_finsetSum` instead
warning: LogdetLean/GramHafnian/UltimateHiding/DenseScore/H9_U03GaussianFourth.lean:246:8: `MeasureTheory.integrable_finset_sum` has been deprecated: Use `MeasureTheory.integrable_finsetSum` instead
warning: LogdetLean/GramHafnian/UltimateHiding/DenseScore/H9_U03GaussianFourth.lean:247:10: `MeasureTheory.integrable_finset_sum` has been deprecated: Use `MeasureTheory.integrable_finsetSum` instead
warning: LogdetLean/GramHafnian/UltimateHiding/DenseScore/H9_U03GaussianFourth.lean:229:17: This simp argument is unused:
  Matrix.sub_apply

Hint: Omit it from the simp argument list.
  [apply] simp only [Matrix.smul_apply, Matrix.mul_apply, Matrix.transpose_apply]

Note: This linter can be disabled with `set_option linter.unusedSimpArgs false`
warning: LogdetLean/GramHafnian/UltimateHiding/DenseScore/H9_U03GaussianFourth.lean:229:35: This simp argument is unused:
  Matrix.smul_apply

Hint: Omit it from the simp argument list.
  [apply] simp only [Matrix.sub_apply, Matrix.mul_apply, Matrix.transpose_apply]

Note: This linter can be disabled with `set_option linter.unusedSimpArgs false`
warning: LogdetLean/GramHafnian/UltimateHiding/DenseScore/H9_U03GaussianFourth.lean:509:23: This simp argument is unused:
  h9U03WeightedSum

Hint: Omit it from the simp argument list.
  [apply] simp

Note: This linter can be disabled with `set_option linter.unusedSimpArgs false`
warning: LogdetLean/GramHafnian/UltimateHiding/DenseScore/H9_U03GaussianFourth.lean:630:20: Used `tac1 <;> tac2` where `(tac1; tac2)` would suffice

Note: This linter can be disabled with `set_option linter.unnecessarySeqFocus false`
warning: LogdetLean/GramHafnian/UltimateHiding/DenseScore/H9_U03GaussianFourth.lean:646:20: Used `tac1 <;> tac2` where `(tac1; tac2)` would suffice

Note: This linter can be disabled with `set_option linter.unnecessarySeqFocus false`
warning: LogdetLean/GramHafnian/UltimateHiding/DenseScore/H9_U03GaussianFourth.lean:646:29: Used `tac1 <;> tac2` where `(tac1; tac2)` would suffice

Note: This linter can be disabled with `set_option linter.unnecessarySeqFocus false`
warning: LogdetLean/GramHafnian/UltimateHiding/DenseScore/H9_U03GaussianFourth.lean:761:14: try 'simp' instead of 'simpa'

Note: This linter can be disabled with `set_option linter.unnecessarySimpa false`
info: LogdetLean/GramHafnian/UltimateHiding/DenseScore/H9_U03GaussianFourth.lean:784:2: Try this:
  [apply] ring_nf
  
  The `ring` tactic failed to close the goal. Use `ring_nf` to obtain a normal form.
    
  Note that `ring` works primarily in *commutative* rings. If you have a noncommutative ring, abelian group or module, consider using `noncomm_ring`, `abel` or `module` instead.
info: LogdetLean/GramHafnian/UltimateHiding/DenseScore/H9_U03GaussianFourth.lean:848:0: 'LogdetLean.GramHafnian.UltimateHiding.DenseScore.h9_symmetric_trace_four_le_trace_two_sq_foundational' depends on axioms: [propext,
 Classical.choice,
 Quot.sound]
info: LogdetLean/GramHafnian/UltimateHiding/DenseScore/H9_U03GaussianFourth.lean:849:0: 'LogdetLean.GramHafnian.UltimateHiding.DenseScore.h9U03GaussianFourthContractExactReduction_of_standardGaussianQuadraticFourthWick' depends on axioms: [propext,
 Classical.choice,
 Quot.sound]
info: LogdetLean/GramHafnian/UltimateHiding/DenseScore/H9_U03GaussianFourth.lean:850:0: 'LogdetLean.GramHafnian.UltimateHiding.DenseScore.h9StandardGaussianQuadraticFourthWick' depends on axioms: [propext,
 Classical.choice,
 Quot.sound]
info: LogdetLean/GramHafnian/UltimateHiding/DenseScore/H9_U03GaussianFourth.lean:851:0: 'LogdetLean.GramHafnian.UltimateHiding.DenseScore.h9U03GaussianFourthContractExactReduction_standardGaussianWick' depends on axioms: [propext,
 Classical.choice,
 Quot.sound]
⚠ [9197/9566] Built LogdetLean.GramHafnian.UltimateHiding.DenseScore.ComplexProjectiveTensorMomentInternal (6.5s)
warning: LogdetLean/GramHafnian/UltimateHiding/DenseScore/ComplexProjectiveTensorMomentInternal.lean:76:12: Used `tac1 <;> tac2` where `(tac1; tac2)` would suffice

Note: This linter can be disabled with `set_option linter.unnecessarySeqFocus false`
warning: LogdetLean/GramHafnian/UltimateHiding/DenseScore/ComplexProjectiveTensorMomentInternal.lean:340:6: `push_neg` has been deprecated. Prefer using `push Not` instead.
If you'd rather continue using `push_neg` in your project, you can implement it as follows:
```
open Lean.Parser.Tactic in
macro "push_neg" cfg:optConfig loc:(location)? : tactic =>
  `(tactic| push $cfg:optConfig Not $[$loc]?)
```
warning: LogdetLean/GramHafnian/UltimateHiding/DenseScore/ComplexProjectiveTensorMomentInternal.lean:447:6: try 'simp' instead of 'simpa'

Note: This linter can be disabled with `set_option linter.unnecessarySimpa false`
warning: LogdetLean/GramHafnian/UltimateHiding/DenseScore/ComplexProjectiveTensorMomentInternal.lean:650:2: Try this: 
  letI̵

The goal is a proposition, so `let` is preferred over `letI`.
The difference between `let` and `letI` is that `letI` inlines the value.
But this is not relevant for proofs because of proof irrelevance.

Note: This linter can be disabled with `set_option linter.style.haveILetI false`
warning: LogdetLean/GramHafnian/UltimateHiding/DenseScore/ComplexProjectiveTensorMomentInternal.lean:651:2: Try this: 
  letI̵

The goal is a proposition, so `let` is preferred over `letI`.
The difference between `let` and `letI` is that `letI` inlines the value.
But this is not relevant for proofs because of proof irrelevance.

Note: This linter can be disabled with `set_option linter.style.haveILetI false`
warning: LogdetLean/GramHafnian/UltimateHiding/DenseScore/ComplexProjectiveTensorMomentInternal.lean:672:2: Try this: 
  letI̵

The goal is a proposition, so `let` is preferred over `letI`.
The difference between `let` and `letI` is that `letI` inlines the value.
But this is not relevant for proofs because of proof irrelevance.

Note: This linter can be disabled with `set_option linter.style.haveILetI false`
warning: LogdetLean/GramHafnian/UltimateHiding/DenseScore/ComplexProjectiveTensorMomentInternal.lean:673:2: Try this: 
  letI̵

The goal is a proposition, so `let` is preferred over `letI`.
The difference between `let` and `letI` is that `letI` inlines the value.
But this is not relevant for proofs because of proof irrelevance.

Note: This linter can be disabled with `set_option linter.style.haveILetI false`
warning: LogdetLean/GramHafnian/UltimateHiding/DenseScore/ComplexProjectiveTensorMomentInternal.lean:685:2: Try this: 
  letI̵

The goal is a proposition, so `let` is preferred over `letI`.
The difference between `let` and `letI` is that `letI` inlines the value.
But this is not relevant for proofs because of proof irrelevance.

Note: This linter can be disabled with `set_option linter.style.haveILetI false`
warning: LogdetLean/GramHafnian/UltimateHiding/DenseScore/ComplexProjectiveTensorMomentInternal.lean:686:2: Try this: 
  letI̵

The goal is a proposition, so `let` is preferred over `letI`.
The difference between `let` and `letI` is that `letI` inlines the value.
But this is not relevant for proofs because of proof irrelevance.

Note: This linter can be disabled with `set_option linter.style.haveILetI false`
⚠ [9198/9567] Built LogdetLean.GramHafnian.UltimateHiding.DenseScore.COESupportAlgebra (4.8s)
warning: LogdetLean/GramHafnian/UltimateHiding/DenseScore/COESupportAlgebra.lean:61:2: Try this: 
  letI̵

The goal is a proposition, so `let` is preferred over `letI`.
The difference between `let` and `letI` is that `letI` inlines the value.
But this is not relevant for proofs because of proof irrelevance.

Note: This linter can be disabled with `set_option linter.style.haveILetI false`
warning: LogdetLean/GramHafnian/UltimateHiding/DenseScore/COESupportAlgebra.lean:65:2: Try this: 
  letI̵

The goal is a proposition, so `let` is preferred over `letI`.
The difference between `let` and `letI` is that `letI` inlines the value.
But this is not relevant for proofs because of proof irrelevance.

Note: This linter can be disabled with `set_option linter.style.haveILetI false`
warning: LogdetLean/GramHafnian/UltimateHiding/DenseScore/COESupportAlgebra.lean:133:2: Try this: 
  letI̵

The goal is a proposition, so `let` is preferred over `letI`.
The difference between `let` and `letI` is that `letI` inlines the value.
But this is not relevant for proofs because of proof irrelevance.

Note: This linter can be disabled with `set_option linter.style.haveILetI false`
warning: LogdetLean/GramHafnian/UltimateHiding/DenseScore/COESupportAlgebra.lean:137:2: Try this: 
  letI̵

The goal is a proposition, so `let` is preferred over `letI`.
The difference between `let` and `letI` is that `letI` inlines the value.
But this is not relevant for proofs because of proof irrelevance.

Note: This linter can be disabled with `set_option linter.style.haveILetI false`
warning: LogdetLean/GramHafnian/UltimateHiding/DenseScore/COESupportAlgebra.lean:170:2: Try this: 
  letI̵

The goal is a proposition, so `let` is preferred over `letI`.
The difference between `let` and `letI` is that `letI` inlines the value.
But this is not relevant for proofs because of proof irrelevance.

Note: This linter can be disabled with `set_option linter.style.haveILetI false`
warning: LogdetLean/GramHafnian/UltimateHiding/DenseScore/COESupportAlgebra.lean:174:2: Try this: 
  letI̵

The goal is a proposition, so `let` is preferred over `letI`.
The difference between `let` and `letI` is that `letI` inlines the value.
But this is not relevant for proofs because of proof irrelevance.

Note: This linter can be disabled with `set_option linter.style.haveILetI false`
⚠ [9199/9567] Built LogdetLean.GramHafnian.UltimateHiding.DenseScore.QuadraticCenteringFromMass (4.4s)
warning: LogdetLean/GramHafnian/UltimateHiding/DenseScore/QuadraticCenteringFromMass.lean:45:2: Try this: 
  letI̵

The goal is a proposition, so `let` is preferred over `letI`.
The difference between `let` and `letI` is that `letI` inlines the value.
But this is not relevant for proofs because of proof irrelevance.

Note: This linter can be disabled with `set_option linter.style.haveILetI false`
warning: LogdetLean/GramHafnian/UltimateHiding/DenseScore/QuadraticCenteringFromMass.lean:49:2: Try this: 
  letI̵

The goal is a proposition, so `let` is preferred over `letI`.
The difference between `let` and `letI` is that `letI` inlines the value.
But this is not relevant for proofs because of proof irrelevance.

Note: This linter can be disabled with `set_option linter.style.haveILetI false`
warning: LogdetLean/GramHafnian/UltimateHiding/DenseScore/QuadraticCenteringFromMass.lean:87:2: Try this: 
  letI̵

The goal is a proposition, so `let` is preferred over `letI`.
The difference between `let` and `letI` is that `letI` inlines the value.
But this is not relevant for proofs because of proof irrelevance.

Note: This linter can be disabled with `set_option linter.style.haveILetI false`
⚠ [9200/9567] Built LogdetLean.GramHafnian.UltimateHiding.DenseScore.MatrixInverseMeasurability (4.4s)
warning: LogdetLean/GramHafnian/UltimateHiding/DenseScore/MatrixInverseMeasurability.lean:109:12: try 'simp' instead of 'simpa'

Note: This linter can be disabled with `set_option linter.unnecessarySimpa false`
warning: LogdetLean/GramHafnian/UltimateHiding/DenseScore/MatrixInverseMeasurability.lean:121:12: try 'simp' instead of 'simpa'

Note: This linter can be disabled with `set_option linter.unnecessarySimpa false`
⚠ [9201/9567] Built LogdetLean.GramHafnian.UltimateHiding.Dense.GLConcreteFactorLifts (4.6s)
warning: LogdetLean/GramHafnian/UltimateHiding/Dense/GLConcreteFactorLifts.lean:38:42: This simp argument is unused:
  one_smul

Hint: Omit it from the simp argument list.
  [apply] simp only [Matrix.add_mul, Matrix.mul_add, Matrix.one_mul, Matrix.mul_one, Matrix.smul_mul, Matrix.mul_smul,
    hP, smul_smul]

Note: This linter can be disabled with `set_option linter.unusedSimpArgs false`
warning: LogdetLean/GramHafnian/UltimateHiding/Dense/GLConcreteFactorLifts.lean:38:52: This simp argument is unused:
  smul_smul

Hint: Omit it from the simp argument list.
  [apply] simp only [Matrix.add_mul, Matrix.mul_add, Matrix.one_mul, Matrix.mul_one, Matrix.smul_mul, Matrix.mul_smul,
    hP, one_smul]

Note: This linter can be disabled with `set_option linter.unusedSimpArgs false`
⚠ [9202/9569] Built LogdetLean.GramHafnian.SymmetricGaussianLimit.PaperEndpoints (5.0s)
warning: LogdetLean/GramHafnian/SymmetricGaussianLimit/PaperEndpoints.lean:78:0: Definition `result_eq_symmetric_scale_coefficient_limit` is a proposition; use `theorem` instead of `def`

Note: This linter can be disabled with `set_option linter.defProp false`
✔ [9203/9569] Built LogdetLean.GramHafnian.ShiftedAnticoncentration.Experimental.WickAngularLowerBound.WickVector (4.8s)
⚠ [9204/9569] Built LogdetLean.GramHafnian.UltimateHiding.DenseScore.H11_FourthJacobiFormula (7.5s)
warning: LogdetLean/GramHafnian/UltimateHiding/DenseScore/H11_FourthJacobiFormula.lean:127:6: `push_neg` has been deprecated. Prefer using `push Not` instead.
If you'd rather continue using `push_neg` in your project, you can implement it as follows:
```
open Lean.Parser.Tactic in
macro "push_neg" cfg:optConfig loc:(location)? : tactic =>
  `(tactic| push $cfg:optConfig Not $[$loc]?)
```
warning: LogdetLean/GramHafnian/UltimateHiding/DenseScore/H11_FourthJacobiFormula.lean:140:10: This simp argument is unused:
  Matrix.one_apply

Hint: Omit it from the simp argument list.
  [apply] simp [hj]

Note: This linter can be disabled with `set_option linter.unusedSimpArgs false`
warning: LogdetLean/GramHafnian/UltimateHiding/DenseScore/H11_FourthJacobiFormula.lean:154:8: Unused tactic linter: `exact Subsingleton.elim _ _` does nothing

Note: This linter can be disabled with `set_option linter.unusedTactic false`
warning: LogdetLean/GramHafnian/UltimateHiding/DenseScore/H11_FourthJacobiFormula.lean:154:8: this tactic is never executed

Note: This linter can be disabled with `set_option linter.unreachableTactic false`
warning: LogdetLean/GramHafnian/UltimateHiding/DenseScore/H11_FourthJacobiFormula.lean:236:15: `ContinuousLinearMap.neg_apply` has been deprecated: Use `_root_.neg_apply` instead

Note: The updated constant is in a different namespace. Dot notation may need to be changed (e.g., from `x.neg_apply` to `_root_.neg_apply x`).
warning: LogdetLean/GramHafnian/UltimateHiding/DenseScore/H11_FourthJacobiFormula.lean:580:19: This simp argument is unused:
  F

Hint: Omit it from the simp argument list.
  [apply] simp only [F₁, Pi.add_apply, zero_add]

Note: This linter can be disabled with `set_option linter.unusedSimpArgs false`
warning: LogdetLean/GramHafnian/UltimateHiding/DenseScore/H11_FourthJacobiFormula.lean:580:26: This simp argument is unused:
  Pi.add_apply

Hint: Omit it from the simp argument list.
  [apply] simp only [F, F₁, zero_add]

Note: This linter can be disabled with `set_option linter.unusedSimpArgs false`
warning: LogdetLean/GramHafnian/UltimateHiding/DenseScore/H11_FourthJacobiFormula.lean:586:19: This simp argument is unused:
  F₁

Hint: Omit it from the simp argument list.
  [apply] simp only [F₂, pow_two, Matrix.mul_assoc]

Note: This linter can be disabled with `set_option linter.unusedSimpArgs false`
warning: LogdetLean/GramHafnian/UltimateHiding/DenseScore/H11_FourthJacobiFormula.lean:592:19: This simp argument is unused:
  F₂

Hint: Omit it from the simp argument list.
  [apply] simp only [F₃, pow_succ, pow_zero, Matrix.one_mul, Matrix.mul_assoc]

Note: This linter can be disabled with `set_option linter.unusedSimpArgs false`
warning: LogdetLean/GramHafnian/UltimateHiding/DenseScore/H11_FourthJacobiFormula.lean:599:19: This simp argument is unused:
  F₃

Hint: Omit it from the simp argument list.
  [apply] simp only [F₄, pow_succ, pow_zero, Matrix.one_mul, Matrix.mul_assoc]

Note: This linter can be disabled with `set_option linter.unusedSimpArgs false`
warning: LogdetLean/GramHafnian/UltimateHiding/DenseScore/H11_FourthJacobiFormula.lean:579:19: Unused tactic linter: `rfl` does nothing

Note: This linter can be disabled with `set_option linter.unusedTactic false`
warning: LogdetLean/GramHafnian/UltimateHiding/DenseScore/H11_FourthJacobiFormula.lean:585:19: Unused tactic linter: `rfl` does nothing

Note: This linter can be disabled with `set_option linter.unusedTactic false`
warning: LogdetLean/GramHafnian/UltimateHiding/DenseScore/H11_FourthJacobiFormula.lean:591:19: Unused tactic linter: `rfl` does nothing

Note: This linter can be disabled with `set_option linter.unusedTactic false`
warning: LogdetLean/GramHafnian/UltimateHiding/DenseScore/H11_FourthJacobiFormula.lean:598:19: Unused tactic linter: `rfl` does nothing

Note: This linter can be disabled with `set_option linter.unusedTactic false`
✔ [9205/9569] Built LogdetLean.GramHafnian.UltimateHiding.DenseScore.Conditional.H16BoundaryExponentFour (4.7s)
⚠ [9206/9569] Built LogdetLean.GramHafnian.UltimateHiding.DenseScore.H11_InvolutionFourthTraceInequality (9.0s)
warning: LogdetLean/GramHafnian/UltimateHiding/DenseScore/H11_InvolutionFourthTraceInequality.lean:64:16: Used `tac1 <;> tac2` where `(tac1; tac2)` would suffice

Note: This linter can be disabled with `set_option linter.unnecessarySeqFocus false`
warning: LogdetLean/GramHafnian/UltimateHiding/DenseScore/H11_InvolutionFourthTraceInequality.lean:71:16: Used `tac1 <;> tac2` where `(tac1; tac2)` would suffice

Note: This linter can be disabled with `set_option linter.unnecessarySeqFocus false`
warning: LogdetLean/GramHafnian/UltimateHiding/DenseScore/H11_InvolutionFourthTraceInequality.lean:82:16: Used `tac1 <;> tac2` where `(tac1; tac2)` would suffice

Note: This linter can be disabled with `set_option linter.unnecessarySeqFocus false`
warning: LogdetLean/GramHafnian/UltimateHiding/DenseScore/H11_InvolutionFourthTraceInequality.lean:89:16: Used `tac1 <;> tac2` where `(tac1; tac2)` would suffice

Note: This linter can be disabled with `set_option linter.unnecessarySeqFocus false`
warning: LogdetLean/GramHafnian/UltimateHiding/DenseScore/H11_InvolutionFourthTraceInequality.lean:99:16: Used `tac1 <;> tac2` where `(tac1; tac2)` would suffice

Note: This linter can be disabled with `set_option linter.unnecessarySeqFocus false`
warning: LogdetLean/GramHafnian/UltimateHiding/DenseScore/H11_InvolutionFourthTraceInequality.lean:109:16: Used `tac1 <;> tac2` where `(tac1; tac2)` would suffice

Note: This linter can be disabled with `set_option linter.unnecessarySeqFocus false`
warning: LogdetLean/GramHafnian/UltimateHiding/DenseScore/H11_InvolutionFourthTraceInequality.lean:119:16: Used `tac1 <;> tac2` where `(tac1; tac2)` would suffice

Note: This linter can be disabled with `set_option linter.unnecessarySeqFocus false`
warning: LogdetLean/GramHafnian/UltimateHiding/DenseScore/H11_InvolutionFourthTraceInequality.lean:124:12: Used `tac1 <;> tac2` where `(tac1; tac2)` would suffice

Note: This linter can be disabled with `set_option linter.unnecessarySeqFocus false`
warning: LogdetLean/GramHafnian/UltimateHiding/DenseScore/H11_InvolutionFourthTraceInequality.lean:153:44: This simp argument is unused:
  Matrix.one_mul

Hint: Omit it from the simp argument list.
  [apply] simp only [hJ2, Matrix.mul_one, pow_succ, Matrix.mul_assoc]

Note: This linter can be disabled with `set_option linter.unusedSimpArgs false`
warning: LogdetLean/GramHafnian/UltimateHiding/DenseScore/H11_InvolutionFourthTraceInequality.lean:173:20: Used `tac1 <;> tac2` where `(tac1; tac2)` would suffice

Note: This linter can be disabled with `set_option linter.unnecessarySeqFocus false`
warning: LogdetLean/GramHafnian/UltimateHiding/DenseScore/H11_InvolutionFourthTraceInequality.lean:177:16: Used `tac1 <;> tac2` where `(tac1; tac2)` would suffice

Note: This linter can be disabled with `set_option linter.unnecessarySeqFocus false`
✔ [9207/9569] Built LogdetLean.GramHafnian.UltimateHiding.DenseScore.H5_FriedmanMelloA1Adapter (4.5s)
⚠ [9208/9569] Built LogdetLean.GramHafnian.UltimateHiding.DenseScore.ProjectiveSecondMoment (5.5s)
warning: LogdetLean/GramHafnian/UltimateHiding/DenseScore/ProjectiveSecondMoment.lean:39:2: Try this: 
  letI̵

The goal is a proposition, so `let` is preferred over `letI`.
The difference between `let` and `letI` is that `letI` inlines the value.
But this is not relevant for proofs because of proof irrelevance.

Note: This linter can be disabled with `set_option linter.style.haveILetI false`
warning: LogdetLean/GramHafnian/UltimateHiding/DenseScore/ProjectiveSecondMoment.lean:55:2: Try this: 
  letI̵

The goal is a proposition, so `let` is preferred over `letI`.
The difference between `let` and `letI` is that `letI` inlines the value.
But this is not relevant for proofs because of proof irrelevance.

Note: This linter can be disabled with `set_option linter.style.haveILetI false`
warning: LogdetLean/GramHafnian/UltimateHiding/DenseScore/ProjectiveSecondMoment.lean:126:55: This simp argument is unused:
  Matrix.mul_apply

Hint: Omit it from the simp argument list.
  [apply] simp only [complexProjectiveTracePair, Matrix.trace]

Note: This linter can be disabled with `set_option linter.unusedSimpArgs false`
warning: LogdetLean/GramHafnian/UltimateHiding/DenseScore/ProjectiveSecondMoment.lean:395:2: Try this: 
  letI̵

The goal is a proposition, so `let` is preferred over `letI`.
The difference between `let` and `letI` is that `letI` inlines the value.
But this is not relevant for proofs because of proof irrelevance.

Note: This linter can be disabled with `set_option linter.style.haveILetI false`
warning: LogdetLean/GramHafnian/UltimateHiding/DenseScore/ProjectiveSecondMoment.lean:407:2: Try this: 
  letI̵

The goal is a proposition, so `let` is preferred over `letI`.
The difference between `let` and `letI` is that `letI` inlines the value.
But this is not relevant for proofs because of proof irrelevance.

Note: This linter can be disabled with `set_option linter.style.haveILetI false`
warning: LogdetLean/GramHafnian/UltimateHiding/DenseScore/ProjectiveSecondMoment.lean:421:23: Used `tac1 <;> tac2` where `(tac1; tac2)` would suffice

Note: This linter can be disabled with `set_option linter.unnecessarySeqFocus false`
warning: LogdetLean/GramHafnian/UltimateHiding/DenseScore/ProjectiveSecondMoment.lean:421:36: Used `tac1 <;> tac2` where `(tac1; tac2)` would suffice

Note: This linter can be disabled with `set_option linter.unnecessarySeqFocus false`
warning: LogdetLean/GramHafnian/UltimateHiding/DenseScore/ProjectiveSecondMoment.lean:421:57: Used `tac1 <;> tac2` where `(tac1; tac2)` would suffice

Note: This linter can be disabled with `set_option linter.unnecessarySeqFocus false`
warning: LogdetLean/GramHafnian/UltimateHiding/DenseScore/ProjectiveSecondMoment.lean:434:2: Try this: 
  letI̵

The goal is a proposition, so `let` is preferred over `letI`.
The difference between `let` and `letI` is that `letI` inlines the value.
But this is not relevant for proofs because of proof irrelevance.

Note: This linter can be disabled with `set_option linter.style.haveILetI false`
warning: LogdetLean/GramHafnian/UltimateHiding/DenseScore/ProjectiveSecondMoment.lean:506:2: Try this: 
  letI̵

The goal is a proposition, so `let` is preferred over `letI`.
The difference between `let` and `letI` is that `letI` inlines the value.
But this is not relevant for proofs because of proof irrelevance.

Note: This linter can be disabled with `set_option linter.style.haveILetI false`
warning: LogdetLean/GramHafnian/UltimateHiding/DenseScore/ProjectiveSecondMoment.lean:517:2: Try this: 
  letI̵

The goal is a proposition, so `let` is preferred over `letI`.
The difference between `let` and `letI` is that `letI` inlines the value.
But this is not relevant for proofs because of proof irrelevance.

Note: This linter can be disabled with `set_option linter.style.haveILetI false`
warning: LogdetLean/GramHafnian/UltimateHiding/DenseScore/ProjectiveSecondMoment.lean:531:23: Used `tac1 <;> tac2` where `(tac1; tac2)` would suffice

Note: This linter can be disabled with `set_option linter.unnecessarySeqFocus false`
warning: LogdetLean/GramHafnian/UltimateHiding/DenseScore/ProjectiveSecondMoment.lean:531:36: Used `tac1 <;> tac2` where `(tac1; tac2)` would suffice

Note: This linter can be disabled with `set_option linter.unnecessarySeqFocus false`
warning: LogdetLean/GramHafnian/UltimateHiding/DenseScore/ProjectiveSecondMoment.lean:531:57: Used `tac1 <;> tac2` where `(tac1; tac2)` would suffice

Note: This linter can be disabled with `set_option linter.unnecessarySeqFocus false`
warning: LogdetLean/GramHafnian/UltimateHiding/DenseScore/ProjectiveSecondMoment.lean:544:2: Try this: 
  letI̵

The goal is a proposition, so `let` is preferred over `letI`.
The difference between `let` and `letI` is that `letI` inlines the value.
But this is not relevant for proofs because of proof irrelevance.

Note: This linter can be disabled with `set_option linter.style.haveILetI false`
✔ [9209/9569] Built LogdetLean.GramHafnian.UltimateHiding.DenseScore.H6_Conditional (4.6s)
✔ [9210/9570] Built LogdetLean.GramHafnian.UltimateHiding.DenseScore.ConcreteCenteredLikelihood (4.8s)
⚠ [9211/9571] Built LogdetLean.GramHafnian.UltimateHiding.DenseScore.BetaPrimeMeanInternal (5.7s)
warning: LogdetLean/GramHafnian/UltimateHiding/DenseScore/BetaPrimeMeanInternal.lean:115:4: try 'simp' instead of 'simpa'

Note: This linter can be disabled with `set_option linter.unnecessarySimpa false`
warning: LogdetLean/GramHafnian/UltimateHiding/DenseScore/BetaPrimeMeanInternal.lean:127:2: Try this: 
  letI̵

The goal is a proposition, so `let` is preferred over `letI`.
The difference between `let` and `letI` is that `letI` inlines the value.
But this is not relevant for proofs because of proof irrelevance.

Note: This linter can be disabled with `set_option linter.style.haveILetI false`
warning: LogdetLean/GramHafnian/UltimateHiding/DenseScore/BetaPrimeMeanInternal.lean:244:12: This simp argument is unused:
  Pi.single_apply

Hint: Omit it from the simp argument list.
  [apply] simp [hbl]

Note: This linter can be disabled with `set_option linter.unusedSimpArgs false`
warning: LogdetLean/GramHafnian/UltimateHiding/DenseScore/BetaPrimeMeanInternal.lean:266:18: This simp argument is unused:
  Pi.single_apply

Hint: Omit it from the simp argument list.
  [apply] simp [ej, hij]

Note: This linter can be disabled with `set_option linter.unusedSimpArgs false`
warning: LogdetLean/GramHafnian/UltimateHiding/DenseScore/BetaPrimeMeanInternal.lean:338:6: `MeasureTheory.integral_finset_sum` has been deprecated: Use `MeasureTheory.integral_finsetSum` instead
warning: LogdetLean/GramHafnian/UltimateHiding/DenseScore/BetaPrimeMeanInternal.lean:361:2: Try this: 
  letI̵

The goal is a proposition, so `let` is preferred over `letI`.
The difference between `let` and `letI` is that `letI` inlines the value.
But this is not relevant for proofs because of proof irrelevance.

Note: This linter can be disabled with `set_option linter.style.haveILetI false`
warning: LogdetLean/GramHafnian/UltimateHiding/DenseScore/BetaPrimeMeanInternal.lean:483:2: Try this: 
  letI̵

The goal is a proposition, so `let` is preferred over `letI`.
The difference between `let` and `letI` is that `letI` inlines the value.
But this is not relevant for proofs because of proof irrelevance.

Note: This linter can be disabled with `set_option linter.style.haveILetI false`
warning: LogdetLean/GramHafnian/UltimateHiding/DenseScore/BetaPrimeMeanInternal.lean:486:2: Try this: 
  letI̵

The goal is a proposition, so `let` is preferred over `letI`.
The difference between `let` and `letI` is that `letI` inlines the value.
But this is not relevant for proofs because of proof irrelevance.

Note: This linter can be disabled with `set_option linter.style.haveILetI false`
✔ [9212/9571] Built LogdetLean.GramHafnian.UltimateHiding.Dense.ConcreteGLFactorActions (4.2s)
⚠ [9213/9571] Built LogdetLean.GramHafnian.UltimateHiding.DenseScore.Conditional.H16BoundaryTraceVanishing (4.5s)
warning: LogdetLean/GramHafnian/UltimateHiding/DenseScore/Conditional/H16BoundaryTraceVanishing.lean:19:25: Variable name `hC` is not explicitly referenced.

Hint: The binding can be removed (if unused) or named `_` (if used implicitly). Alternatively, prefix the name with `_` to silence this warning:
  [apply] _hC

Note: This linter can be disabled with `set_option linter.unusedVariables false`
⚠ [9214/9571] Built LogdetLean.GramHafnian.UltimateHiding.DenseScore.FriedmanMelloSupportFromDensity (4.6s)
warning: LogdetLean/GramHafnian/UltimateHiding/DenseScore/FriedmanMelloSupportFromDensity.lean:33:2: Try this: 
  letI̵

The goal is a proposition, so `let` is preferred over `letI`.
The difference between `let` and `letI` is that `letI` inlines the value.
But this is not relevant for proofs because of proof irrelevance.

Note: This linter can be disabled with `set_option linter.style.haveILetI false`
⚠ [9215/9571] Built LogdetLean.GramHafnian.UltimateHiding.DenseScore.H11_CayleyInvolutionBridge (7.1s)
warning: LogdetLean/GramHafnian/UltimateHiding/DenseScore/H11_CayleyInvolutionBridge.lean:38:14: Used `tac1 <;> tac2` where `(tac1; tac2)` would suffice

Note: This linter can be disabled with `set_option linter.unnecessarySeqFocus false`
warning: LogdetLean/GramHafnian/UltimateHiding/DenseScore/H11_CayleyInvolutionBridge.lean:79:18: Used `tac1 <;> tac2` where `(tac1; tac2)` would suffice

Note: This linter can be disabled with `set_option linter.unnecessarySeqFocus false`
⚠ [9216/9571] Built LogdetLean.GramHafnian.ShiftedAnticoncentration.Experimental.WickAngularLowerBound.WickSqrtBound (8.8s)
warning: LogdetLean/GramHafnian/ShiftedAnticoncentration/Experimental/WickAngularLowerBound/WickSqrtBound.lean:38:4: try 'simp' instead of 'simpa'

Note: This linter can be disabled with `set_option linter.unnecessarySimpa false`
warning: LogdetLean/GramHafnian/ShiftedAnticoncentration/Experimental/WickAngularLowerBound/WickSqrtBound.lean:74:2: Try this: 
  letI̵

The goal is a proposition, so `let` is preferred over `letI`.
The difference between `let` and `letI` is that `letI` inlines the value.
But this is not relevant for proofs because of proof irrelevance.

Note: This linter can be disabled with `set_option linter.style.haveILetI false`
warning: LogdetLean/GramHafnian/ShiftedAnticoncentration/Experimental/WickAngularLowerBound/WickSqrtBound.lean:107:2: Try this: 
  letI̵

The goal is a proposition, so `let` is preferred over `letI`.
The difference between `let` and `letI` is that `letI` inlines the value.
But this is not relevant for proofs because of proof irrelevance.

Note: This linter can be disabled with `set_option linter.style.haveILetI false`
warning: LogdetLean/GramHafnian/ShiftedAnticoncentration/Experimental/WickAngularLowerBound/WickSqrtBound.lean:160:2: Try this: 
  letI̵

The goal is a proposition, so `let` is preferred over `letI`.
The difference between `let` and `letI` is that `letI` inlines the value.
But this is not relevant for proofs because of proof irrelevance.

Note: This linter can be disabled with `set_option linter.style.haveILetI false`
warning: LogdetLean/GramHafnian/ShiftedAnticoncentration/Experimental/WickAngularLowerBound/WickSqrtBound.lean:156:13: Variable name `hk` is not explicitly referenced.

Hint: The binding can be removed (if unused) or named `_` (if used implicitly). Alternatively, prefix the name with `_` to silence this warning:
  [apply] _hk

Note: This linter can be disabled with `set_option linter.unusedVariables false`
warning: LogdetLean/GramHafnian/ShiftedAnticoncentration/Experimental/WickAngularLowerBound/WickSqrtBound.lean:180:2: Try this: 
  letI̵

The goal is a proposition, so `let` is preferred over `letI`.
The difference between `let` and `letI` is that `letI` inlines the value.
But this is not relevant for proofs because of proof irrelevance.

Note: This linter can be disabled with `set_option linter.style.haveILetI false`
warning: LogdetLean/GramHafnian/ShiftedAnticoncentration/Experimental/WickAngularLowerBound/WickSqrtBound.lean:203:2: Try this: 
  letI̵

The goal is a proposition, so `let` is preferred over `letI`.
The difference between `let` and `letI` is that `letI` inlines the value.
But this is not relevant for proofs because of proof irrelevance.

Note: This linter can be disabled with `set_option linter.style.haveILetI false`
warning: LogdetLean/GramHafnian/ShiftedAnticoncentration/Experimental/WickAngularLowerBound/WickSqrtBound.lean:205:2: Try this: 
  letI̵

The goal is a proposition, so `let` is preferred over `letI`.
The difference between `let` and `letI` is that `letI` inlines the value.
But this is not relevant for proofs because of proof irrelevance.

Note: This linter can be disabled with `set_option linter.style.haveILetI false`
warning: LogdetLean/GramHafnian/ShiftedAnticoncentration/Experimental/WickAngularLowerBound/WickSqrtBound.lean:269:17: This simp argument is unused:
  Prod.fst

Hint: Omit it from the simp argument list.
  [apply] simp only [Prod.snd]

Note: This linter can be disabled with `set_option linter.unusedSimpArgs false`
warning: LogdetLean/GramHafnian/ShiftedAnticoncentration/Experimental/WickAngularLowerBound/WickSqrtBound.lean:269:27: This simp argument is unused:
  Prod.snd

Hint: Omit it from the simp argument list.
  [apply] simp only [Prod.fst]

Note: This linter can be disabled with `set_option linter.unusedSimpArgs false`
warning: LogdetLean/GramHafnian/ShiftedAnticoncentration/Experimental/WickAngularLowerBound/WickSqrtBound.lean:322:2: Try this: 
  letI̵

The goal is a proposition, so `let` is preferred over `letI`.
The difference between `let` and `letI` is that `letI` inlines the value.
But this is not relevant for proofs because of proof irrelevance.

Note: This linter can be disabled with `set_option linter.style.haveILetI false`
warning: LogdetLean/GramHafnian/ShiftedAnticoncentration/Experimental/WickAngularLowerBound/WickSqrtBound.lean:324:2: Try this: 
  letI̵

The goal is a proposition, so `let` is preferred over `letI`.
The difference between `let` and `letI` is that `letI` inlines the value.
But this is not relevant for proofs because of proof irrelevance.

Note: This linter can be disabled with `set_option linter.style.haveILetI false`
warning: LogdetLean/GramHafnian/ShiftedAnticoncentration/Experimental/WickAngularLowerBound/WickSqrtBound.lean:370:15: Variable name `hn` is not explicitly referenced.

Hint: The binding can be removed (if unused) or named `_` (if used implicitly). Alternatively, prefix the name with `_` to silence this warning:
  [apply] _hn

Note: This linter can be disabled with `set_option linter.unusedVariables false`
warning: LogdetLean/GramHafnian/ShiftedAnticoncentration/Experimental/WickAngularLowerBound/WickSqrtBound.lean:390:2: Try this: 
  letI̵

The goal is a proposition, so `let` is preferred over `letI`.
The difference between `let` and `letI` is that `letI` inlines the value.
But this is not relevant for proofs because of proof irrelevance.

Note: This linter can be disabled with `set_option linter.style.haveILetI false`
warning: LogdetLean/GramHafnian/ShiftedAnticoncentration/Experimental/WickAngularLowerBound/WickSqrtBound.lean:393:2: Try this: 
  letI̵

The goal is a proposition, so `let` is preferred over `letI`.
The difference between `let` and `letI` is that `letI` inlines the value.
But this is not relevant for proofs because of proof irrelevance.

Note: This linter can be disabled with `set_option linter.style.haveILetI false`
✔ [9217/9571] Built LogdetLean.GramHafnian.UltimateHiding.DenseScore.ProjectiveTracePairHermitian (4.7s)
⚠ [9218/9571] Built LogdetLean.GramHafnian.UltimateHiding.Sparse.H19HaarGramSecondMoment (6.5s)
warning: LogdetLean/GramHafnian/UltimateHiding/Sparse/H19HaarGramSecondMoment.lean:421:2: Try this: 
  letI̵

The goal is a proposition, so `let` is preferred over `letI`.
The difference between `let` and `letI` is that `letI` inlines the value.
But this is not relevant for proofs because of proof irrelevance.

Note: This linter can be disabled with `set_option linter.style.haveILetI false`
warning: LogdetLean/GramHafnian/UltimateHiding/Sparse/H19HaarGramSecondMoment.lean:423:2: Try this: 
  letI̵

The goal is a proposition, so `let` is preferred over `letI`.
The difference between `let` and `letI` is that `letI` inlines the value.
But this is not relevant for proofs because of proof irrelevance.

Note: This linter can be disabled with `set_option linter.style.haveILetI false`
warning: LogdetLean/GramHafnian/UltimateHiding/Sparse/H19HaarGramSecondMoment.lean:523:10: `MeasureTheory.integral_finset_sum` has been deprecated: Use `MeasureTheory.integral_finsetSum` instead
warning: LogdetLean/GramHafnian/UltimateHiding/Sparse/H19HaarGramSecondMoment.lean:602:10: `MeasureTheory.integral_finset_sum` has been deprecated: Use `MeasureTheory.integral_finsetSum` instead
warning: LogdetLean/GramHafnian/UltimateHiding/Sparse/H19HaarGramSecondMoment.lean:605:12: `MeasureTheory.integral_finset_sum` has been deprecated: Use `MeasureTheory.integral_finsetSum` instead
warning: LogdetLean/GramHafnian/UltimateHiding/Sparse/H19HaarGramSecondMoment.lean:611:14: `MeasureTheory.integrable_finset_sum` has been deprecated: Use `MeasureTheory.integrable_finsetSum` instead
warning: LogdetLean/GramHafnian/UltimateHiding/Sparse/H19HaarGramSecondMoment.lean:663:12: `MeasureTheory.integral_finset_sum` has been deprecated: Use `MeasureTheory.integral_finsetSum` instead
warning: LogdetLean/GramHafnian/UltimateHiding/Sparse/H19HaarGramSecondMoment.lean:686:8: try 'simp' instead of 'simpa'

Note: This linter can be disabled with `set_option linter.unnecessarySimpa false`
warning: LogdetLean/GramHafnian/UltimateHiding/Sparse/H19HaarGramSecondMoment.lean:859:4: `MeasureTheory.integrable_finset_sum` has been deprecated: Use `MeasureTheory.integrable_finsetSum` instead
warning: LogdetLean/GramHafnian/UltimateHiding/Sparse/H19HaarGramSecondMoment.lean:874:26: `MeasureTheory.integral_finset_sum` has been deprecated: Use `MeasureTheory.integral_finsetSum` instead
warning: LogdetLean/GramHafnian/UltimateHiding/Sparse/H19HaarGramSecondMoment.lean:911:8: try 'simp' instead of 'simpa'

Note: This linter can be disabled with `set_option linter.unnecessarySimpa false`
warning: LogdetLean/GramHafnian/UltimateHiding/Sparse/H19HaarGramSecondMoment.lean:900:13: Variable name `hN` is not explicitly referenced.

Hint: The binding can be removed (if unused) or named `_` (if used implicitly). Alternatively, prefix the name with `_` to silence this warning:
  [apply] _hN

Note: This linter can be disabled with `set_option linter.unusedVariables false`
warning: LogdetLean/GramHafnian/UltimateHiding/Sparse/H19HaarGramSecondMoment.lean:955:4: `MeasureTheory.integrable_finset_sum` has been deprecated: Use `MeasureTheory.integrable_finsetSum` instead
warning: LogdetLean/GramHafnian/UltimateHiding/Sparse/H19HaarGramSecondMoment.lean:956:6: `MeasureTheory.integrable_finset_sum` has been deprecated: Use `MeasureTheory.integrable_finsetSum` instead
warning: LogdetLean/GramHafnian/UltimateHiding/Sparse/H19HaarGramSecondMoment.lean:984:6: `MeasureTheory.integral_finset_sum` has been deprecated: Use `MeasureTheory.integral_finsetSum` instead
warning: LogdetLean/GramHafnian/UltimateHiding/Sparse/H19HaarGramSecondMoment.lean:1004:12: `MeasureTheory.integral_finset_sum` has been deprecated: Use `MeasureTheory.integral_finsetSum` instead
warning: LogdetLean/GramHafnian/UltimateHiding/Sparse/H19HaarGramSecondMoment.lean:1037:10: `MeasureTheory.integrable_finset_sum` has been deprecated: Use `MeasureTheory.integrable_finsetSum` instead
warning: LogdetLean/GramHafnian/UltimateHiding/Sparse/H19HaarGramSecondMoment.lean:1226:6: Unused tactic linter: `change
  (((N : ℝ) * K * M * ((M : ℝ) * ((N : ℝ) + K) - (N : ℝ) * K - 1) / ((M : ℝ) ^ 2 - 1) : ℝ) : ℂ).re = _` does nothing

Note: This linter can be disabled with `set_option linter.unusedTactic false`
✔ [9219/9571] Built LogdetLean.GramHafnian.UltimateHiding.DenseScore.CenteredRankOneDensityScores (4.6s)
⚠ [9220/9571] Built LogdetLean.GramHafnian.UltimateHiding.DenseScore.ProjectiveThirdTraceMoment (7.6s)
warning: LogdetLean/GramHafnian/UltimateHiding/DenseScore/ProjectiveThirdTraceMoment.lean:30:2: Try this: 
  letI̵

The goal is a proposition, so `let` is preferred over `letI`.
The difference between `let` and `letI` is that `letI` inlines the value.
But this is not relevant for proofs because of proof irrelevance.

Note: This linter can be disabled with `set_option linter.style.haveILetI false`
warning: LogdetLean/GramHafnian/UltimateHiding/DenseScore/ProjectiveThirdTraceMoment.lean:234:58: This simp argument is unused:
  pow_two

Hint: Omit it from the simp argument list.
  [apply] simp only [Matrix.trace, Matrix.diag_apply, pow_succ, Finset.sum_mul, Finset.mul_sum]

Note: This linter can be disabled with `set_option linter.unusedSimpArgs false`
✔ [9221/9571] Built LogdetLean.GramHafnian.UltimateHiding.DenseScore.H6_BetaJacobiBetaPrimeTransport (4.0s)
⚠ [9222/9571] Built LogdetLean.GramHafnian.UltimateHiding.DenseScore.CubicDifferentialBasics (5.3s)
warning: LogdetLean/GramHafnian/UltimateHiding/DenseScore/CubicDifferentialBasics.lean:45:32: `ContinuousLinearMap.add_apply` has been deprecated: Use `add_apply` instead

Note: The updated constant is in a different namespace. Dot notation may need to be changed (e.g., from `x.add_apply` to `add_apply x`).
warning: LogdetLean/GramHafnian/UltimateHiding/DenseScore/CubicDifferentialBasics.lean:46:4: `ContinuousLinearMap.smul_apply` has been deprecated: Use `smul_apply` instead

Note: The updated constant is in a different namespace. Dot notation may need to be changed (e.g., from `x.smul_apply` to `smul_apply x`).
✔ [9223/9571] Built LogdetLean.GramHafnian.UltimateHiding.DenseScore.CenteredFourthScoreSanity (4.8s)
⚠ [9224/9572] Built LogdetLean.GramHafnian.UltimateHiding.DenseScore.ConcreteScaledCOECornerProbability (4.6s)
warning: LogdetLean/GramHafnian/UltimateHiding/DenseScore/ConcreteScaledCOECornerProbability.lean:26:2: Try this: 
  letI̵

The goal is a proposition, so `let` is preferred over `letI`.
The difference between `let` and `letI` is that `letI` inlines the value.
But this is not relevant for proofs because of proof irrelevance.

Note: This linter can be disabled with `set_option linter.style.haveILetI false`
✔ [9225/9572] Built LogdetLean.GramHafnian.UltimateHiding.DenseScore.CenteredScoreProductLaw (4.3s)
⚠ [9226/9572] Built LogdetLean.GramHafnian.UltimateHiding.DenseScore.ClassicalMomentBoundsExternal (5.1s)
warning: LogdetLean/GramHafnian/UltimateHiding/DenseScore/ClassicalMomentBoundsExternal.lean:85:2: Try this: 
  letI̵

The goal is a proposition, so `let` is preferred over `letI`.
The difference between `let` and `letI` is that `letI` inlines the value.
But this is not relevant for proofs because of proof irrelevance.

Note: This linter can be disabled with `set_option linter.style.haveILetI false`
warning: LogdetLean/GramHafnian/UltimateHiding/DenseScore/ClassicalMomentBoundsExternal.lean:88:2: Try this: 
  letI̵

The goal is a proposition, so `let` is preferred over `letI`.
The difference between `let` and `letI` is that `letI` inlines the value.
But this is not relevant for proofs because of proof irrelevance.

Note: This linter can be disabled with `set_option linter.style.haveILetI false`
warning: LogdetLean/GramHafnian/UltimateHiding/DenseScore/ClassicalMomentBoundsExternal.lean:98:2: Try this: 
  letI̵

The goal is a proposition, so `let` is preferred over `letI`.
The difference between `let` and `letI` is that `letI` inlines the value.
But this is not relevant for proofs because of proof irrelevance.

Note: This linter can be disabled with `set_option linter.style.haveILetI false`
warning: LogdetLean/GramHafnian/UltimateHiding/DenseScore/ClassicalMomentBoundsExternal.lean:148:2: Try this: 
  letI̵

The goal is a proposition, so `let` is preferred over `letI`.
The difference between `let` and `letI` is that `letI` inlines the value.
But this is not relevant for proofs because of proof irrelevance.

Note: This linter can be disabled with `set_option linter.style.haveILetI false`
✔ [9227/9572] Built LogdetLean.GramHafnian.UltimateHiding.DenseScore.H6_WishartSimilarity (5.2s)
⚠ [9228/9573] Built LogdetLean.GramHafnian.UltimateHiding.DenseScore.H9_InverseMomentConditional (5.0s)
warning: LogdetLean/GramHafnian/UltimateHiding/DenseScore/H9_InverseMomentConditional.lean:214:2: Try this: 
  letI̵

The goal is a proposition, so `let` is preferred over `letI`.
The difference between `let` and `letI` is that `letI` inlines the value.
But this is not relevant for proofs because of proof irrelevance.

Note: This linter can be disabled with `set_option linter.style.haveILetI false`
warning: LogdetLean/GramHafnian/UltimateHiding/DenseScore/H9_InverseMomentConditional.lean:224:2: Try this: 
  letI̵

The goal is a proposition, so `let` is preferred over `letI`.
The difference between `let` and `letI` is that `letI` inlines the value.
But this is not relevant for proofs because of proof irrelevance.

Note: This linter can be disabled with `set_option linter.style.haveILetI false`
⚠ [9229/9573] Built LogdetLean.GramHafnian.UltimateHiding.DenseScore.U08.GaussianPoincareRegularization (4.5s)
warning: LogdetLean/GramHafnian/UltimateHiding/DenseScore/U08/GaussianPoincareRegularization.lean:132:2: Try this: 
  letI̵

The goal is a proposition, so `let` is preferred over `letI`.
The difference between `let` and `letI` is that `letI` inlines the value.
But this is not relevant for proofs because of proof irrelevance.

Note: This linter can be disabled with `set_option linter.style.haveILetI false`
warning: LogdetLean/GramHafnian/UltimateHiding/DenseScore/U08/GaussianPoincareRegularization.lean:133:2: Try this: 
  letI̵

The goal is a proposition, so `let` is preferred over `letI`.
The difference between `let` and `letI` is that `letI` inlines the value.
But this is not relevant for proofs because of proof irrelevance.

Note: This linter can be disabled with `set_option linter.style.haveILetI false`
warning: LogdetLean/GramHafnian/UltimateHiding/DenseScore/U08/GaussianPoincareRegularization.lean:135:2: Try this: 
  letI̵

The goal is a proposition, so `let` is preferred over `letI`.
The difference between `let` and `letI` is that `letI` inlines the value.
But this is not relevant for proofs because of proof irrelevance.

Note: This linter can be disabled with `set_option linter.style.haveILetI false`
warning: LogdetLean/GramHafnian/UltimateHiding/DenseScore/U08/GaussianPoincareRegularization.lean:159:2: Try this: 
  letI̵

The goal is a proposition, so `let` is preferred over `letI`.
The difference between `let` and `letI` is that `letI` inlines the value.
But this is not relevant for proofs because of proof irrelevance.

Note: This linter can be disabled with `set_option linter.style.haveILetI false`
warning: LogdetLean/GramHafnian/UltimateHiding/DenseScore/U08/GaussianPoincareRegularization.lean:162:2: Try this: 
  letI̵

The goal is a proposition, so `let` is preferred over `letI`.
The difference between `let` and `letI` is that `letI` inlines the value.
But this is not relevant for proofs because of proof irrelevance.

Note: This linter can be disabled with `set_option linter.style.haveILetI false`
⚠ [9230/9573] Built LogdetLean.GramHafnian.UltimateHiding.DenseScore.CenteredFlowGeometry (11s)
warning: LogdetLean/GramHafnian/UltimateHiding/DenseScore/CenteredFlowGeometry.lean:53:27: This simp argument is unused:
  complexRankOneProjection

Hint: Omit it from the simp argument list.
  [apply] simp only [Matrix.trace]

Note: This linter can be disabled with `set_option linter.unusedSimpArgs false`
warning: LogdetLean/GramHafnian/UltimateHiding/DenseScore/CenteredFlowGeometry.lean:107:10: This simp argument is unused:
  Matrix.diagonal_apply

Hint: Omit it from the simp argument list.
  [apply] simp [Matrix.one_apply, hij]

Note: This linter can be disabled with `set_option linter.unusedSimpArgs false`
warning: LogdetLean/GramHafnian/UltimateHiding/DenseScore/CenteredFlowGeometry.lean:107:33: This simp argument is unused:
  Matrix.one_apply

Hint: Omit it from the simp argument list.
  [apply] simp [Matrix.diagonal_apply, hij]

Note: This linter can be disabled with `set_option linter.unusedSimpArgs false`
⚠ [9231/9573] Built LogdetLean.GramHafnian.UltimateHiding.Dense.GLConcreteH2Endpoint (4.4s)
warning: LogdetLean/GramHafnian/UltimateHiding/Dense/GLConcreteH2Endpoint.lean:35:2: Try this: 
  letI̵

The goal is a proposition, so `let` is preferred over `letI`.
The difference between `let` and `letI` is that `letI` inlines the value.
But this is not relevant for proofs because of proof irrelevance.

Note: This linter can be disabled with `set_option linter.style.haveILetI false`
warning: LogdetLean/GramHafnian/UltimateHiding/Dense/GLConcreteH2Endpoint.lean:37:2: Try this: 
  letI̵

The goal is a proposition, so `let` is preferred over `letI`.
The difference between `let` and `letI` is that `letI` inlines the value.
But this is not relevant for proofs because of proof irrelevance.

Note: This linter can be disabled with `set_option linter.style.haveILetI false`
warning: LogdetLean/GramHafnian/UltimateHiding/Dense/GLConcreteH2Endpoint.lean:39:2: Try this: 
  letI̵

The goal is a proposition, so `let` is preferred over `letI`.
The difference between `let` and `letI` is that `letI` inlines the value.
But this is not relevant for proofs because of proof irrelevance.

Note: This linter can be disabled with `set_option linter.style.haveILetI false`
warning: LogdetLean/GramHafnian/UltimateHiding/Dense/GLConcreteH2Endpoint.lean:41:2: Try this: 
  letI̵

The goal is a proposition, so `let` is preferred over `letI`.
The difference between `let` and `letI` is that `letI` inlines the value.
But this is not relevant for proofs because of proof irrelevance.

Note: This linter can be disabled with `set_option linter.style.haveILetI false`
warning: LogdetLean/GramHafnian/UltimateHiding/Dense/GLConcreteH2Endpoint.lean:43:2: Try this: 
  letI̵

The goal is a proposition, so `let` is preferred over `letI`.
The difference between `let` and `letI` is that `letI` inlines the value.
But this is not relevant for proofs because of proof irrelevance.

Note: This linter can be disabled with `set_option linter.style.haveILetI false`
⚠ [9232/9573] Built LogdetLean.GramHafnian.UltimateHiding.DenseScore.U08.InverseWishartEntryProductIntegrability (5.9s)
warning: LogdetLean/GramHafnian/UltimateHiding/DenseScore/U08/InverseWishartEntryProductIntegrability.lean:143:2: Try this: 
  letI̵

The goal is a proposition, so `let` is preferred over `letI`.
The difference between `let` and `letI` is that `letI` inlines the value.
But this is not relevant for proofs because of proof irrelevance.

Note: This linter can be disabled with `set_option linter.style.haveILetI false`
warning: LogdetLean/GramHafnian/UltimateHiding/DenseScore/U08/InverseWishartEntryProductIntegrability.lean:400:4: Try this: 
  letI̵

The goal is a proposition, so `let` is preferred over `letI`.
The difference between `let` and `letI` is that `letI` inlines the value.
But this is not relevant for proofs because of proof irrelevance.

Note: This linter can be disabled with `set_option linter.style.haveILetI false`
⚠ [9233/9573] Built LogdetLean.GramHafnian.UltimateHiding.DenseScore.Conditional.H16AmbientDensity (4.7s)
warning: LogdetLean/GramHafnian/UltimateHiding/DenseScore/Conditional/H16AmbientDensity.lean:110:2: Try this: 
  letI̵

The goal is a proposition, so `let` is preferred over `letI`.
The difference between `let` and `letI` is that `letI` inlines the value.
But this is not relevant for proofs because of proof irrelevance.

Note: This linter can be disabled with `set_option linter.style.haveILetI false`
✔ [9234/9573] Built LogdetLean.GramHafnian.UltimateHiding.H3H4Central.CoordinateDensityConditional (4.7s)
⚠ [9235/9573] Built LogdetLean.GramHafnian.UltimateHiding.DenseScore.H11_CayleySquareRoot (4.0s)
warning: LogdetLean/GramHafnian/UltimateHiding/DenseScore/H11_CayleySquareRoot.lean:37:2: Try this: 
  letI̵

The goal is a proposition, so `let` is preferred over `letI`.
The difference between `let` and `letI` is that `letI` inlines the value.
But this is not relevant for proofs because of proof irrelevance.

Note: This linter can be disabled with `set_option linter.style.haveILetI false`
✔ [9236/9573] Built LogdetLean.GramHafnian.ShiftedAnticoncentration.Experimental.WickAngularLowerBound.PaperEndpoint (4.6s)
✔ [9237/9573] Built LogdetLean.GramHafnian.UltimateHiding.DenseScore.CenteredScoreLowMeasurability (5.2s)
⚠ [9238/9573] Built LogdetLean.GramHafnian.UltimateHiding.DenseScore.ConcreteProjectiveCubicIdentification (5.9s)
warning: LogdetLean/GramHafnian/UltimateHiding/DenseScore/ConcreteProjectiveCubicIdentification.lean:80:40: This simp argument is unused:
  smul_smul

Hint: Omit it from the simp argument list.
  [apply] simp only [Matrix.sub_mul, Matrix.mul_sub, Matrix.mul_one, Matrix.one_mul, Matrix.smul_mul, Matrix.mul_smul]

Note: This linter can be disabled with `set_option linter.unusedSimpArgs false`
warning: LogdetLean/GramHafnian/UltimateHiding/DenseScore/ConcreteProjectiveCubicIdentification.lean:85:45: This simp argument is unused:
  Complex.mul_re

Hint: Omit it from the simp argument list.
  [apply] simp only [Complex.sub_re, Complex.add_re, Complex.ofReal_re, Complex.ofReal_im, zero_mul, mul_zero, sub_zero,
    concreteCOECenteredMatrixTraceTwo, concreteCOETraceOne, concreteCOETraceTwo, concreteRealTrace, Y, c]

Note: This linter can be disabled with `set_option linter.unusedSimpArgs false`
warning: LogdetLean/GramHafnian/UltimateHiding/DenseScore/ConcreteProjectiveCubicIdentification.lean:86:4: This simp argument is unused:
  Complex.ofReal_re

Hint: Omit it from the simp argument list.
  [apply] simp only [Complex.sub_re, Complex.add_re, Complex.mul_re, Complex.ofReal_im, zero_mul, mul_zero, sub_zero,
    concreteCOECenteredMatrixTraceTwo, concreteCOETraceOne, concreteCOETraceTwo, concreteRealTrace, Y, c]

Note: This linter can be disabled with `set_option linter.unusedSimpArgs false`
warning: LogdetLean/GramHafnian/UltimateHiding/DenseScore/ConcreteProjectiveCubicIdentification.lean:86:23: This simp argument is unused:
  Complex.ofReal_im

Hint: Omit it from the simp argument list.
  [apply] simp only [Complex.sub_re, Complex.add_re, Complex.mul_re, Complex.ofReal_re, zero_mul, mul_zero, sub_zero,
    concreteCOECenteredMatrixTraceTwo, concreteCOETraceOne, concreteCOETraceTwo, concreteRealTrace, Y, c]

Note: This linter can be disabled with `set_option linter.unusedSimpArgs false`
warning: LogdetLean/GramHafnian/UltimateHiding/DenseScore/ConcreteProjectiveCubicIdentification.lean:86:42: This simp argument is unused:
  zero_mul

Hint: Omit it from the simp argument list.
  [apply] simp only [Complex.sub_re, Complex.add_re, Complex.mul_re, Complex.ofReal_re, Complex.ofReal_im, mul_zero,
    sub_zero, concreteCOECenteredMatrixTraceTwo, concreteCOETraceOne, concreteCOETraceTwo, concreteRealTrace, Y, c]

Note: This linter can be disabled with `set_option linter.unusedSimpArgs false`
warning: LogdetLean/GramHafnian/UltimateHiding/DenseScore/ConcreteProjectiveCubicIdentification.lean:86:52: This simp argument is unused:
  mul_zero

Hint: Omit it from the simp argument list.
  [apply] simp only [Complex.sub_re, Complex.add_re, Complex.mul_re, Complex.ofReal_re, Complex.ofReal_im, zero_mul,
    sub_zero, concreteCOECenteredMatrixTraceTwo, concreteCOETraceOne, concreteCOETraceTwo, concreteRealTrace, Y, c]

Note: This linter can be disabled with `set_option linter.unusedSimpArgs false`
warning: LogdetLean/GramHafnian/UltimateHiding/DenseScore/ConcreteProjectiveCubicIdentification.lean:86:62: This simp argument is unused:
  sub_zero

Hint: Omit it from the simp argument list.
  [apply] simp only [Complex.sub_re, Complex.add_re, Complex.mul_re, Complex.ofReal_re, Complex.ofReal_im, zero_mul,
    mul_zero, concreteCOECenteredMatrixTraceTwo, concreteCOETraceOne, concreteCOETraceTwo, concreteRealTrace, Y, c]

Note: This linter can be disabled with `set_option linter.unusedSimpArgs false`
warning: LogdetLean/GramHafnian/UltimateHiding/DenseScore/ConcreteProjectiveCubicIdentification.lean:108:40: This simp argument is unused:
  smul_smul

Hint: Omit it from the simp argument list.
  [apply] simp only [Matrix.sub_mul, Matrix.mul_sub, Matrix.mul_one, Matrix.one_mul, Matrix.smul_mul, Matrix.mul_smul]

Note: This linter can be disabled with `set_option linter.unusedSimpArgs false`
warning: LogdetLean/GramHafnian/UltimateHiding/DenseScore/ConcreteProjectiveCubicIdentification.lean:113:45: This simp argument is unused:
  Complex.mul_re

Hint: Omit it from the simp argument list.
  [apply] simp only [Complex.sub_re, Complex.add_re, Complex.ofReal_re, Complex.ofReal_im, zero_mul, mul_zero, sub_zero,
    concreteCOECenteredMatrixTraceThree, concreteCOETraceOne, concreteCOETraceTwo, concreteCOETraceThree,
    concreteRealTrace, Y, c]

Note: This linter can be disabled with `set_option linter.unusedSimpArgs false`
warning: LogdetLean/GramHafnian/UltimateHiding/DenseScore/ConcreteProjectiveCubicIdentification.lean:114:4: This simp argument is unused:
  Complex.ofReal_re

Hint: Omit it from the simp argument list.
  [apply] simp only [Complex.sub_re, Complex.add_re, Complex.mul_re, Complex.ofReal_im, zero_mul, mul_zero, sub_zero,
    concreteCOECenteredMatrixTraceThree, concreteCOETraceOne, concreteCOETraceTwo, concreteCOETraceThree,
    concreteRealTrace, Y, c]

Note: This linter can be disabled with `set_option linter.unusedSimpArgs false`
warning: LogdetLean/GramHafnian/UltimateHiding/DenseScore/ConcreteProjectiveCubicIdentification.lean:114:23: This simp argument is unused:
  Complex.ofReal_im

Hint: Omit it from the simp argument list.
  [apply] simp only [Complex.sub_re, Complex.add_re, Complex.mul_re, Complex.ofReal_re, zero_mul, mul_zero, sub_zero,
    concreteCOECenteredMatrixTraceThree, concreteCOETraceOne, concreteCOETraceTwo, concreteCOETraceThree,
    concreteRealTrace, Y, c]

Note: This linter can be disabled with `set_option linter.unusedSimpArgs false`
warning: LogdetLean/GramHafnian/UltimateHiding/DenseScore/ConcreteProjectiveCubicIdentification.lean:114:42: This simp argument is unused:
  zero_mul

Hint: Omit it from the simp argument list.
  [apply] simp only [Complex.sub_re, Complex.add_re, Complex.mul_re, Complex.ofReal_re, Complex.ofReal_im, mul_zero,
    sub_zero, concreteCOECenteredMatrixTraceThree, concreteCOETraceOne, concreteCOETraceTwo, concreteCOETraceThree,
    concreteRealTrace, Y, c]

Note: This linter can be disabled with `set_option linter.unusedSimpArgs false`
warning: LogdetLean/GramHafnian/UltimateHiding/DenseScore/ConcreteProjectiveCubicIdentification.lean:114:52: This simp argument is unused:
  mul_zero

Hint: Omit it from the simp argument list.
  [apply] simp only [Complex.sub_re, Complex.add_re, Complex.mul_re, Complex.ofReal_re, Complex.ofReal_im, zero_mul,
    sub_zero, concreteCOECenteredMatrixTraceThree, concreteCOETraceOne, concreteCOETraceTwo, concreteCOETraceThree,
    concreteRealTrace, Y, c]

Note: This linter can be disabled with `set_option linter.unusedSimpArgs false`
warning: LogdetLean/GramHafnian/UltimateHiding/DenseScore/ConcreteProjectiveCubicIdentification.lean:114:62: This simp argument is unused:
  sub_zero

Hint: Omit it from the simp argument list.
  [apply] simp only [Complex.sub_re, Complex.add_re, Complex.mul_re, Complex.ofReal_re, Complex.ofReal_im, zero_mul,
    mul_zero, concreteCOECenteredMatrixTraceThree, concreteCOETraceOne, concreteCOETraceTwo, concreteCOETraceThree,
    concreteRealTrace, Y, c]

Note: This linter can be disabled with `set_option linter.unusedSimpArgs false`
warning: LogdetLean/GramHafnian/UltimateHiding/DenseScore/ConcreteProjectiveCubicIdentification.lean:235:20: This simp argument is unused:
  concreteCOECenteredMatrix_trace_re

Hint: Omit it from the simp argument list.
  [apply] simp only [Complex.ofReal_re, Complex.ofReal_im, zero_mul, sub_zero, Complex.add_re,
    concreteCOECenteredMatrix_sq_trace_re]

Note: This linter can be disabled with `set_option linter.unusedSimpArgs false`
warning: LogdetLean/GramHafnian/UltimateHiding/DenseScore/ConcreteProjectiveCubicIdentification.lean:236:4: This simp argument is unused:
  concreteCOECenteredMatrix_sq_trace_re

Hint: Omit it from the simp argument list.
  [apply] simp only [Complex.ofReal_re, Complex.ofReal_im, zero_mul, sub_zero, Complex.add_re,
    concreteCOECenteredMatrix_trace_re]

Note: This linter can be disabled with `set_option linter.unusedSimpArgs false`
warning: LogdetLean/GramHafnian/UltimateHiding/DenseScore/ConcreteProjectiveCubicIdentification.lean:307:20: This simp argument is unused:
  concreteCOECenteredMatrix_trace_re

Hint: Omit it from the simp argument list.
  [apply] simp only [Complex.ofReal_re, Complex.ofReal_im, zero_mul, sub_zero, Complex.add_re,
    concreteCOECenteredMatrix_sq_trace_re, concreteCOECenteredMatrix_cube_trace_re]

Note: This linter can be disabled with `set_option linter.unusedSimpArgs false`
warning: LogdetLean/GramHafnian/UltimateHiding/DenseScore/ConcreteProjectiveCubicIdentification.lean:308:4: This simp argument is unused:
  concreteCOECenteredMatrix_sq_trace_re

Hint: Omit it from the simp argument list.
  [apply] simp only [Complex.ofReal_re, Complex.ofReal_im, zero_mul, sub_zero, Complex.add_re,
    concreteCOECenteredMatrix_trace_re, concreteCOECenteredMatrix_cube_trace_re]

Note: This linter can be disabled with `set_option linter.unusedSimpArgs false`
warning: LogdetLean/GramHafnian/UltimateHiding/DenseScore/ConcreteProjectiveCubicIdentification.lean:309:4: This simp argument is unused:
  concreteCOECenteredMatrix_cube_trace_re

Hint: Omit it from the simp argument list.
  [apply] simp only [Complex.ofReal_re, Complex.ofReal_im, zero_mul, sub_zero, Complex.add_re,
    concreteCOECenteredMatrix_trace_re, concreteCOECenteredMatrix_sq_trace_re]

Note: This linter can be disabled with `set_option linter.unusedSimpArgs false`
⚠ [9239/9573] Built LogdetLean.GramHafnian.UltimateHiding.Sparse.H19HaarCornerBaseColumn (10s)
warning: LogdetLean/GramHafnian/UltimateHiding/Sparse/H19HaarCornerBaseColumn.lean:188:2: Try this: 
  letI̵

The goal is a proposition, so `let` is preferred over `letI`.
The difference between `let` and `letI` is that `letI` inlines the value.
But this is not relevant for proofs because of proof irrelevance.

Note: This linter can be disabled with `set_option linter.style.haveILetI false`
warning: LogdetLean/GramHafnian/UltimateHiding/Sparse/H19HaarCornerBaseColumn.lean:179:56: Variable name `hK` is not explicitly referenced.

Hint: The binding can be removed (if unused) or named `_` (if used implicitly). Alternatively, prefix the name with `_` to silence this warning:
  [apply] _hK

Note: This linter can be disabled with `set_option linter.unusedVariables false`
warning: LogdetLean/GramHafnian/UltimateHiding/Sparse/H19HaarCornerBaseColumn.lean:213:2: Try this: 
  letI̵

The goal is a proposition, so `let` is preferred over `letI`.
The difference between `let` and `letI` is that `letI` inlines the value.
But this is not relevant for proofs because of proof irrelevance.

Note: This linter can be disabled with `set_option linter.style.haveILetI false`
info: LogdetLean/GramHafnian/UltimateHiding/Sparse/H19HaarCornerBaseColumn.lean:241:4: Try this:
  [apply] ring_nf
  
  The `ring` tactic failed to close the goal. Use `ring_nf` to obtain a normal form.
    
  Note that `ring` works primarily in *commutative* rings. If you have a noncommutative ring, abelian group or module, consider using `noncomm_ring`, `abel` or `module` instead.
warning: LogdetLean/GramHafnian/UltimateHiding/Sparse/H19HaarCornerBaseColumn.lean:382:37: `push_neg` has been deprecated. Prefer using `push Not` instead.
If you'd rather continue using `push_neg` in your project, you can implement it as follows:
```
open Lean.Parser.Tactic in
macro "push_neg" cfg:optConfig loc:(location)? : tactic =>
  `(tactic| push $cfg:optConfig Not $[$loc]?)
```
warning: LogdetLean/GramHafnian/UltimateHiding/Sparse/H19HaarCornerBaseColumn.lean:471:2: Try this: 
  letI̵

The goal is a proposition, so `let` is preferred over `letI`.
The difference between `let` and `letI` is that `letI` inlines the value.
But this is not relevant for proofs because of proof irrelevance.

Note: This linter can be disabled with `set_option linter.style.haveILetI false`
warning: LogdetLean/GramHafnian/UltimateHiding/Sparse/H19HaarCornerBaseColumn.lean:623:2: Try this: 
  letI̵

The goal is a proposition, so `let` is preferred over `letI`.
The difference between `let` and `letI` is that `letI` inlines the value.
But this is not relevant for proofs because of proof irrelevance.

Note: This linter can be disabled with `set_option linter.style.haveILetI false`
warning: LogdetLean/GramHafnian/UltimateHiding/Sparse/H19HaarCornerBaseColumn.lean:654:2: Try this: 
  letI̵

The goal is a proposition, so `let` is preferred over `letI`.
The difference between `let` and `letI` is that `letI` inlines the value.
But this is not relevant for proofs because of proof irrelevance.

Note: This linter can be disabled with `set_option linter.style.haveILetI false`
warning: LogdetLean/GramHafnian/UltimateHiding/Sparse/H19HaarCornerBaseColumn.lean:1152:2: Try this: 
  letI̵

The goal is a proposition, so `let` is preferred over `letI`.
The difference between `let` and `letI` is that `letI` inlines the value.
But this is not relevant for proofs because of proof irrelevance.

Note: This linter can be disabled with `set_option linter.style.haveILetI false`
⚠ [9240/9573] Built LogdetLean.GramHafnian.UltimateHiding.DenseScore.CenteredDensityScoreOneDerived (7.9s)
warning: LogdetLean/GramHafnian/UltimateHiding/DenseScore/CenteredDensityScoreOneDerived.lean:38:6: `push_neg` has been deprecated. Prefer using `push Not` instead.
If you'd rather continue using `push_neg` in your project, you can implement it as follows:
```
open Lean.Parser.Tactic in
macro "push_neg" cfg:optConfig loc:(location)? : tactic =>
  `(tactic| push $cfg:optConfig Not $[$loc]?)
```
warning: LogdetLean/GramHafnian/UltimateHiding/DenseScore/CenteredDensityScoreOneDerived.lean:50:10: This simp argument is unused:
  Matrix.one_apply

Hint: Omit it from the simp argument list.
  [apply] simp [hj]

Note: This linter can be disabled with `set_option linter.unusedSimpArgs false`
warning: LogdetLean/GramHafnian/UltimateHiding/DenseScore/CenteredDensityScoreOneDerived.lean:169:32: This simp argument is unused:
  Matrix.one_apply

Hint: Omit it from the simp argument list.
  [apply] simp [Matrix.conjTranspose_apply, concreteCenteredOrbitalDirection, complexRankOneProjection, hij, hji]

Note: This linter can be disabled with `set_option linter.unusedSimpArgs false`
warning: LogdetLean/GramHafnian/UltimateHiding/DenseScore/CenteredDensityScoreOneDerived.lean:240:6: Unused tactic linter: `(
  funext z
  simp only [Function.comp_apply, Pi.sub_apply, Pi.mul_apply]
  unfold centeredHolomorphicSupportPath complexMatrixEntryCLM complexMatrixEntryLinearMap
  rfl)` does nothing

Note: This linter can be disabled with `set_option linter.unusedTactic false`
warning: LogdetLean/GramHafnian/UltimateHiding/DenseScore/CenteredDensityScoreOneDerived.lean:245:6: Unused tactic linter: `simp [complexMatrixEntryCLM, complexMatrixEntryLinearMap]` does nothing

Note: This linter can be disabled with `set_option linter.unusedTactic false`
warning: LogdetLean/GramHafnian/UltimateHiding/DenseScore/CenteredDensityScoreOneDerived.lean:246:6: Unused tactic linter: `exact Subsingleton.elim _ _` does nothing

Note: This linter can be disabled with `set_option linter.unusedTactic false`
warning: LogdetLean/GramHafnian/UltimateHiding/DenseScore/CenteredDensityScoreOneDerived.lean:240:6: this tactic is never executed

Note: This linter can be disabled with `set_option linter.unreachableTactic false`
warning: LogdetLean/GramHafnian/UltimateHiding/DenseScore/CenteredDensityScoreOneDerived.lean:245:6: this tactic is never executed

Note: This linter can be disabled with `set_option linter.unreachableTactic false`
warning: LogdetLean/GramHafnian/UltimateHiding/DenseScore/CenteredDensityScoreOneDerived.lean:246:6: this tactic is never executed

Note: This linter can be disabled with `set_option linter.unreachableTactic false`
warning: LogdetLean/GramHafnian/UltimateHiding/DenseScore/CenteredDensityScoreOneDerived.lean:260:2: Try this: 
  letI̵

The goal is a proposition, so `let` is preferred over `letI`.
The difference between `let` and `letI` is that `letI` inlines the value.
But this is not relevant for proofs because of proof irrelevance.

Note: This linter can be disabled with `set_option linter.style.haveILetI false`
warning: LogdetLean/GramHafnian/UltimateHiding/DenseScore/CenteredDensityScoreOneDerived.lean:297:2: Try this: 
  letI̵

The goal is a proposition, so `let` is preferred over `letI`.
The difference between `let` and `letI` is that `letI` inlines the value.
But this is not relevant for proofs because of proof irrelevance.

Note: This linter can be disabled with `set_option linter.style.haveILetI false`
warning: LogdetLean/GramHafnian/UltimateHiding/DenseScore/CenteredDensityScoreOneDerived.lean:352:2: Try this: 
  letI̵

The goal is a proposition, so `let` is preferred over `letI`.
The difference between `let` and `letI` is that `letI` inlines the value.
But this is not relevant for proofs because of proof irrelevance.

Note: This linter can be disabled with `set_option linter.style.haveILetI false`
warning: LogdetLean/GramHafnian/UltimateHiding/DenseScore/CenteredDensityScoreOneDerived.lean:360:2: Try this: 
  letI̵

The goal is a proposition, so `let` is preferred over `letI`.
The difference between `let` and `letI` is that `letI` inlines the value.
But this is not relevant for proofs because of proof irrelevance.

Note: This linter can be disabled with `set_option linter.style.haveILetI false`
⚠ [9241/9573] Built LogdetLean.GramHafnian.UltimateHiding.DenseScore.ProjectiveFourthTraceMoment (5.9s)
warning: LogdetLean/GramHafnian/UltimateHiding/DenseScore/ProjectiveFourthTraceMoment.lean:156:2: Try this: 
  letI̵

The goal is a proposition, so `let` is preferred over `letI`.
The difference between `let` and `letI` is that `letI` inlines the value.
But this is not relevant for proofs because of proof irrelevance.

Note: This linter can be disabled with `set_option linter.style.haveILetI false`
warning: LogdetLean/GramHafnian/UltimateHiding/DenseScore/ProjectiveFourthTraceMoment.lean:282:56: This simp argument is unused:
  pow_two

Hint: Omit it from the simp argument list.
  [apply] simp only [Matrix.trace, Matrix.diag_apply, pow_succ, Finset.sum_mul, Finset.mul_sum]

Note: This linter can be disabled with `set_option linter.unusedSimpArgs false`
warning: LogdetLean/GramHafnian/UltimateHiding/DenseScore/ProjectiveFourthTraceMoment.lean:343:20: This simp argument is unused:
  Finset.mul_sum

Hint: Omit it from the simp argument list.
  [apply] simp only [Matrix.trace, Matrix.diag_apply, Matrix.mul_apply, Finset.sum_mul]

Note: This linter can be disabled with `set_option linter.unusedSimpArgs false`
⚠ [9242/9574] Built LogdetLean.GramHafnian.UltimateHiding.DenseScore.ConcreteCenteredCubicProjectiveCore (4.9s)
warning: LogdetLean/GramHafnian/UltimateHiding/DenseScore/ConcreteCenteredCubicProjectiveCore.lean:39:2: Try this: 
  letI̵

The goal is a proposition, so `let` is preferred over `letI`.
The difference between `let` and `letI` is that `letI` inlines the value.
But this is not relevant for proofs because of proof irrelevance.

Note: This linter can be disabled with `set_option linter.style.haveILetI false`
⚠ [9243/9574] Built LogdetLean.GramHafnian.UltimateHiding.DenseScore.CenteredScoreFubini (4.0s)
warning: LogdetLean/GramHafnian/UltimateHiding/DenseScore/CenteredScoreFubini.lean:55:2: Try this: 
  letI̵

The goal is a proposition, so `let` is preferred over `letI`.
The difference between `let` and `letI` is that `letI` inlines the value.
But this is not relevant for proofs because of proof irrelevance.

Note: This linter can be disabled with `set_option linter.style.haveILetI false`
warning: LogdetLean/GramHafnian/UltimateHiding/DenseScore/CenteredScoreFubini.lean:57:2: Try this: 
  letI̵

The goal is a proposition, so `let` is preferred over `letI`.
The difference between `let` and `letI` is that `letI` inlines the value.
But this is not relevant for proofs because of proof irrelevance.

Note: This linter can be disabled with `set_option linter.style.haveILetI false`
warning: LogdetLean/GramHafnian/UltimateHiding/DenseScore/CenteredScoreFubini.lean:120:2: Try this: 
  letI̵

The goal is a proposition, so `let` is preferred over `letI`.
The difference between `let` and `letI` is that `letI` inlines the value.
But this is not relevant for proofs because of proof irrelevance.

Note: This linter can be disabled with `set_option linter.style.haveILetI false`
warning: LogdetLean/GramHafnian/UltimateHiding/DenseScore/CenteredScoreFubini.lean:122:2: Try this: 
  letI̵

The goal is a proposition, so `let` is preferred over `letI`.
The difference between `let` and `letI` is that `letI` inlines the value.
But this is not relevant for proofs because of proof irrelevance.

Note: This linter can be disabled with `set_option linter.style.haveILetI false`
ℹ [9244/9574] Built LogdetLean.GramHafnian.UltimateHiding.DenseScore.H7_Proof (5.2s)
info: LogdetLean/GramHafnian/UltimateHiding/DenseScore/H7_Proof.lean:241:0: 'LogdetLean.GramHafnian.UltimateHiding.DenseScore.concreteMatrixOfRealCoordinates_coordinates' depends on axioms: [propext,
 Classical.choice,
 Quot.sound]
info: LogdetLean/GramHafnian/UltimateHiding/DenseScore/H7_Proof.lean:242:0: 'LogdetLean.GramHafnian.UltimateHiding.DenseScore.concreteMatrixRealCoordinates_ofCoordinates' depends on axioms: [propext,
 Classical.choice,
 Quot.sound]
info: LogdetLean/GramHafnian/UltimateHiding/DenseScore/H7_Proof.lean:243:0: 'LogdetLean.GramHafnian.UltimateHiding.DenseScore.concreteMatrixRealCoordinates_injective_internal' depends on axioms: [propext,
 Classical.choice,
 Quot.sound]
info: LogdetLean/GramHafnian/UltimateHiding/DenseScore/H7_Proof.lean:244:0: 'LogdetLean.GramHafnian.UltimateHiding.DenseScore.h16GeneralCOELikelihoodCore_zero_on_support' depends on axioms: [propext,
 Classical.choice,
 Quot.sound]
info: LogdetLean/GramHafnian/UltimateHiding/DenseScore/H7_Proof.lean:245:0: 'LogdetLean.GramHafnian.UltimateHiding.DenseScore.h16SymmetrizedThirdFrechetValue_swap_first' depends on axioms: [propext,
 Classical.choice,
 Quot.sound]
info: LogdetLean/GramHafnian/UltimateHiding/DenseScore/H7_Proof.lean:246:0: 'LogdetLean.GramHafnian.UltimateHiding.DenseScore.h16SymmetrizedThirdFrechetValue_swap_last' depends on axioms: [propext,
 Classical.choice,
 Quot.sound]
info: LogdetLean/GramHafnian/UltimateHiding/DenseScore/H7_Proof.lean:247:0: 'LogdetLean.GramHafnian.UltimateHiding.DenseScore.h16SymmetrizedThirdFrechetValue_diagonal' depends on axioms: [propext,
 Classical.choice,
 Quot.sound]
info: LogdetLean/GramHafnian/UltimateHiding/DenseScore/H7_Proof.lean:248:0: 'LogdetLean.GramHafnian.UltimateHiding.DenseScore.h16CoordinateCubicValue_swap_first' depends on axioms: [propext,
 Classical.choice,
 Quot.sound]
info: LogdetLean/GramHafnian/UltimateHiding/DenseScore/H7_Proof.lean:249:0: 'LogdetLean.GramHafnian.UltimateHiding.DenseScore.h16CoordinateCubicValue_swap_last' depends on axioms: [propext,
 Classical.choice,
 Quot.sound]
info: LogdetLean/GramHafnian/UltimateHiding/DenseScore/H7_Proof.lean:250:0: 'LogdetLean.GramHafnian.UltimateHiding.DenseScore.h16CoordinateCubicValue_diagonal' depends on axioms: [propext,
 Classical.choice,
 Quot.sound]
info: LogdetLean/GramHafnian/UltimateHiding/DenseScore/H7_Proof.lean:251:0: 'LogdetLean.GramHafnian.UltimateHiding.DenseScore.h16_iteratedDeriv_linear_restriction_three' depends on axioms: [propext,
 Classical.choice,
 Quot.sound]
info: LogdetLean/GramHafnian/UltimateHiding/DenseScore/H7_Proof.lean:252:0: 'LogdetLean.GramHafnian.UltimateHiding.DenseScore.h16CoordinateCubicValue_diagonal_eq_iteratedDeriv' depends on axioms: [propext,
 Classical.choice,
 Quot.sound]
✔ [9245/9574] Built LogdetLean.GramHafnian.UltimateHiding.DenseScore.ClassicalCenteredMatrixMomentExternal (4.1s)
✔ [9246/9576] Built LogdetLean.GramHafnian.UltimateHiding.DenseScore.H9_Proof (4.4s)
⚠ [9247/9576] Built LogdetLean.GramHafnian.UltimateHiding.DenseScore.U08.BetaPrimeTransportConditional (4.5s)
warning: LogdetLean/GramHafnian/UltimateHiding/DenseScore/U08/BetaPrimeTransportConditional.lean:30:17: Variable name `hN` is not explicitly referenced.

Hint: The binding can be removed (if unused) or named `_` (if used implicitly). Alternatively, prefix the name with `_` to silence this warning:
  [apply] _hN

Note: This linter can be disabled with `set_option linter.unusedVariables false`
warning: LogdetLean/GramHafnian/UltimateHiding/DenseScore/U08/BetaPrimeTransportConditional.lean:30:30: Variable name `h2NK` is not explicitly referenced.

Hint: The binding can be removed (if unused) or named `_` (if used implicitly). Alternatively, prefix the name with `_` to silence this warning:
  [apply] _h2NK

Note: This linter can be disabled with `set_option linter.unusedVariables false`
✔ [9248/9576] Built LogdetLean.GramHafnian.UltimateHiding.DenseScore.U08.InverseWishartSecondMomentLedger (5.5s)
✔ [9249/9576] Built LogdetLean.GramHafnian.UltimateHiding.DenseScore.H6_RadialContractsConditional (4.5s)
⚠ [9250/9576] Built LogdetLean.GramHafnian.UltimateHiding.DenseScore.H7RankOneSupportAlgebra (4.7s)
warning: LogdetLean/GramHafnian/UltimateHiding/DenseScore/H7RankOneSupportAlgebra.lean:85:2: Try this: 
  letI̵

The goal is a proposition, so `let` is preferred over `letI`.
The difference between `let` and `letI` is that `letI` inlines the value.
But this is not relevant for proofs because of proof irrelevance.

Note: This linter can be disabled with `set_option linter.style.haveILetI false`
warning: LogdetLean/GramHafnian/UltimateHiding/DenseScore/H7RankOneSupportAlgebra.lean:87:2: Try this: 
  letI̵

The goal is a proposition, so `let` is preferred over `letI`.
The difference between `let` and `letI` is that `letI` inlines the value.
But this is not relevant for proofs because of proof irrelevance.

Note: This linter can be disabled with `set_option linter.style.haveILetI false`
warning: LogdetLean/GramHafnian/UltimateHiding/DenseScore/H7RankOneSupportAlgebra.lean:114:2: Try this: 
  letI̵

The goal is a proposition, so `let` is preferred over `letI`.
The difference between `let` and `letI` is that `letI` inlines the value.
But this is not relevant for proofs because of proof irrelevance.

Note: This linter can be disabled with `set_option linter.style.haveILetI false`
warning: LogdetLean/GramHafnian/UltimateHiding/DenseScore/H7RankOneSupportAlgebra.lean:115:2: Try this: 
  letI̵

The goal is a proposition, so `let` is preferred over `letI`.
The difference between `let` and `letI` is that `letI` inlines the value.
But this is not relevant for proofs because of proof irrelevance.

Note: This linter can be disabled with `set_option linter.style.haveILetI false`
✔ [9251/9576] Built LogdetLean.GramHafnian.UltimateHiding.DenseScore.CenteredFixedDirectionPathShift (4.6s)
✔ [9252/9576] Built LogdetLean.GramHafnian.UltimateHiding.DenseScore.Conditional.H16CenteredMatrixExponentialContinuity (4.9s)
✔ [9253/9576] Built LogdetLean.GramHafnian.UltimateHiding.DenseScore.CenteredLikelihoodBellCalculus (5.6s)
⚠ [9254/9576] Built LogdetLean.GramHafnian.ThreePaper.Verification.HidingLemmaIII2SignedMeasure (5.2s)
warning: LogdetLean/GramHafnian/ThreePaper/Verification/HidingLemmaIII2SignedMeasure.lean:76:2: Try this: 
  letI̵

The goal is a proposition, so `let` is preferred over `letI`.
The difference between `let` and `letI` is that `letI` inlines the value.
But this is not relevant for proofs because of proof irrelevance.

Note: This linter can be disabled with `set_option linter.style.haveILetI false`
warning: LogdetLean/GramHafnian/ThreePaper/Verification/HidingLemmaIII2SignedMeasure.lean:79:2: Try this: 
  letI̵

The goal is a proposition, so `let` is preferred over `letI`.
The difference between `let` and `letI` is that `letI` inlines the value.
But this is not relevant for proofs because of proof irrelevance.

Note: This linter can be disabled with `set_option linter.style.haveILetI false`
warning: LogdetLean/GramHafnian/ThreePaper/Verification/HidingLemmaIII2SignedMeasure.lean:99:4: Try this: 
  letI̵

The goal is a proposition, so `let` is preferred over `letI`.
The difference between `let` and `letI` is that `letI` inlines the value.
But this is not relevant for proofs because of proof irrelevance.

Note: This linter can be disabled with `set_option linter.style.haveILetI false`
warning: LogdetLean/GramHafnian/ThreePaper/Verification/HidingLemmaIII2SignedMeasure.lean:117:0: Definition `variationNormedSpaceCore` is a proposition; use `theorem` instead of `def`

Note: This linter can be disabled with `set_option linter.defProp false`
✔ [9255/9576] Built LogdetLean.GramHafnian.UltimateHiding.Dense.RadialGelfandExternal (4.5s)
⚠ [9256/9576] Built LogdetLean.GramHafnian.UltimateHiding.DenseScore.U08.MatsumotoWishartSigmaScaleConversion (4.6s)
warning: LogdetLean/GramHafnian/UltimateHiding/DenseScore/U08/MatsumotoWishartSigmaScaleConversion.lean:211:20: Used `tac1 <;> tac2` where `(tac1; tac2)` would suffice

Note: This linter can be disabled with `set_option linter.unnecessarySeqFocus false`
✔ [9257/9576] Built LogdetLean.GramHafnian.UltimateHiding.DenseScore.Conditional.H16MeasureTransport (4.3s)
✔ [9258/9576] Built LogdetLean.GramHafnian.UltimateHiding.DenseScore.U08.PolynomialInverseEntryIntegrability (5.9s)
⚠ [9259/9576] Built LogdetLean.GramHafnian.UltimateHiding.DenseScore.Conditional.H16BoundaryExhaustion (4.3s)
warning: LogdetLean/GramHafnian/UltimateHiding/DenseScore/Conditional/H16BoundaryExhaustion.lean:27:2: Try this: 
  letI̵

The goal is a proposition, so `let` is preferred over `letI`.
The difference between `let` and `letI` is that `letI` inlines the value.
But this is not relevant for proofs because of proof irrelevance.

Note: This linter can be disabled with `set_option linter.style.haveILetI false`
⚠ [9260/9576] Built LogdetLean.GramHafnian.UltimateHiding.H3H4Central.OrderTwoApiScratch (5.0s)
info: LogdetLean/GramHafnian/UltimateHiding/H3H4Central/OrderTwoApiScratch.lean:11:0: CStarMatrix.ofMatrixL.{u_1, u_2, u_3} {m : Type u_1} {n : Type u_2} {A : Type u_3} [NonUnitalCStarAlgebra A] :
  Matrix m n A ≃L[ℂ] CStarMatrix m n A
info: LogdetLean/GramHafnian/UltimateHiding/H3H4Central/OrderTwoApiScratch.lean:12:0: CStarMatrix.ofMatrixStarAlgEquiv.{u_2, u_5} {n : Type u_2} {A : Type u_5} [Fintype n] [SMul ℂ A] [Semiring A]
  [StarRing A] : Matrix n n A ≃⋆ₐ[ℂ] CStarMatrix n n A
info: LogdetLean/GramHafnian/UltimateHiding/H3H4Central/OrderTwoApiScratch.lean:13:0: CStarMatrix.norm_entry_le_norm.{u_1, u_2, u_5} {m : Type u_1} {n : Type u_2} {A : Type u_5} [Fintype m]
  [NonUnitalCStarAlgebra A] [PartialOrder A] [StarOrderedRing A] [Fintype n] {M : CStarMatrix m n A} {i : m} {j : n} :
  ‖M i j‖ ≤ ‖M‖
info: LogdetLean/GramHafnian/UltimateHiding/H3H4Central/OrderTwoApiScratch.lean:14:0: Matrix.PosDef.isStrictlyPositive.{u_1, u_2} {𝕜 : Type u_1} {n : Type u_2} [RCLike 𝕜] [Fintype n] [DecidableEq n]
  {x : Matrix n n 𝕜} : x.PosDef → IsStrictlyPositive x
info: LogdetLean/GramHafnian/UltimateHiding/H3H4Central/OrderTwoApiScratch.lean:15:0: Matrix.IsStrictlyPositive.posDef.{u_1, u_2} {𝕜 : Type u_1} {n : Type u_2} [RCLike 𝕜] [Fintype n] [DecidableEq n]
  {x : Matrix n n 𝕜} : IsStrictlyPositive x → x.PosDef
info: LogdetLean/GramHafnian/UltimateHiding/H3H4Central/OrderTwoApiScratch.lean:16:0: Matrix.PosSemidef.nonneg.{u_1, u_2} {𝕜 : Type u_1} {n : Type u_2} [RCLike 𝕜] {A : Matrix n n 𝕜} : A.PosSemidef → 0 ≤ A
info: LogdetLean/GramHafnian/UltimateHiding/H3H4Central/OrderTwoApiScratch.lean:17:0: CStarAlgebra.norm_le_one_iff_of_nonneg.{u_1} {A : Type u_1} [CStarAlgebra A] [PartialOrder A] [StarOrderedRing A]
  (a : A) (ha : 0 ≤ a := by cfc_tac) : ‖a‖ ≤ 1 ↔ a ≤ 1
info: LogdetLean/GramHafnian/UltimateHiding/H3H4Central/OrderTwoApiScratch.lean:18:0: CStarAlgebra.norm_mem_spectrum_of_nonneg.{u_1} {A : Type u_1} [CStarAlgebra A] [PartialOrder A] [StarOrderedRing A]
  [Nontrivial A] {a : A} (ha : 0 ≤ a := by cfc_tac) : ‖a‖ ∈ spectrum ℝ a
info: LogdetLean/GramHafnian/UltimateHiding/H3H4Central/OrderTwoApiScratch.lean:19:0: spectrum.mem_iff.{u, v} {R : Type u} {A : Type v} [CommSemiring R] [Ring A] [Algebra R A] {r : R} {a : A} :
  r ∈ spectrum R a ↔ ¬IsUnit ((algebraMap R A) r - a)
info: LogdetLean/GramHafnian/UltimateHiding/H3H4Central/OrderTwoApiScratch.lean:20:0: IsUnit.sub_iff.{u} {α : Type u} [Ring α] {x y : α} : IsUnit (x - y) ↔ IsUnit (y - x)
info: LogdetLean/GramHafnian/UltimateHiding/H3H4Central/OrderTwoApiScratch.lean:21:0: Real.contDiff_rpow_const_of_le {p : ℝ} {n : ℕ} (h : ↑n ≤ p) : ContDiff ℝ ↑n fun x => x ^ p
info: LogdetLean/GramHafnian/UltimateHiding/H3H4Central/OrderTwoApiScratch.lean:22:0: ContDiff.fderiv_right.{u_1, u_2, u_3} {𝕜 : Type u_1} {E : Type u_2} {F : Type u_3} [NontriviallyNormedField 𝕜]
  [NormedAddCommGroup E] [NormedSpace 𝕜 E] [NormedAddCommGroup F] [NormedSpace 𝕜 F] {f : E → F} {m n : WithTop ℕ∞}
  (hf : ContDiff 𝕜 n f) (hmn : m + 1 ≤ n) : ContDiff 𝕜 m (fderiv 𝕜 f)
info: LogdetLean/GramHafnian/UltimateHiding/H3H4Central/OrderTwoApiScratch.lean:23:0: ContDiff.clm_apply.{u_1, u_2, u_3, u_4} {𝕜 : Type u_1} {E : Type u_2} {F : Type u_3} {G : Type u_4}
  [NontriviallyNormedField 𝕜] [NormedAddCommGroup E] [NormedSpace 𝕜 E] [NormedAddCommGroup F] [NormedSpace 𝕜 F]
  [NormedAddCommGroup G] [NormedSpace 𝕜 G] {n : WithTop ℕ∞} {f : E → F →L[𝕜] G} {g : E → F} (hf : ContDiff 𝕜 n f)
  (hg : ContDiff 𝕜 n g) : ContDiff 𝕜 n fun x => (f x) (g x)
info: LogdetLean/GramHafnian/UltimateHiding/H3H4Central/OrderTwoApiScratch.lean:24:0: HasFDerivAt.comp_hasDerivAt.{u, v, w} {𝕜 : Type u} [NontriviallyNormedField 𝕜] {F : Type v} [NormedAddCommGroup F]
  [NormedSpace 𝕜 F] {E : Type w} [NormedAddCommGroup E] [NormedSpace 𝕜 E] {f : 𝕜 → F} {f' : F} (x : 𝕜) {l : F → E}
  {l' : F →L[𝕜] E} (hl : HasFDerivAt l l' (f x)) (hf : HasDerivAt f f' x) : HasDerivAt (l ∘ f) (l' f') x
info: LogdetLean/GramHafnian/UltimateHiding/H3H4Central/OrderTwoApiScratch.lean:25:0: ProperSpace.isCompact_closedBall.{u} {α : Type u} {inst✝ : PseudoMetricSpace α} [self : ProperSpace α] (x : α) (r : ℝ) :
  IsCompact (Metric.closedBall x r)
info: LogdetLean/GramHafnian/UltimateHiding/H3H4Central/OrderTwoApiScratch.lean:26:0: MeasureTheory.measure_closedBall_lt_top.{u_1} {α : Type u_1} {m0 : MeasurableSpace α} [PseudoMetricSpace α]
  [ProperSpace α] {μ : MeasureTheory.Measure α} [MeasureTheory.IsFiniteMeasureOnCompacts μ] {x : α} {r : ℝ} :
  μ (Metric.closedBall x r) < ⊤
info: LogdetLean/GramHafnian/UltimateHiding/H3H4Central/OrderTwoApiScratch.lean:27:0: MeasureTheory.integrableOn_const.{u_1, u_4} {α : Type u_1} {ε' : Type u_4} {mα : MeasurableSpace α} {s : Set α}
  {μ : MeasureTheory.Measure α} [TopologicalSpace ε'] [ESeminormedAddMonoid ε'] {C : ε'} (hs : μ s ≠ ⊤ := by finiteness)
  (hC : ‖C‖ₑ ≠ ⊤ := by finiteness) : MeasureTheory.IntegrableOn (fun x => C) s μ
info: LogdetLean/GramHafnian/UltimateHiding/H3H4Central/OrderTwoApiScratch.lean:28:0: Fin.pos_iff_nonempty {n : ℕ} : 0 < n ↔ Nonempty (Fin n)
info: LogdetLean/GramHafnian/UltimateHiding/H3H4Central/OrderTwoApiScratch.lean:29:0: frontier_subset_closure.{u} {X : Type u} [TopologicalSpace X] {s : Set X} : frontier s ⊆ closure s
warning: LogdetLean/GramHafnian/UltimateHiding/H3H4Central/OrderTwoApiScratch.lean:107:2: Try this: 
  letI̵

The goal is a proposition, so `let` is preferred over `letI`.
The difference between `let` and `letI` is that `letI` inlines the value.
But this is not relevant for proofs because of proof irrelevance.

Note: This linter can be disabled with `set_option linter.style.haveILetI false`
warning: LogdetLean/GramHafnian/UltimateHiding/H3H4Central/OrderTwoApiScratch.lean:474:25: Unused tactic linter: `exact Subsingleton.elim _ _` does nothing

Note: This linter can be disabled with `set_option linter.unusedTactic false`
warning: LogdetLean/GramHafnian/UltimateHiding/H3H4Central/OrderTwoApiScratch.lean:474:25: this tactic is never executed

Note: This linter can be disabled with `set_option linter.unreachableTactic false`
✔ [9261/9576] Built LogdetLean.GramHafnian.UltimateHiding.DenseScore.H11_CayleyFourthJacobiSign (4.9s)
⚠ [9262/9576] Built LogdetLean.GramHafnian.ShiftedAnticoncentration.Experimental.WickAngularLowerBound.ProofEquations (5.0s)
warning: LogdetLean/GramHafnian/ShiftedAnticoncentration/Experimental/WickAngularLowerBound/ProofEquations.lean:100:2: Try this: 
  letI̵

The goal is a proposition, so `let` is preferred over `letI`.
The difference between `let` and `letI` is that `letI` inlines the value.
But this is not relevant for proofs because of proof irrelevance.

Note: This linter can be disabled with `set_option linter.style.haveILetI false`
warning: LogdetLean/GramHafnian/ShiftedAnticoncentration/Experimental/WickAngularLowerBound/ProofEquations.lean:121:19: This simp argument is unused:
  Prod.fst

Hint: Omit it from the simp argument list.
  [apply] simp only [Prod.snd]

Note: This linter can be disabled with `set_option linter.unusedSimpArgs false`
warning: LogdetLean/GramHafnian/ShiftedAnticoncentration/Experimental/WickAngularLowerBound/ProofEquations.lean:121:29: This simp argument is unused:
  Prod.snd

Hint: Omit it from the simp argument list.
  [apply] simp only [Prod.fst]

Note: This linter can be disabled with `set_option linter.unusedSimpArgs false`
warning: LogdetLean/GramHafnian/ShiftedAnticoncentration/Experimental/WickAngularLowerBound/ProofEquations.lean:182:2: Try this: 
  letI̵

The goal is a proposition, so `let` is preferred over `letI`.
The difference between `let` and `letI` is that `letI` inlines the value.
But this is not relevant for proofs because of proof irrelevance.

Note: This linter can be disabled with `set_option linter.style.haveILetI false`
warning: LogdetLean/GramHafnian/ShiftedAnticoncentration/Experimental/WickAngularLowerBound/ProofEquations.lean:185:2: Try this: 
  letI̵

The goal is a proposition, so `let` is preferred over `letI`.
The difference between `let` and `letI` is that `letI` inlines the value.
But this is not relevant for proofs because of proof irrelevance.

Note: This linter can be disabled with `set_option linter.style.haveILetI false`
⚠ [9263/9576] Built LogdetLean.GramHafnian.UltimateHiding.DenseScore.ConcreteCubicWIdentification (8.8s)
warning: LogdetLean/GramHafnian/UltimateHiding/DenseScore/ConcreteCubicWIdentification.lean:275:34: This simp argument is unused:
  Finset.sum_mul

Hint: Omit it from the simp argument list.
  [apply] simp only [Matrix.trace, Matrix.diag_apply, Matrix.mul_apply, Matrix.conjTranspose_apply, Finset.mul_sum]

Note: This linter can be disabled with `set_option linter.unusedSimpArgs false`
warning: LogdetLean/GramHafnian/UltimateHiding/DenseScore/ConcreteCubicWIdentification.lean:671:9: This simp argument is unused:
  zero_mul

Hint: Omit it from the simp argument list.
  [apply] simp only [Complex.mul_re, Complex.ofReal_re, Complex.ofReal_im, him, mul_zero, sub_zero]

Note: This linter can be disabled with `set_option linter.unusedSimpArgs false`
⚠ [9264/9576] Built LogdetLean.GramHafnian.UltimateHiding.Sparse.H19HaarCornerSupportBalance (6.9s)
warning: LogdetLean/GramHafnian/UltimateHiding/Sparse/H19HaarCornerSupportBalance.lean:45:4: try 'simp' instead of 'simpa'

Note: This linter can be disabled with `set_option linter.unnecessarySimpa false`
⚠ [9265/9576] Built LogdetLean.GramHafnian.UltimateHiding.Sparse.H19HaarStiefelNextColumn (9.9s)
warning: LogdetLean/GramHafnian/UltimateHiding/Sparse/H19HaarStiefelNextColumn.lean:522:2: Try this: 
  letI̵

The goal is a proposition, so `let` is preferred over `letI`.
The difference between `let` and `letI` is that `letI` inlines the value.
But this is not relevant for proofs because of proof irrelevance.

Note: This linter can be disabled with `set_option linter.style.haveILetI false`
warning: LogdetLean/GramHafnian/UltimateHiding/Sparse/H19HaarStiefelNextColumn.lean:567:4: try 'simp' instead of 'simpa'

Note: This linter can be disabled with `set_option linter.unnecessarySimpa false`
warning: LogdetLean/GramHafnian/UltimateHiding/Sparse/H19HaarStiefelNextColumn.lean:570:20: This simp argument is unused:
  Matrix.one_mul

Hint: Omit it from the simp argument list.
  [apply] simp only [h19StiefelComplementMatrix, Matrix.mul_sub, Matrix.mul_one, Matrix.sub_mul, Matrix.mul_assoc, hU]

Note: This linter can be disabled with `set_option linter.unusedSimpArgs false`
warning: LogdetLean/GramHafnian/UltimateHiding/Sparse/H19HaarStiefelNextColumn.lean:589:4: try 'simp' instead of 'simpa'

Note: This linter can be disabled with `set_option linter.unnecessarySimpa false`
warning: LogdetLean/GramHafnian/UltimateHiding/Sparse/H19HaarStiefelNextColumn.lean:1051:4: This simp argument is unused:
  Matrix.mulVec

Hint: Omit it from the simp argument list.
  [apply] simp [h19HaarSuffixFirstColumnSphere, h1UnitarySphereAction_val, h19HaarFirstColumnBaseSphere,
    h19HaarSuffixFirstColumn, dotProduct]

Note: This linter can be disabled with `set_option linter.unusedSimpArgs false`
warning: LogdetLean/GramHafnian/UltimateHiding/Sparse/H19HaarStiefelNextColumn.lean:1051:19: This simp argument is unused:
  dotProduct

Hint: Omit it from the simp argument list.
  [apply] simp [h19HaarSuffixFirstColumnSphere, h1UnitarySphereAction_val, h19HaarFirstColumnBaseSphere,
    h19HaarSuffixFirstColumn, Matrix.mulVec]

Note: This linter can be disabled with `set_option linter.unusedSimpArgs false`
warning: LogdetLean/GramHafnian/UltimateHiding/Sparse/H19HaarStiefelNextColumn.lean:1211:2: Try this: 
  letI̵

The goal is a proposition, so `let` is preferred over `letI`.
The difference between `let` and `letI` is that `letI` inlines the value.
But this is not relevant for proofs because of proof irrelevance.

Note: This linter can be disabled with `set_option linter.style.haveILetI false`
✔ [9266/9577] Built LogdetLean.GramHafnian.UltimateHiding.Sparse.H19HaarCornerDensityIteration (6.8s)
⚠ [9267/9579] Built LogdetLean.GramHafnian.UltimateHiding.DenseScore.ConcreteRankOneCubicIdentification (14s)
warning: LogdetLean/GramHafnian/UltimateHiding/DenseScore/ConcreteRankOneCubicIdentification.lean:116:2: Try this: 
  letI̵

The goal is a proposition, so `let` is preferred over `letI`.
The difference between `let` and `letI` is that `letI` inlines the value.
But this is not relevant for proofs because of proof irrelevance.

Note: This linter can be disabled with `set_option linter.style.haveILetI false`
✔ [9268/9579] Built LogdetLean.GramHafnian.UltimateHiding.DenseScore.H12_ProjectiveFourthLow (7.4s)
⚠ [9269/9579] Built LogdetLean.GramHafnian.UltimateHiding.DenseScore.H9_Conditional (6.1s)
warning: LogdetLean/GramHafnian/UltimateHiding/DenseScore/H9_Conditional.lean:76:2: Try this: 
  letI̵

The goal is a proposition, so `let` is preferred over `letI`.
The difference between `let` and `letI` is that `letI` inlines the value.
But this is not relevant for proofs because of proof irrelevance.

Note: This linter can be disabled with `set_option linter.style.haveILetI false`
⚠ [9270/9579] Built LogdetLean.GramHafnian.UltimateHiding.DenseScore.H7LocalContDiff (9.0s)
warning: LogdetLean/GramHafnian/UltimateHiding/DenseScore/H7LocalContDiff.lean:58:4: try 'simp' instead of 'simpa'

Note: This linter can be disabled with `set_option linter.unnecessarySimpa false`
✔ [9271/9579] Built LogdetLean.GramHafnian.UltimateHiding.DenseScore.U08.BetaPrimeMomentInputsConditional (6.0s)
⚠ [9272/9579] Built LogdetLean.GramHafnian.UltimateHiding.DenseScore.U08.InverseWishartSecondEntryMomentConditional (6.1s)
warning: LogdetLean/GramHafnian/UltimateHiding/DenseScore/U08/InverseWishartSecondEntryMomentConditional.lean:167:8: `MeasureTheory.integral_finset_sum` has been deprecated: Use `MeasureTheory.integral_finsetSum` instead
warning: LogdetLean/GramHafnian/UltimateHiding/DenseScore/U08/InverseWishartSecondEntryMomentConditional.lean:229:6: `MeasureTheory.integral_finset_sum` has been deprecated: Use `MeasureTheory.integral_finsetSum` instead
warning: LogdetLean/GramHafnian/UltimateHiding/DenseScore/U08/InverseWishartSecondEntryMomentConditional.lean:266:8: `MeasureTheory.integral_finset_sum` has been deprecated: Use `MeasureTheory.integral_finsetSum` instead
warning: LogdetLean/GramHafnian/UltimateHiding/DenseScore/U08/InverseWishartSecondEntryMomentConditional.lean:333:6: `MeasureTheory.integral_finset_sum` has been deprecated: Use `MeasureTheory.integral_finsetSum` instead
✔ [9273/9579] Built LogdetLean.GramHafnian.UltimateHiding.DenseScore.H6_TakagiWeylAdapters (6.4s)
✔ [9274/9579] Built LogdetLean.GramHafnian.UltimateHiding.DenseScore.ClassicalCenteredLogScoreMomentExternal (4.9s)
⚠ [9275/9579] Built LogdetLean.GramHafnian.UltimateHiding.DenseScore.H6_MuirheadAdapters (6.0s)
warning: LogdetLean/GramHafnian/UltimateHiding/DenseScore/H6_MuirheadAdapters.lean:168:2: Try this: 
  letI̵

The goal is a proposition, so `let` is preferred over `letI`.
The difference between `let` and `letI` is that `letI` inlines the value.
But this is not relevant for proofs because of proof irrelevance.

Note: This linter can be disabled with `set_option linter.style.haveILetI false`
warning: LogdetLean/GramHafnian/UltimateHiding/DenseScore/H6_MuirheadAdapters.lean:172:2: Try this: 
  letI̵

The goal is a proposition, so `let` is preferred over `letI`.
The difference between `let` and `letI` is that `letI` inlines the value.
But this is not relevant for proofs because of proof irrelevance.

Note: This linter can be disabled with `set_option linter.style.haveILetI false`
warning: LogdetLean/GramHafnian/UltimateHiding/DenseScore/H6_MuirheadAdapters.lean:176:2: Try this: 
  letI̵

The goal is a proposition, so `let` is preferred over `letI`.
The difference between `let` and `letI` is that `letI` inlines the value.
But this is not relevant for proofs because of proof irrelevance.

Note: This linter can be disabled with `set_option linter.style.haveILetI false`
⚠ [9276/9579] Built LogdetLean.GramHafnian.UltimateHiding.DenseScore.Conditional.H18_Proof (5.8s)
warning: LogdetLean/GramHafnian/UltimateHiding/DenseScore/Conditional/H18_Proof.lean:99:2: Try this: 
  letI̵

The goal is a proposition, so `let` is preferred over `letI`.
The difference between `let` and `letI` is that `letI` inlines the value.
But this is not relevant for proofs because of proof irrelevance.

Note: This linter can be disabled with `set_option linter.style.haveILetI false`
warning: LogdetLean/GramHafnian/UltimateHiding/DenseScore/Conditional/H18_Proof.lean:101:2: Try this: 
  letI̵

The goal is a proposition, so `let` is preferred over `letI`.
The difference between `let` and `letI` is that `letI` inlines the value.
But this is not relevant for proofs because of proof irrelevance.

Note: This linter can be disabled with `set_option linter.style.haveILetI false`
warning: LogdetLean/GramHafnian/UltimateHiding/DenseScore/Conditional/H18_Proof.lean:128:2: Try this: 
  letI̵

The goal is a proposition, so `let` is preferred over `letI`.
The difference between `let` and `letI` is that `letI` inlines the value.
But this is not relevant for proofs because of proof irrelevance.

Note: This linter can be disabled with `set_option linter.style.haveILetI false`
warning: LogdetLean/GramHafnian/UltimateHiding/DenseScore/Conditional/H18_Proof.lean:130:2: Try this: 
  letI̵

The goal is a proposition, so `let` is preferred over `letI`.
The difference between `let` and `letI` is that `letI` inlines the value.
But this is not relevant for proofs because of proof irrelevance.

Note: This linter can be disabled with `set_option linter.style.haveILetI false`
warning: LogdetLean/GramHafnian/UltimateHiding/DenseScore/Conditional/H18_Proof.lean:232:2: Try this: 
  letI̵

The goal is a proposition, so `let` is preferred over `letI`.
The difference between `let` and `letI` is that `letI` inlines the value.
But this is not relevant for proofs because of proof irrelevance.

Note: This linter can be disabled with `set_option linter.style.haveILetI false`
warning: LogdetLean/GramHafnian/UltimateHiding/DenseScore/Conditional/H18_Proof.lean:234:2: Try this: 
  letI̵

The goal is a proposition, so `let` is preferred over `letI`.
The difference between `let` and `letI` is that `letI` inlines the value.
But this is not relevant for proofs because of proof irrelevance.

Note: This linter can be disabled with `set_option linter.style.haveILetI false`
✔ [9277/9579] Built LogdetLean.GramHafnian.UltimateHiding.DenseScore.Conditional.H16_Proof (5.8s)
✔ [9278/9579] Built LogdetLean.GramHafnian.UltimateHiding.DenseScore.CenteredLikelihoodLowBellCalculus (5.5s)
⚠ [9279/9579] Built LogdetLean.GramHafnian.ThreePaper.Verification.HidingLemmaIII2ConcreteSignedAction (5.7s)
warning: LogdetLean/GramHafnian/ThreePaper/Verification/HidingLemmaIII2ConcreteSignedAction.lean:40:2: Try this: 
  letI̵

The goal is a proposition, so `let` is preferred over `letI`.
The difference between `let` and `letI` is that `letI` inlines the value.
But this is not relevant for proofs because of proof irrelevance.

Note: This linter can be disabled with `set_option linter.style.haveILetI false`
warning: LogdetLean/GramHafnian/ThreePaper/Verification/HidingLemmaIII2ConcreteSignedAction.lean:360:4: Try this: 
  letI̵

The goal is a proposition, so `let` is preferred over `letI`.
The difference between `let` and `letI` is that `letI` inlines the value.
But this is not relevant for proofs because of proof irrelevance.

Note: This linter can be disabled with `set_option linter.style.haveILetI false`
warning: LogdetLean/GramHafnian/ThreePaper/Verification/HidingLemmaIII2ConcreteSignedAction.lean:362:4: Try this: 
  letI̵

The goal is a proposition, so `let` is preferred over `letI`.
The difference between `let` and `letI` is that `letI` inlines the value.
But this is not relevant for proofs because of proof irrelevance.

Note: This linter can be disabled with `set_option linter.style.haveILetI false`
warning: LogdetLean/GramHafnian/ThreePaper/Verification/HidingLemmaIII2ConcreteSignedAction.lean:364:4: Try this: 
  letI̵

The goal is a proposition, so `let` is preferred over `letI`.
The difference between `let` and `letI` is that `letI` inlines the value.
But this is not relevant for proofs because of proof irrelevance.

Note: This linter can be disabled with `set_option linter.style.haveILetI false`
warning: LogdetLean/GramHafnian/ThreePaper/Verification/HidingLemmaIII2ConcreteSignedAction.lean:368:4: Try this: 
  letI̵

The goal is a proposition, so `let` is preferred over `letI`.
The difference between `let` and `letI` is that `letI` inlines the value.
But this is not relevant for proofs because of proof irrelevance.

Note: This linter can be disabled with `set_option linter.style.haveILetI false`
warning: LogdetLean/GramHafnian/ThreePaper/Verification/HidingLemmaIII2ConcreteSignedAction.lean:373:4: Try this: 
  letI̵

The goal is a proposition, so `let` is preferred over `letI`.
The difference between `let` and `letI` is that `letI` inlines the value.
But this is not relevant for proofs because of proof irrelevance.

Note: This linter can be disabled with `set_option linter.style.haveILetI false`
✔ [9280/9579] Built LogdetLean.GramHafnian.UltimateHiding.DenseLocalStep.COEBaseRadialPropagation (5.0s)
✔ [9281/9579] Built LogdetLean.GramHafnian.UltimateHiding.DenseScore.Conditional.H16CoordinateVolume (5.9s)
✔ [9282/9579] Built LogdetLean.GramHafnian.UltimateHiding.DenseScore.Conditional.H16CenteredWeakGeneratorInterface (5.9s)
✔ [9283/9579] Built LogdetLean.GramHafnian.UltimateHiding.DenseScore.U08.NonsingularSteinHaff (6.6s)
✔ [9284/9579] Built LogdetLean.GramHafnian.UltimateHiding.DenseScore.Conditional.H16CoordinateSupportBoundaryNull (5.7s)
⚠ [9285/9579] Built LogdetLean.GramHafnian.UltimateHiding.H3H4Central.OrderTwoZeroExtension (6.2s)
warning: LogdetLean/GramHafnian/UltimateHiding/H3H4Central/OrderTwoZeroExtension.lean:68:2: Try this: 
  letI̵

The goal is a proposition, so `let` is preferred over `letI`.
The difference between `let` and `letI` is that `letI` inlines the value.
But this is not relevant for proofs because of proof irrelevance.

Note: This linter can be disabled with `set_option linter.style.haveILetI false`
warning: LogdetLean/GramHafnian/UltimateHiding/H3H4Central/OrderTwoZeroExtension.lean:76:4: try 'simp' instead of 'simpa'

Note: This linter can be disabled with `set_option linter.unnecessarySimpa false`
warning: LogdetLean/GramHafnian/UltimateHiding/H3H4Central/OrderTwoZeroExtension.lean:91:2: try 'simp' instead of 'simpa'

Note: This linter can be disabled with `set_option linter.unnecessarySimpa false`
warning: LogdetLean/GramHafnian/UltimateHiding/H3H4Central/OrderTwoZeroExtension.lean:195:47: `Set.mem_setOf_eq` has been deprecated: Use `Set.mem_ofPred_eq` instead
warning: LogdetLean/GramHafnian/UltimateHiding/H3H4Central/OrderTwoZeroExtension.lean:266:47: `Set.mem_setOf_eq` has been deprecated: Use `Set.mem_ofPred_eq` instead
warning: LogdetLean/GramHafnian/UltimateHiding/H3H4Central/OrderTwoZeroExtension.lean:322:2: Try this: 
  letI̵

The goal is a proposition, so `let` is preferred over `letI`.
The difference between `let` and `letI` is that `letI` inlines the value.
But this is not relevant for proofs because of proof irrelevance.

Note: This linter can be disabled with `set_option linter.style.haveILetI false`
warning: LogdetLean/GramHafnian/UltimateHiding/H3H4Central/OrderTwoZeroExtension.lean:324:2: Try this: 
  letI̵

The goal is a proposition, so `let` is preferred over `letI`.
The difference between `let` and `letI` is that `letI` inlines the value.
But this is not relevant for proofs because of proof irrelevance.

Note: This linter can be disabled with `set_option linter.style.haveILetI false`
warning: LogdetLean/GramHafnian/UltimateHiding/H3H4Central/OrderTwoZeroExtension.lean:370:2: Try this: 
  letI̵

The goal is a proposition, so `let` is preferred over `letI`.
The difference between `let` and `letI` is that `letI` inlines the value.
But this is not relevant for proofs because of proof irrelevance.

Note: This linter can be disabled with `set_option linter.style.haveILetI false`
⚠ [9286/9579] Built LogdetLean.GramHafnian.UltimateHiding.DenseScore.H11_COEBlockCayley (6.3s)
warning: LogdetLean/GramHafnian/UltimateHiding/DenseScore/H11_COEBlockCayley.lean:89:2: Try this: 
  letI̵

The goal is a proposition, so `let` is preferred over `letI`.
The difference between `let` and `letI` is that `letI` inlines the value.
But this is not relevant for proofs because of proof irrelevance.

Note: This linter can be disabled with `set_option linter.style.haveILetI false`
warning: LogdetLean/GramHafnian/UltimateHiding/DenseScore/H11_COEBlockCayley.lean:191:38: This simp argument is unused:
  Matrix.one_apply

Hint: Omit it from the simp argument list.
  [apply] simp [h11COEBlockB, h11COEBlockM, h]

Note: This linter can be disabled with `set_option linter.unusedSimpArgs false`
warning: LogdetLean/GramHafnian/UltimateHiding/DenseScore/H11_COEBlockCayley.lean:202:2: Try this: 
  letI̵

The goal is a proposition, so `let` is preferred over `letI`.
The difference between `let` and `letI` is that `letI` inlines the value.
But this is not relevant for proofs because of proof irrelevance.

Note: This linter can be disabled with `set_option linter.style.haveILetI false`
warning: LogdetLean/GramHafnian/UltimateHiding/DenseScore/H11_COEBlockCayley.lean:227:2: Try this: 
  letI̵

The goal is a proposition, so `let` is preferred over `letI`.
The difference between `let` and `letI` is that `letI` inlines the value.
But this is not relevant for proofs because of proof irrelevance.

Note: This linter can be disabled with `set_option linter.style.haveILetI false`
warning: LogdetLean/GramHafnian/UltimateHiding/DenseScore/H11_COEBlockCayley.lean:228:2: Try this: 
  letI̵

The goal is a proposition, so `let` is preferred over `letI`.
The difference between `let` and `letI` is that `letI` inlines the value.
But this is not relevant for proofs because of proof irrelevance.

Note: This linter can be disabled with `set_option linter.style.haveILetI false`
warning: LogdetLean/GramHafnian/UltimateHiding/DenseScore/H11_COEBlockCayley.lean:230:2: Try this: 
  letI̵

The goal is a proposition, so `let` is preferred over `letI`.
The difference between `let` and `letI` is that `letI` inlines the value.
But this is not relevant for proofs because of proof irrelevance.

Note: This linter can be disabled with `set_option linter.style.haveILetI false`
warning: LogdetLean/GramHafnian/UltimateHiding/DenseScore/H11_COEBlockCayley.lean:224:44: Variable name `hB` is not explicitly referenced.

Hint: The binding can be removed (if unused) or named `_` (if used implicitly). Alternatively, prefix the name with `_` to silence this warning:
  [apply] _hB

Note: This linter can be disabled with `set_option linter.unusedVariables false`
warning: LogdetLean/GramHafnian/UltimateHiding/DenseScore/H11_COEBlockCayley.lean:264:2: Try this: 
  letI̵

The goal is a proposition, so `let` is preferred over `letI`.
The difference between `let` and `letI` is that `letI` inlines the value.
But this is not relevant for proofs because of proof irrelevance.

Note: This linter can be disabled with `set_option linter.style.haveILetI false`
✔ [9287/9579] Built LogdetLean.GramHafnian.UltimateHiding.Sparse.H19HaarCornerFiberDensityMeasureBalance (7.1s)
⚠ [9288/9583] Built LogdetLean.GramHafnian.ThreePaper.GaussianAnticoncentrationEndpoints (8.5s)
warning: LogdetLean/GramHafnian/ThreePaper/GaussianAnticoncentrationEndpoints.lean:116:0: Definition `result_cor_independent_matrix_shift` is a proposition; use `theorem` instead of `def`

Note: This linter can be disabled with `set_option linter.defProp false`
warning: LogdetLean/GramHafnian/ThreePaper/GaussianAnticoncentrationEndpoints.lean:174:4: try 'simp' instead of 'simpa'

Note: This linter can be disabled with `set_option linter.unnecessarySimpa false`
warning: LogdetLean/GramHafnian/ThreePaper/GaussianAnticoncentrationEndpoints.lean:265:0: Definition `result_paper_symmetricStar_scalar_centering` is a proposition; use `theorem` instead of `def`

Note: This linter can be disabled with `set_option linter.defProp false`
warning: LogdetLean/GramHafnian/ThreePaper/GaussianAnticoncentrationEndpoints.lean:353:2: Try this: 
  letI̵

The goal is a proposition, so `let` is preferred over `letI`.
The difference between `let` and `letI` is that `letI` inlines the value.
But this is not relevant for proofs because of proof irrelevance.

Note: This linter can be disabled with `set_option linter.style.haveILetI false`
warning: LogdetLean/GramHafnian/ThreePaper/GaussianAnticoncentrationEndpoints.lean:412:0: Definition `result_prop_conditional_mixture` is a proposition; use `theorem` instead of `def`

Note: This linter can be disabled with `set_option linter.defProp false`
warning: LogdetLean/GramHafnian/ThreePaper/GaussianAnticoncentrationEndpoints.lean:417:0: Definition `result_prop_exact_second_moment` is a proposition; use `theorem` instead of `def`

Note: This linter can be disabled with `set_option linter.defProp false`
warning: LogdetLean/GramHafnian/ThreePaper/GaussianAnticoncentrationEndpoints.lean:421:0: Definition `result_lem_bilinear_interpolation` is a proposition; use `theorem` instead of `def`

Note: This linter can be disabled with `set_option linter.defProp false`
warning: LogdetLean/GramHafnian/ThreePaper/GaussianAnticoncentrationEndpoints.lean:426:0: Definition `result_prop_cofactor_compression` is a proposition; use `theorem` instead of `def`

Note: This linter can be disabled with `set_option linter.defProp false`
warning: LogdetLean/GramHafnian/ThreePaper/GaussianAnticoncentrationEndpoints.lean:431:0: Definition `result_prop_fourier_to_laplace` is a proposition; use `theorem` instead of `def`

Note: This linter can be disabled with `set_option linter.defProp false`
warning: LogdetLean/GramHafnian/ThreePaper/GaussianAnticoncentrationEndpoints.lean:576:66: Used `tac1 <;> tac2` where `(tac1; tac2)` would suffice

Note: This linter can be disabled with `set_option linter.unnecessarySeqFocus false`
warning: LogdetLean/GramHafnian/ThreePaper/GaussianAnticoncentrationEndpoints.lean:577:14: Used `tac1 <;> tac2` where `(tac1; tac2)` would suffice

Note: This linter can be disabled with `set_option linter.unnecessarySeqFocus false`
warning: LogdetLean/GramHafnian/ThreePaper/GaussianAnticoncentrationEndpoints.lean:588:64: Used `tac1 <;> tac2` where `(tac1; tac2)` would suffice

Note: This linter can be disabled with `set_option linter.unnecessarySeqFocus false`
warning: LogdetLean/GramHafnian/ThreePaper/GaussianAnticoncentrationEndpoints.lean:589:12: Used `tac1 <;> tac2` where `(tac1; tac2)` would suffice

Note: This linter can be disabled with `set_option linter.unnecessarySeqFocus false`
warning: LogdetLean/GramHafnian/ThreePaper/GaussianAnticoncentrationEndpoints.lean:613:0: Definition `result_thm_preserved_coordinate_inverse_variance` is a proposition; use `theorem` instead of `def`

Note: This linter can be disabled with `set_option linter.defProp false`
warning: LogdetLean/GramHafnian/ThreePaper/GaussianAnticoncentrationEndpoints.lean:616:0: Definition `result_cor_self_coupled_direction` is a proposition; use `theorem` instead of `def`

Note: This linter can be disabled with `set_option linter.defProp false`
warning: LogdetLean/GramHafnian/ThreePaper/GaussianAnticoncentrationEndpoints.lean:620:0: Definition `result_prop_inverse_variance` is a proposition; use `theorem` instead of `def`

Note: This linter can be disabled with `set_option linter.defProp false`
warning: LogdetLean/GramHafnian/ThreePaper/GaussianAnticoncentrationEndpoints.lean:811:66: Used `tac1 <;> tac2` where `(tac1; tac2)` would suffice

Note: This linter can be disabled with `set_option linter.unnecessarySeqFocus false`
warning: LogdetLean/GramHafnian/ThreePaper/GaussianAnticoncentrationEndpoints.lean:812:14: Used `tac1 <;> tac2` where `(tac1; tac2)` would suffice

Note: This linter can be disabled with `set_option linter.unnecessarySeqFocus false`
warning: LogdetLean/GramHafnian/ThreePaper/GaussianAnticoncentrationEndpoints.lean:881:0: Definition `result_cor_exact_local_power` is a proposition; use `theorem` instead of `def`

Note: This linter can be disabled with `set_option linter.defProp false`
warning: LogdetLean/GramHafnian/ThreePaper/GaussianAnticoncentrationEndpoints.lean:927:0: Definition `result_cor_exact_local_power_of_inverse` is a proposition; use `theorem` instead of `def`

Note: This linter can be disabled with `set_option linter.defProp false`
warning: LogdetLean/GramHafnian/ThreePaper/GaussianAnticoncentrationEndpoints.lean:938:0: Definition `result_lemma_radial_angular_factorization_of_inverse` is a proposition; use `theorem` instead of `def`

Note: This linter can be disabled with `set_option linter.defProp false`
warning: LogdetLean/GramHafnian/ThreePaper/GaussianAnticoncentrationEndpoints.lean:954:0: Definition `result_thm_wick_angular_obstruction` is a proposition; use `theorem` instead of `def`

Note: This linter can be disabled with `set_option linter.defProp false`
warning: LogdetLean/GramHafnian/ThreePaper/GaussianAnticoncentrationEndpoints.lean:1043:29: Variable name `hklo` is not explicitly referenced.

Hint: The binding can be removed (if unused) or named `_` (if used implicitly). Alternatively, prefix the name with `_` to silence this warning:
  [apply] _hklo

Note: This linter can be disabled with `set_option linter.unusedVariables false`
warning: LogdetLean/GramHafnian/ThreePaper/GaussianAnticoncentrationEndpoints.lean:1043:44: Variable name `hkhi` is not explicitly referenced.

Hint: The binding can be removed (if unused) or named `_` (if used implicitly). Alternatively, prefix the name with `_` to silence this warning:
  [apply] _hkhi

Note: This linter can be disabled with `set_option linter.unusedVariables false`
warning: LogdetLean/GramHafnian/ThreePaper/GaussianAnticoncentrationEndpoints.lean:1047:13: Variable name `hVpos` is not explicitly referenced.

Hint: The binding can be removed (if unused) or named `_` (if used implicitly). Alternatively, prefix the name with `_` to silence this warning:
  [apply] _hVpos

Note: This linter can be disabled with `set_option linter.unusedVariables false`
warning: LogdetLean/GramHafnian/ThreePaper/GaussianAnticoncentrationEndpoints.lean:1055:13: Variable name `hInv` is not explicitly referenced.

Hint: The binding can be removed (if unused) or named `_` (if used implicitly). Alternatively, prefix the name with `_` to silence this warning:
  [apply] _hInv

Note: This linter can be disabled with `set_option linter.unusedVariables false`
warning: LogdetLean/GramHafnian/ThreePaper/GaussianAnticoncentrationEndpoints.lean:1171:6: Used `tac1 <;> tac2` where `(tac1; tac2)` would suffice

Note: This linter can be disabled with `set_option linter.unnecessarySeqFocus false`
warning: LogdetLean/GramHafnian/ThreePaper/GaussianAnticoncentrationEndpoints.lean:1214:4: try 'simp' instead of 'simpa'

Note: This linter can be disabled with `set_option linter.unnecessarySimpa false`
warning: LogdetLean/GramHafnian/ThreePaper/GaussianAnticoncentrationEndpoints.lean:1408:0: Definition `eq_cutoff_gaussian_ibp` is a proposition; use `theorem` instead of `def`

Note: This linter can be disabled with `set_option linter.defProp false`
ℹ [9290/9583] Built LogdetLean.GramHafnian.UltimateHiding.Sparse.H19HaarCornerDensityIterationStrict (5.7s)
info: LogdetLean/GramHafnian/UltimateHiding/Sparse/H19HaarCornerDensityIterationStrict.lean:44:0: 'LogdetLean.GramHafnian.UltimateHiding.Sparse.jiang_2009_prop2_1_unscaledTallHaarCorner_density_of_strict_successorRule' depends on axioms: [propext,
 Classical.choice,
 Quot.sound]
ℹ [9291/9583] Built LogdetLean.GramHafnian.UltimateHiding.Sparse.H19HaarCornerSuccessorRepresentation (7.2s)
info: LogdetLean/GramHafnian/UltimateHiding/Sparse/H19HaarCornerSuccessorRepresentation.lean:76:0: 'LogdetLean.GramHafnian.UltimateHiding.Sparse.map_prod_fiberwise_map_congr' depends on axioms: [propext,
 Classical.choice,
 Quot.sound]
info: LogdetLean/GramHafnian/UltimateHiding/Sparse/H19HaarCornerSuccessorRepresentation.lean:230:0: 'LogdetLean.GramHafnian.UltimateHiding.Sparse.map_h19BaseColumnOfLp_withDensity' depends on axioms: [propext,
 Classical.choice,
 Quot.sound]
info: LogdetLean/GramHafnian/UltimateHiding/Sparse/H19HaarCornerSuccessorRepresentation.lean:231:0: 'LogdetLean.GramHafnian.UltimateHiding.Sparse.jiangUnscaledTallHaarCornerLaw_succ_eq_map_appendSqrt_baseColumnRawPDF' depends on axioms: [propext,
 Classical.choice,
 Quot.sound]
✔ [9292/9583] Built LogdetLean.GramHafnian.UltimateHiding.DenseScore.ConcreteAveragedRankOneCubicDefinitions (5.1s)
⚠ [9293/9583] Built LogdetLean.GramHafnian.UltimateHiding.DenseScore.H7TrilinearBundle (6.8s)
warning: LogdetLean/GramHafnian/UltimateHiding/DenseScore/H7TrilinearBundle.lean:105:13: `ContinuousMultilinearMap.add_apply` has been deprecated: Use `add_apply` instead

Note: The updated constant is in a different namespace. Dot notation may need to be changed (e.g., from `x.add_apply` to `add_apply x`).
warning: LogdetLean/GramHafnian/UltimateHiding/DenseScore/H7TrilinearBundle.lean:106:4: `ContinuousMultilinearMap.smul_apply` has been deprecated: Use `smul_apply` instead

Note: The updated constant is in a different namespace. Dot notation may need to be changed (e.g., from `x.smul_apply` to `smul_apply x`).
⚠ [9294/9583] Built LogdetLean.GramHafnian.UltimateHiding.DenseScore.U08.DenseInverseWishartTraceConditional (6.1s)
warning: LogdetLean/GramHafnian/UltimateHiding/DenseScore/U08/DenseInverseWishartTraceConditional.lean:140:2: Try this: 
  letI̵

The goal is a proposition, so `let` is preferred over `letI`.
The difference between `let` and `letI` is that `letI` inlines the value.
But this is not relevant for proofs because of proof irrelevance.

Note: This linter can be disabled with `set_option linter.style.haveILetI false`
warning: LogdetLean/GramHafnian/UltimateHiding/DenseScore/U08/DenseInverseWishartTraceConditional.lean:166:2: Try this: 
  letI̵

The goal is a proposition, so `let` is preferred over `letI`.
The difference between `let` and `letI` is that `letI` inlines the value.
But this is not relevant for proofs because of proof irrelevance.

Note: This linter can be disabled with `set_option linter.style.haveILetI false`
⚠ [9295/9583] Built LogdetLean.GramHafnian.UltimateHiding.DenseScore.U08.InverseWishartTraceFourthMoment (6.2s)
warning: LogdetLean/GramHafnian/UltimateHiding/DenseScore/U08/InverseWishartTraceFourthMoment.lean:105:2: Try this: 
  letI̵

The goal is a proposition, so `let` is preferred over `letI`.
The difference between `let` and `letI` is that `letI` inlines the value.
But this is not relevant for proofs because of proof irrelevance.

Note: This linter can be disabled with `set_option linter.style.haveILetI false`
warning: LogdetLean/GramHafnian/UltimateHiding/DenseScore/U08/InverseWishartTraceFourthMoment.lean:107:2: Try this: 
  letI̵

The goal is a proposition, so `let` is preferred over `letI`.
The difference between `let` and `letI` is that `letI` inlines the value.
But this is not relevant for proofs because of proof irrelevance.

Note: This linter can be disabled with `set_option linter.style.haveILetI false`
warning: LogdetLean/GramHafnian/UltimateHiding/DenseScore/U08/InverseWishartTraceFourthMoment.lean:117:8: This simp argument is unused:
  muA

Hint: Omit it from the simp argument list.
  [apply] simp [muB, denominatorTraceOneSource, scaledInverseWishartDenominator, Matrix.trace_smul, smul_eq_mul]

Note: This linter can be disabled with `set_option linter.unusedSimpArgs false`
warning: LogdetLean/GramHafnian/UltimateHiding/DenseScore/U08/InverseWishartTraceFourthMoment.lean:117:13: This simp argument is unused:
  muB

Hint: Omit it from the simp argument list.
  [apply] simp [muA, denominatorTraceOneSource, scaledInverseWishartDenominator, Matrix.trace_smul, smul_eq_mul]

Note: This linter can be disabled with `set_option linter.unusedSimpArgs false`
warning: LogdetLean/GramHafnian/UltimateHiding/DenseScore/U08/InverseWishartTraceFourthMoment.lean:128:2: Try this: 
  letI̵

The goal is a proposition, so `let` is preferred over `letI`.
The difference between `let` and `letI` is that `letI` inlines the value.
But this is not relevant for proofs because of proof irrelevance.

Note: This linter can be disabled with `set_option linter.style.haveILetI false`
warning: LogdetLean/GramHafnian/UltimateHiding/DenseScore/U08/InverseWishartTraceFourthMoment.lean:130:2: Try this: 
  letI̵

The goal is a proposition, so `let` is preferred over `letI`.
The difference between `let` and `letI` is that `letI` inlines the value.
But this is not relevant for proofs because of proof irrelevance.

Note: This linter can be disabled with `set_option linter.style.haveILetI false`
warning: LogdetLean/GramHafnian/UltimateHiding/DenseScore/U08/InverseWishartTraceFourthMoment.lean:141:8: This simp argument is unused:
  muA

Hint: Omit it from the simp argument list.
  [apply] simp [muB, denominatorTraceTwoSource, scaledInverseWishartDenominator, pow_two, Matrix.smul_mul,
    Matrix.mul_smul, Matrix.trace_smul, smul_eq_mul, mul_assoc]

Note: This linter can be disabled with `set_option linter.unusedSimpArgs false`
warning: LogdetLean/GramHafnian/UltimateHiding/DenseScore/U08/InverseWishartTraceFourthMoment.lean:141:13: This simp argument is unused:
  muB

Hint: Omit it from the simp argument list.
  [apply] simp [muA, denominatorTraceTwoSource, scaledInverseWishartDenominator, pow_two, Matrix.smul_mul,
    Matrix.mul_smul, Matrix.trace_smul, smul_eq_mul, mul_assoc]

Note: This linter can be disabled with `set_option linter.unusedSimpArgs false`
warning: LogdetLean/GramHafnian/UltimateHiding/DenseScore/U08/InverseWishartTraceFourthMoment.lean:142:46: This simp argument is unused:
  Matrix.smul_mul

Hint: Omit it from the simp argument list.
  [apply] simp [muA, muB, denominatorTraceTwoSource, scaledInverseWishartDenominator, pow_two, Matrix.mul_smul,
    Matrix.trace_smul, smul_eq_mul, mul_assoc]

Note: This linter can be disabled with `set_option linter.unusedSimpArgs false`
warning: LogdetLean/GramHafnian/UltimateHiding/DenseScore/U08/InverseWishartTraceFourthMoment.lean:143:4: This simp argument is unused:
  Matrix.mul_smul

Hint: Omit it from the simp argument list.
  [apply] simp [muA, muB, denominatorTraceTwoSource, scaledInverseWishartDenominator, pow_two, Matrix.smul_mul,
    Matrix.trace_smul, smul_eq_mul, mul_assoc]

Note: This linter can be disabled with `set_option linter.unusedSimpArgs false`
warning: LogdetLean/GramHafnian/UltimateHiding/DenseScore/U08/InverseWishartTraceFourthMoment.lean:153:2: Try this: 
  letI̵

The goal is a proposition, so `let` is preferred over `letI`.
The difference between `let` and `letI` is that `letI` inlines the value.
But this is not relevant for proofs because of proof irrelevance.

Note: This linter can be disabled with `set_option linter.style.haveILetI false`
warning: LogdetLean/GramHafnian/UltimateHiding/DenseScore/U08/InverseWishartTraceFourthMoment.lean:155:2: Try this: 
  letI̵

The goal is a proposition, so `let` is preferred over `letI`.
The difference between `let` and `letI` is that `letI` inlines the value.
But this is not relevant for proofs because of proof irrelevance.

Note: This linter can be disabled with `set_option linter.style.haveILetI false`
warning: LogdetLean/GramHafnian/UltimateHiding/DenseScore/U08/InverseWishartTraceFourthMoment.lean:191:2: Try this: 
  letI̵

The goal is a proposition, so `let` is preferred over `letI`.
The difference between `let` and `letI` is that `letI` inlines the value.
But this is not relevant for proofs because of proof irrelevance.

Note: This linter can be disabled with `set_option linter.style.haveILetI false`
warning: LogdetLean/GramHafnian/UltimateHiding/DenseScore/U08/InverseWishartTraceFourthMoment.lean:200:2: Try this: 
  letI̵

The goal is a proposition, so `let` is preferred over `letI`.
The difference between `let` and `letI` is that `letI` inlines the value.
But this is not relevant for proofs because of proof irrelevance.

Note: This linter can be disabled with `set_option linter.style.haveILetI false`
warning: LogdetLean/GramHafnian/UltimateHiding/DenseScore/U08/InverseWishartTraceFourthMoment.lean:210:2: Try this: 
  letI̵

The goal is a proposition, so `let` is preferred over `letI`.
The difference between `let` and `letI` is that `letI` inlines the value.
But this is not relevant for proofs because of proof irrelevance.

Note: This linter can be disabled with `set_option linter.style.haveILetI false`
warning: LogdetLean/GramHafnian/UltimateHiding/DenseScore/U08/InverseWishartTraceFourthMoment.lean:222:2: Try this: 
  letI̵

The goal is a proposition, so `let` is preferred over `letI`.
The difference between `let` and `letI` is that `letI` inlines the value.
But this is not relevant for proofs because of proof irrelevance.

Note: This linter can be disabled with `set_option linter.style.haveILetI false`
✔ [9296/9583] Built LogdetLean.GramHafnian.UltimateHiding.DenseScore.U08.H14FourthRadialContracts (5.9s)
✔ [9297/9583] Built LogdetLean.GramHafnian.UltimateHiding.DenseScore.H6_TakagiSquareJacobian (5.8s)
✔ [9298/9583] Built LogdetLean.GramHafnian.UltimateHiding.DenseScore.H6_OrderedRadialAdapters (5.8s)
⚠ [9299/9583] Built LogdetLean.GramHafnian.UltimateHiding.DenseScore.Conditional.H18_CompactL1_Proof (6.1s)
warning: LogdetLean/GramHafnian/UltimateHiding/DenseScore/Conditional/H18_CompactL1_Proof.lean:41:5: Variable name `hN` is not explicitly referenced.

Hint: The binding can be removed (if unused) or named `_` (if used implicitly). Alternatively, prefix the name with `_` to silence this warning:
  [apply] _hN

Note: This linter can be disabled with `set_option linter.unusedVariables false`
warning: LogdetLean/GramHafnian/UltimateHiding/DenseScore/Conditional/H18_CompactL1_Proof.lean:41:18: Variable name `hboundary` is not explicitly referenced.

Hint: The binding can be removed (if unused) or named `_` (if used implicitly). Alternatively, prefix the name with `_` to silence this warning:
  [apply] _hboundary

Note: This linter can be disabled with `set_option linter.unusedVariables false`
warning: LogdetLean/GramHafnian/UltimateHiding/DenseScore/Conditional/H18_CompactL1_Proof.lean:188:2: Try this: 
  letI̵

The goal is a proposition, so `let` is preferred over `letI`.
The difference between `let` and `letI` is that `letI` inlines the value.
But this is not relevant for proofs because of proof irrelevance.

Note: This linter can be disabled with `set_option linter.style.haveILetI false`
warning: LogdetLean/GramHafnian/UltimateHiding/DenseScore/Conditional/H18_CompactL1_Proof.lean:193:2: Try this: 
  letI̵

The goal is a proposition, so `let` is preferred over `letI`.
The difference between `let` and `letI` is that `letI` inlines the value.
But this is not relevant for proofs because of proof irrelevance.

Note: This linter can be disabled with `set_option linter.style.haveILetI false`
⚠ [9300/9583] Built LogdetLean.GramHafnian.UltimateHiding.DenseScore.H6_CanonicalGapWeylReduction (8.7s)
warning: LogdetLean/GramHafnian/UltimateHiding/DenseScore/H6_CanonicalGapWeylReduction.lean:509:2: Try this: 
  letI̵

The goal is a proposition, so `let` is preferred over `letI`.
The difference between `let` and `letI` is that `letI` inlines the value.
But this is not relevant for proofs because of proof irrelevance.

Note: This linter can be disabled with `set_option linter.style.haveILetI false`
warning: LogdetLean/GramHafnian/UltimateHiding/DenseScore/H6_CanonicalGapWeylReduction.lean:533:12: This simp argument is unused:
  Matrix.one_apply

Hint: Omit it from the simp argument list.
  [apply] simp [Matrix.diagonal, hij]

Note: This linter can be disabled with `set_option linter.unusedSimpArgs false`
warning: LogdetLean/GramHafnian/UltimateHiding/DenseScore/H6_CanonicalGapWeylReduction.lean:543:12: This simp argument is unused:
  Matrix.one_apply

Hint: Omit it from the simp argument list.
  [apply] simp [Matrix.diagonal, hij]

Note: This linter can be disabled with `set_option linter.unusedSimpArgs false`
warning: LogdetLean/GramHafnian/UltimateHiding/DenseScore/H6_CanonicalGapWeylReduction.lean:621:45: This simp argument is unused:
  Matrix.one_apply

Hint: Omit it from the simp argument list.
  [apply] simp [D, reflectedDiagonal, reflected, hij]

Note: This linter can be disabled with `set_option linter.unusedSimpArgs false`
warning: LogdetLean/GramHafnian/UltimateHiding/DenseScore/H6_CanonicalGapWeylReduction.lean:691:4: try 'simp' instead of 'simpa'

Note: This linter can be disabled with `set_option linter.unnecessarySimpa false`
warning: LogdetLean/GramHafnian/UltimateHiding/DenseScore/H6_CanonicalGapWeylReduction.lean:750:13: Variable name `h` is not explicitly referenced.

Hint: The binding can be removed (if unused) or named `_` (if used implicitly). Alternatively, prefix the name with `_` to silence this warning:
  [apply] _h

Note: This linter can be disabled with `set_option linter.unusedVariables false`
✔ [9301/9583] Built LogdetLean.GramHafnian.UltimateHiding.DenseScore.Conditional.H16DownstreamCompactL1Inputs (5.6s)
✔ [9302/9583] Built LogdetLean.GramHafnian.UltimateHiding.DenseLocalStep.SharedBetaCOEPathIdentification (5.9s)
✔ [9304/9585] Built LogdetLean.GramHafnian.UltimateHiding.DenseScore.Conditional.H16CenteredTransportL1Interface (6.5s)
✔ [9305/9585] Built LogdetLean.GramHafnian.UltimateHiding.DenseScore.Conditional.H16CenteredJetBasic (6.8s)
⚠ [9306/9585] Built LogdetLean.GramHafnian.UltimateHiding.DenseScore.CenteredDensityScoreTwoScratch (10s)
warning: LogdetLean/GramHafnian/UltimateHiding/DenseScore/CenteredDensityScoreTwoScratch.lean:32:6: `push_neg` has been deprecated. Prefer using `push Not` instead.
If you'd rather continue using `push_neg` in your project, you can implement it as follows:
```
open Lean.Parser.Tactic in
macro "push_neg" cfg:optConfig loc:(location)? : tactic =>
  `(tactic| push $cfg:optConfig Not $[$loc]?)
```
warning: LogdetLean/GramHafnian/UltimateHiding/DenseScore/CenteredDensityScoreTwoScratch.lean:45:10: This simp argument is unused:
  Matrix.one_apply

Hint: Omit it from the simp argument list.
  [apply] simp [hj]

Note: This linter can be disabled with `set_option linter.unusedSimpArgs false`
warning: LogdetLean/GramHafnian/UltimateHiding/DenseScore/CenteredDensityScoreTwoScratch.lean:439:6: this tactic is never executed

Note: This linter can be disabled with `set_option linter.unreachableTactic false`
warning: LogdetLean/GramHafnian/UltimateHiding/DenseScore/CenteredDensityScoreTwoScratch.lean:444:6: this tactic is never executed

Note: This linter can be disabled with `set_option linter.unreachableTactic false`
warning: LogdetLean/GramHafnian/UltimateHiding/DenseScore/CenteredDensityScoreTwoScratch.lean:445:6: this tactic is never executed

Note: This linter can be disabled with `set_option linter.unreachableTactic false`
warning: LogdetLean/GramHafnian/UltimateHiding/DenseScore/CenteredDensityScoreTwoScratch.lean:439:6: Unused tactic linter: `(
  funext z
  simp only [Function.comp_apply, Pi.sub_apply, Pi.mul_apply]
  unfold centeredHolomorphicSupportPathTwo complexMatrixEntryCLMTwo complexMatrixEntryLinearMapTwo
  rfl)` does nothing

Note: This linter can be disabled with `set_option linter.unusedTactic false`
warning: LogdetLean/GramHafnian/UltimateHiding/DenseScore/CenteredDensityScoreTwoScratch.lean:444:6: Unused tactic linter: `simp [complexMatrixEntryCLMTwo, complexMatrixEntryLinearMapTwo]` does nothing

Note: This linter can be disabled with `set_option linter.unusedTactic false`
warning: LogdetLean/GramHafnian/UltimateHiding/DenseScore/CenteredDensityScoreTwoScratch.lean:445:6: Unused tactic linter: `exact Subsingleton.elim _ _` does nothing

Note: This linter can be disabled with `set_option linter.unusedTactic false`
warning: LogdetLean/GramHafnian/UltimateHiding/DenseScore/CenteredDensityScoreTwoScratch.lean:512:6: this tactic is never executed

Note: This linter can be disabled with `set_option linter.unreachableTactic false`
warning: LogdetLean/GramHafnian/UltimateHiding/DenseScore/CenteredDensityScoreTwoScratch.lean:516:6: this tactic is never executed

Note: This linter can be disabled with `set_option linter.unreachableTactic false`
warning: LogdetLean/GramHafnian/UltimateHiding/DenseScore/CenteredDensityScoreTwoScratch.lean:517:6: this tactic is never executed

Note: This linter can be disabled with `set_option linter.unreachableTactic false`
warning: LogdetLean/GramHafnian/UltimateHiding/DenseScore/CenteredDensityScoreTwoScratch.lean:512:6: Unused tactic linter: `(
  funext z
  simp only [Function.comp_apply, Pi.neg_apply, Pi.add_apply, Pi.mul_apply]
  unfold centeredSupportPathFirstTwo E M A B
  rfl)` does nothing

Note: This linter can be disabled with `set_option linter.unusedTactic false`
warning: LogdetLean/GramHafnian/UltimateHiding/DenseScore/CenteredDensityScoreTwoScratch.lean:516:6: Unused tactic linter: `simp [complexMatrixEntryCLMTwo, complexMatrixEntryLinearMapTwo]` does nothing

Note: This linter can be disabled with `set_option linter.unusedTactic false`
warning: LogdetLean/GramHafnian/UltimateHiding/DenseScore/CenteredDensityScoreTwoScratch.lean:517:6: Unused tactic linter: `exact Subsingleton.elim _ _` does nothing

Note: This linter can be disabled with `set_option linter.unusedTactic false`
warning: LogdetLean/GramHafnian/UltimateHiding/DenseScore/CenteredDensityScoreTwoScratch.lean:632:2: Try this: 
  letI̵

The goal is a proposition, so `let` is preferred over `letI`.
The difference between `let` and `letI` is that `letI` inlines the value.
But this is not relevant for proofs because of proof irrelevance.

Note: This linter can be disabled with `set_option linter.style.haveILetI false`
warning: LogdetLean/GramHafnian/UltimateHiding/DenseScore/CenteredDensityScoreTwoScratch.lean:640:2: Try this: 
  letI̵

The goal is a proposition, so `let` is preferred over `letI`.
The difference between `let` and `letI` is that `letI` inlines the value.
But this is not relevant for proofs because of proof irrelevance.

Note: This linter can be disabled with `set_option linter.style.haveILetI false`
warning: LogdetLean/GramHafnian/UltimateHiding/DenseScore/CenteredDensityScoreTwoScratch.lean:858:2: Try this: 
  letI̵

The goal is a proposition, so `let` is preferred over `letI`.
The difference between `let` and `letI` is that `letI` inlines the value.
But this is not relevant for proofs because of proof irrelevance.

Note: This linter can be disabled with `set_option linter.style.haveILetI false`
warning: LogdetLean/GramHafnian/UltimateHiding/DenseScore/CenteredDensityScoreTwoScratch.lean:865:2: Try this: 
  letI̵

The goal is a proposition, so `let` is preferred over `letI`.
The difference between `let` and `letI` is that `letI` inlines the value.
But this is not relevant for proofs because of proof irrelevance.

Note: This linter can be disabled with `set_option linter.style.haveILetI false`
warning: LogdetLean/GramHafnian/UltimateHiding/DenseScore/CenteredDensityScoreTwoScratch.lean:956:2: Try this: 
  letI̵

The goal is a proposition, so `let` is preferred over `letI`.
The difference between `let` and `letI` is that `letI` inlines the value.
But this is not relevant for proofs because of proof irrelevance.

Note: This linter can be disabled with `set_option linter.style.haveILetI false`
warning: LogdetLean/GramHafnian/UltimateHiding/DenseScore/CenteredDensityScoreTwoScratch.lean:963:2: Try this: 
  letI̵

The goal is a proposition, so `let` is preferred over `letI`.
The difference between `let` and `letI` is that `letI` inlines the value.
But this is not relevant for proofs because of proof irrelevance.

Note: This linter can be disabled with `set_option linter.style.haveILetI false`
warning: LogdetLean/GramHafnian/UltimateHiding/DenseScore/CenteredDensityScoreTwoScratch.lean:939:35: Variable name `hQ` is not explicitly referenced.

Hint: The binding can be removed (if unused) or named `_` (if used implicitly). Alternatively, prefix the name with `_` to silence this warning:
  [apply] _hQ

Note: This linter can be disabled with `set_option linter.unusedVariables false`
warning: LogdetLean/GramHafnian/UltimateHiding/DenseScore/CenteredDensityScoreTwoScratch.lean:1008:53: Used `tac1 <;> tac2` where `(tac1; tac2)` would suffice

Note: This linter can be disabled with `set_option linter.unnecessarySeqFocus false`
warning: LogdetLean/GramHafnian/UltimateHiding/DenseScore/CenteredDensityScoreTwoScratch.lean:1130:8: this tactic is never executed

Note: This linter can be disabled with `set_option linter.unreachableTactic false`
warning: LogdetLean/GramHafnian/UltimateHiding/DenseScore/CenteredDensityScoreTwoScratch.lean:1131:8: this tactic is never executed

Note: This linter can be disabled with `set_option linter.unreachableTactic false`
warning: LogdetLean/GramHafnian/UltimateHiding/DenseScore/CenteredDensityScoreTwoScratch.lean:1130:8: Unused tactic linter: `(simp only [a, S, Function.comp_apply, Complex.reCLM_apply])` does nothing

Note: This linter can be disabled with `set_option linter.unusedTactic false`
warning: LogdetLean/GramHafnian/UltimateHiding/DenseScore/CenteredDensityScoreTwoScratch.lean:1131:8: Unused tactic linter: `exact Subsingleton.elim _ _` does nothing

Note: This linter can be disabled with `set_option linter.unusedTactic false`
warning: LogdetLean/GramHafnian/UltimateHiding/DenseScore/CenteredDensityScoreTwoScratch.lean:1272:8: this tactic is never executed

Note: This linter can be disabled with `set_option linter.unreachableTactic false`
warning: LogdetLean/GramHafnian/UltimateHiding/DenseScore/CenteredDensityScoreTwoScratch.lean:1273:8: this tactic is never executed

Note: This linter can be disabled with `set_option linter.unreachableTactic false`
warning: LogdetLean/GramHafnian/UltimateHiding/DenseScore/CenteredDensityScoreTwoScratch.lean:1272:8: Unused tactic linter: `simp only [a, Function.comp_apply, Complex.reCLM_apply]` does nothing

Note: This linter can be disabled with `set_option linter.unusedTactic false`
warning: LogdetLean/GramHafnian/UltimateHiding/DenseScore/CenteredDensityScoreTwoScratch.lean:1273:8: Unused tactic linter: `exact Subsingleton.elim _ _` does nothing

Note: This linter can be disabled with `set_option linter.unusedTactic false`
⚠ [9307/9585] Built LogdetLean.GramHafnian.UltimateHiding.DenseScore.H11_COEBlockFlow (8.7s)
warning: LogdetLean/GramHafnian/UltimateHiding/DenseScore/H11_COEBlockFlow.lean:61:4: try 'simp' instead of 'simpa'

Note: This linter can be disabled with `set_option linter.unnecessarySimpa false`
warning: LogdetLean/GramHafnian/UltimateHiding/DenseScore/H11_COEBlockFlow.lean:266:43: This simp argument is unused:
  map_neg

Hint: Omit it from the simp argument list.
  [apply] simp only [← Matrix.exp_conjTranspose, Matrix.conjTranspose_smul, Complex.star_def, Complex.conj_ofReal]

Note: This linter can be disabled with `set_option linter.unusedSimpArgs false`
warning: LogdetLean/GramHafnian/UltimateHiding/DenseScore/H11_COEBlockFlow.lean:449:36: This simp argument is unused:
  ← Matrix.fromBlocks_one

Hint: Omit it from the simp argument list.
  [apply] simp [dZero, h11COEBlockMiddle]

Note: Simp arguments with `←` have the additional effect of removing the other direction from the simp set, even if the simp argument itself is unused. If the hint above does not work, try replacing `←` with `-` to only get that effect and silence this warning.

Note: This linter can be disabled with `set_option linter.unusedSimpArgs false`
✔ [9308/9585] Built Challenge (5.0s)
ℹ [9309/9585] Built LogdetLean.GramHafnian.UltimateHiding.Sparse.H19HaarCornerWithDensitySuccessor (6.5s)
info: LogdetLean/GramHafnian/UltimateHiding/Sparse/H19HaarCornerWithDensitySuccessor.lean:353:0: 'LogdetLean.GramHafnian.UltimateHiding.Sparse.haarCornerDefectSqrt_fiber_density_eq_conditional' depends on axioms: [propext,
 Classical.choice,
 Quot.sound]
info: LogdetLean/GramHafnian/UltimateHiding/Sparse/H19HaarCornerWithDensitySuccessor.lean:354:0: 'LogdetLean.GramHafnian.UltimateHiding.Sparse.map_haarCornerDefectSqrt_jiangFiberDensity' depends on axioms: [propext,
 Classical.choice,
 Quot.sound]
info: LogdetLean/GramHafnian/UltimateHiding/Sparse/H19HaarCornerWithDensitySuccessor.lean:355:0: 'LogdetLean.GramHafnian.UltimateHiding.Sparse.map_haarCornerTriangular_jiangProductDensity' depends on axioms: [propext,
 Classical.choice,
 Quot.sound]
info: LogdetLean/GramHafnian/UltimateHiding/Sparse/H19HaarCornerWithDensitySuccessor.lean:356:0: 'LogdetLean.GramHafnian.UltimateHiding.Sparse.jiangOldPDF_mul_succConditionalPDF_eq_succPDF_of_strict' depends on axioms: [propext,
 Classical.choice,
 Quot.sound]
info: LogdetLean/GramHafnian/UltimateHiding/Sparse/H19HaarCornerWithDensitySuccessor.lean:357:0: 'LogdetLean.GramHafnian.UltimateHiding.Sparse.map_haarCornerAppendColumn_conditionalDensity_of_strict' depends on axioms: [propext,
 Classical.choice,
 Quot.sound]
info: LogdetLean/GramHafnian/UltimateHiding/Sparse/H19HaarCornerWithDensitySuccessor.lean:358:0: 'LogdetLean.GramHafnian.UltimateHiding.Sparse.jiangUnscaledTallHaarCorner_density_succ_proved' depends on axioms: [propext,
 Classical.choice,
 Quot.sound]
ℹ [9310/9585] Built LogdetLean.GramHafnian.ThreePaper.AC2NegativeMoments (7.5s)
info: LogdetLean/GramHafnian/ThreePaper/AC2NegativeMoments.lean:516:12: Try this:
  [apply] ring_nf
  
  The `ring` tactic failed to close the goal. Use `ring_nf` to obtain a normal form.
    
  Note that `ring` works primarily in *commutative* rings. If you have a noncommutative ring, abelian group or module, consider using `noncomm_ring`, `abel` or `module` instead.
⚠ [9311/9585] Built LogdetLean.GramHafnian.UltimateHiding.DenseScore.ConcreteRankOneCubicAverage (5.9s)
warning: LogdetLean/GramHafnian/UltimateHiding/DenseScore/ConcreteRankOneCubicAverage.lean:29:2: Try this: 
  letI̵

The goal is a proposition, so `let` is preferred over `letI`.
The difference between `let` and `letI` is that `letI` inlines the value.
But this is not relevant for proofs because of proof irrelevance.

Note: This linter can be disabled with `set_option linter.style.haveILetI false`
⚠ [9312/9585] Built LogdetLean.GramHafnian.UltimateHiding.DenseScore.H7WitnessIntegrability (5.9s)
warning: LogdetLean/GramHafnian/UltimateHiding/DenseScore/H7WitnessIntegrability.lean:45:2: Try this: 
  letI̵

The goal is a proposition, so `let` is preferred over `letI`.
The difference between `let` and `letI` is that `letI` inlines the value.
But this is not relevant for proofs because of proof irrelevance.

Note: This linter can be disabled with `set_option linter.style.haveILetI false`
⚠ [9313/9585] Built LogdetLean.GramHafnian.UltimateHiding.DenseScore.U08.H14_FourthRadialIntegrabilityLow (6.4s)
warning: LogdetLean/GramHafnian/UltimateHiding/DenseScore/U08/H14_FourthRadialIntegrabilityLow.lean:201:13: This simp argument is unused:
  Function.uncurry

Hint: Omit it from the simp argument list.
  [apply] simp only [scaledInverseWishartDenominator, inverseWishartEntryProduct, Fin.prod_univ_four, Matrix.smul_apply,
    smul_eq_mul]

Note: This linter can be disabled with `set_option linter.unusedSimpArgs false`
warning: LogdetLean/GramHafnian/UltimateHiding/DenseScore/U08/H14_FourthRadialIntegrabilityLow.lean:214:37: This simp argument is unused:
  Matrix.smul_mul

Hint: Omit it from the simp argument list.
  [apply] simp [betaPrimeTraceOneSource, betaPrimeYTraceOne, realBetaPrimeTracePowerVector,
    realMatrixBetaPrimeOfGaussianSource, scaledInverseWishartDenominator, Matrix.trace_smul]

Note: This linter can be disabled with `set_option linter.unusedSimpArgs false`
warning: LogdetLean/GramHafnian/UltimateHiding/DenseScore/U08/H14_FourthRadialIntegrabilityLow.lean:226:46: This simp argument is unused:
  Matrix.smul_mul

Hint: Omit it from the simp argument list.
  [apply] simp [betaPrimeTraceTwoSource, betaPrimeYTraceTwo, realBetaPrimeTracePowerVector,
    realMatrixBetaPrimeOfGaussianSource, scaledInverseWishartDenominator, pow_two, Matrix.mul_smul, Matrix.trace_smul,
    smul_smul, Matrix.mul_assoc]

Note: This linter can be disabled with `set_option linter.unusedSimpArgs false`
warning: LogdetLean/GramHafnian/UltimateHiding/DenseScore/U08/H14_FourthRadialIntegrabilityLow.lean:227:4: This simp argument is unused:
  Matrix.mul_smul

Hint: Omit it from the simp argument list.
  [apply] simp [betaPrimeTraceTwoSource, betaPrimeYTraceTwo, realBetaPrimeTracePowerVector,
    realMatrixBetaPrimeOfGaussianSource, scaledInverseWishartDenominator, pow_two, Matrix.smul_mul, Matrix.trace_smul,
    smul_smul, Matrix.mul_assoc]

Note: This linter can be disabled with `set_option linter.unusedSimpArgs false`
warning: LogdetLean/GramHafnian/UltimateHiding/DenseScore/U08/H14_FourthRadialIntegrabilityLow.lean:228:4: Unused tactic linter: `ring` does nothing

Note: This linter can be disabled with `set_option linter.unusedTactic false`
warning: LogdetLean/GramHafnian/UltimateHiding/DenseScore/U08/H14_FourthRadialIntegrabilityLow.lean:228:4: this tactic is never executed

Note: This linter can be disabled with `set_option linter.unreachableTactic false`
warning: LogdetLean/GramHafnian/UltimateHiding/DenseScore/U08/H14_FourthRadialIntegrabilityLow.lean:313:2: Try this: 
  letI̵

The goal is a proposition, so `let` is preferred over `letI`.
The difference between `let` and `letI` is that `letI` inlines the value.
But this is not relevant for proofs because of proof irrelevance.

Note: This linter can be disabled with `set_option linter.style.haveILetI false`
warning: LogdetLean/GramHafnian/UltimateHiding/DenseScore/U08/H14_FourthRadialIntegrabilityLow.lean:315:2: Try this: 
  letI̵

The goal is a proposition, so `let` is preferred over `letI`.
The difference between `let` and `letI` is that `letI` inlines the value.
But this is not relevant for proofs because of proof irrelevance.

Note: This linter can be disabled with `set_option linter.style.haveILetI false`
⚠ [9314/9585] Built LogdetLean.GramHafnian.UltimateHiding.DenseScore.U08.GaussianPoincareRegularizationConditional (7.2s)
warning: LogdetLean/GramHafnian/UltimateHiding/DenseScore/U08/GaussianPoincareRegularizationConditional.lean:99:37: This simp argument is unused:
  Matrix.smul_mul

Hint: Omit it from the simp argument list.
  [apply] simp [betaPrimeTraceOneSource, betaPrimeYTraceOne, realBetaPrimeTracePowerVector,
    realMatrixBetaPrimeOfGaussianSource, scaledInverseWishartDenominator, Matrix.trace_smul]

Note: This linter can be disabled with `set_option linter.unusedSimpArgs false`
warning: LogdetLean/GramHafnian/UltimateHiding/DenseScore/U08/GaussianPoincareRegularizationConditional.lean:111:46: This simp argument is unused:
  Matrix.smul_mul

Hint: Omit it from the simp argument list.
  [apply] simp [betaPrimeTraceTwoSource, betaPrimeYTraceTwo, realBetaPrimeTracePowerVector,
    realMatrixBetaPrimeOfGaussianSource, scaledInverseWishartDenominator, pow_two, Matrix.mul_smul, Matrix.trace_smul,
    smul_smul, Matrix.mul_assoc]

Note: This linter can be disabled with `set_option linter.unusedSimpArgs false`
warning: LogdetLean/GramHafnian/UltimateHiding/DenseScore/U08/GaussianPoincareRegularizationConditional.lean:112:4: This simp argument is unused:
  Matrix.mul_smul

Hint: Omit it from the simp argument list.
  [apply] simp [betaPrimeTraceTwoSource, betaPrimeYTraceTwo, realBetaPrimeTracePowerVector,
    realMatrixBetaPrimeOfGaussianSource, scaledInverseWishartDenominator, pow_two, Matrix.smul_mul, Matrix.trace_smul,
    smul_smul, Matrix.mul_assoc]

Note: This linter can be disabled with `set_option linter.unusedSimpArgs false`
warning: LogdetLean/GramHafnian/UltimateHiding/DenseScore/U08/GaussianPoincareRegularizationConditional.lean:113:4: Unused tactic linter: `ring` does nothing

Note: This linter can be disabled with `set_option linter.unusedTactic false`
warning: LogdetLean/GramHafnian/UltimateHiding/DenseScore/U08/GaussianPoincareRegularizationConditional.lean:113:4: this tactic is never executed

Note: This linter can be disabled with `set_option linter.unreachableTactic false`
⚠ [9315/9585] Built LogdetLean.GramHafnian.UltimateHiding.DenseScore.H6_DeterministicBetaJacobiTransforms (7.3s)
warning: LogdetLean/GramHafnian/UltimateHiding/DenseScore/H6_DeterministicBetaJacobiTransforms.lean:304:0: Definition `forresterEq17RawSquaringContract_beta_one` is a proposition; use `theorem` instead of `def`

Note: This linter can be disabled with `set_option linter.defProp false`
warning: LogdetLean/GramHafnian/UltimateHiding/DenseScore/H6_DeterministicBetaJacobiTransforms.lean:394:0: Definition `betaJacobiRawReflectionContract_proved` is a proposition; use `theorem` instead of `def`

Note: This linter can be disabled with `set_option linter.defProp false`
warning: LogdetLean/GramHafnian/UltimateHiding/DenseScore/H6_DeterministicBetaJacobiTransforms.lean:433:35: This simp argument is unused:
  hij

Hint: Omit it from the simp argument list.
  [apply] simp [a2CollisionLinearMap, e, Ne.symm hij]

Note: This linter can be disabled with `set_option linter.unusedSimpArgs false`
warning: LogdetLean/GramHafnian/UltimateHiding/DenseScore/H6_DeterministicBetaJacobiTransforms.lean:453:0: Definition `betaJacobiCollisionVolumeContract_proved` is a proposition; use `theorem` instead of `def`

Note: This linter can be disabled with `set_option linter.defProp false`
✔ [9316/9585] Built LogdetLean.GramHafnian.UltimateHiding.DenseScore.Conditional.H17_CompactL1_Proof (6.4s)
✔ [9317/9585] Built LogdetLean.GramHafnian.UltimateHiding.DenseScore.H6_MuirheadOrderedConditional (7.6s)
⚠ [9318/9585] Built LogdetLean.GramHafnian.UltimateHiding.DenseScore.U08.H14_MatsumotoTraceFourReductionConditional (13s)
warning: LogdetLean/GramHafnian/UltimateHiding/DenseScore/U08/H14_MatsumotoTraceFourReductionConditional.lean:49:12: try 'simp' instead of 'simpa'

Note: This linter can be disabled with `set_option linter.unnecessarySimpa false`
warning: LogdetLean/GramHafnian/UltimateHiding/DenseScore/U08/H14_MatsumotoTraceFourReductionConditional.lean:103:4: Try this: 
  letI̵

The goal is a proposition, so `let` is preferred over `letI`.
The difference between `let` and `letI` is that `letI` inlines the value.
But this is not relevant for proofs because of proof irrelevance.

Note: This linter can be disabled with `set_option linter.style.haveILetI false`
warning: LogdetLean/GramHafnian/UltimateHiding/DenseScore/U08/H14_MatsumotoTraceFourReductionConditional.lean:758:29: This simp argument is unused:
  Pi.mul_apply

Hint: Omit it from the simp argument list.
  [apply] simp only [Pi.add_apply, C]

Note: This linter can be disabled with `set_option linter.unusedSimpArgs false`
warning: LogdetLean/GramHafnian/UltimateHiding/DenseScore/U08/H14_MatsumotoTraceFourReductionConditional.lean:784:29: This simp argument is unused:
  Pi.mul_apply

Hint: Omit it from the simp argument list.
  [apply] simp only [Pi.add_apply, C]

Note: This linter can be disabled with `set_option linter.unusedSimpArgs false`
✔ [9319/9585] Built LogdetLean.GramHafnian.UltimateHiding.DenseScore.Literature.H6_A2Prime_TakagiWeylSymmetricIntegration (5.5s)
✔ [9320/9585] Built LogdetLean.GramHafnian.UltimateHiding.DenseScore.Conditional.H16OrderFourAnalyticCore (5.3s)
✔ [9321/9585] Built LogdetLean.GramHafnian.UltimateHiding.DenseScore.Conditional.H16CenteredJetTransport (5.2s)
✔ [9322/9585] Built LogdetLean.GramHafnian.UltimateHiding.DenseScore.CenteredDensityScoreTwoDerived (5.0s)
✔ [9323/9585] Built LogdetLean.GramHafnian.UltimateHiding.DenseScore.Conditional.H16ScorePointwiseIdentification (6.2s)
ℹ [9324/9585] Built LogdetLean.GramHafnian.UltimateHiding.Sparse.H19JiangDensityProved (5.2s)
info: LogdetLean/GramHafnian/UltimateHiding/Sparse/H19JiangDensityProved.lean:66:0: 'LogdetLean.GramHafnian.UltimateHiding.Sparse.jiang_2009_prop2_1_unscaledTallHaarCorner_density_proved_strict' depends on axioms: [propext,
 Classical.choice,
 Quot.sound]
info: LogdetLean/GramHafnian/UltimateHiding/Sparse/H19JiangDensityProved.lean:68:0: 'LogdetLean.GramHafnian.UltimateHiding.Sparse.jiangSqrtScaledTallHaarCornerLaw_eq_withDensity_proved_strict' depends on axioms: [propext,
 Classical.choice,
 Quot.sound]
info: LogdetLean/GramHafnian/UltimateHiding/Sparse/H19JiangDensityProved.lean:70:0: 'LogdetLean.GramHafnian.UltimateHiding.Sparse.jiangSqrtScaledTallHaarCornerLaw_eq_withDensity_ofReal_proved_strict' depends on axioms: [propext,
 Classical.choice,
 Quot.sound]
✔ [9325/9585] Built ComplexGramHafnians (5.9s)
ℹ [9326/9585] Built LogdetLean.GramHafnian.ThreePaper.GaussianAnticoncentration (5.4s)
info: LogdetLean/GramHafnian/ThreePaper/GaussianAnticoncentration.lean:112:0: 'LogdetLean.GramHafnian.ThreePaper.GaussianAnticoncentration.shiftedSmallBall' depends on axioms: [propext,
 Classical.choice,
 Quot.sound]
info: LogdetLean/GramHafnian/ThreePaper/GaussianAnticoncentration.lean:113:0: 'LogdetLean.GramHafnian.ThreePaper.GaussianAnticoncentration.independentMatrixShiftSmallBall' depends on axioms: [propext,
 Classical.choice,
 Quot.sound]
info: LogdetLean/GramHafnian/ThreePaper/GaussianAnticoncentration.lean:114:0: 'LogdetLean.GramHafnian.ThreePaper.GaussianAnticoncentration.exactCoefficient' depends on axioms: [propext,
 Classical.choice,
 Quot.sound]
info: LogdetLean/GramHafnian/ThreePaper/GaussianAnticoncentration.lean:115:0: 'LogdetLean.GramHafnian.ThreePaper.GaussianAnticoncentration.PaperEndpoints.result_thm_main_finite' depends on axioms: [propext,
 Classical.choice,
 Quot.sound]
info: LogdetLean/GramHafnian/ThreePaper/GaussianAnticoncentration.lean:116:0: 'LogdetLean.GramHafnian.ThreePaper.GaussianAnticoncentration.PaperEndpoints.result_cor_exact_local_power_of_inverse' depends on axioms: [propext,
 Classical.choice,
 Quot.sound]
info: LogdetLean/GramHafnian/ThreePaper/GaussianAnticoncentration.lean:117:0: 'LogdetLean.GramHafnian.ThreePaper.GaussianAnticoncentration.PaperEndpoints.result_lemma_radial_angular_factorization_of_inverse' depends on axioms: [propext,
 Classical.choice,
 Quot.sound]
info: LogdetLean/GramHafnian/ThreePaper/GaussianAnticoncentration.lean:118:0: 'LogdetLean.GramHafnian.ThreePaper.GaussianAnticoncentration.negativeRpowMoment_le_of_powerLowerTail' depends on axioms: [propext,
 Classical.choice,
 Quot.sound]
info: LogdetLean/GramHafnian/ThreePaper/GaussianAnticoncentration.lean:119:0: 'LogdetLean.GramHafnian.ThreePaper.GaussianAnticoncentration.normalizedShiftedIntensity_negativeMoment' depends on axioms: [propext,
 Classical.choice,
 Quot.sound]
info: LogdetLean/GramHafnian/ThreePaper/GaussianAnticoncentration.lean:120:0: 'LogdetLean.GramHafnian.ThreePaper.GaussianAnticoncentration.normalizedShiftedIntensity_relativeErrorMoment' depends on axioms: [propext,
 Classical.choice,
 Quot.sound]
info: LogdetLean/GramHafnian/ThreePaper/GaussianAnticoncentration.lean:121:0: 'LogdetLean.GramHafnian.ThreePaper.GaussianAnticoncentration.normalizedShiftedIntensity_negativeMoment_eq_top' depends on axioms: [propext,
 Classical.choice,
 Quot.sound]
info: LogdetLean/GramHafnian/ThreePaper/GaussianAnticoncentration.lean:122:0: 'LogdetLean.GramHafnian.ThreePaper.GaussianAnticoncentration.gaussianGBSPatternWeight_eq_reference_mul_normalizedIntensity' depends on axioms: [propext,
 Classical.choice,
 Quot.sound]
info: LogdetLean/GramHafnian/ThreePaper/GaussianAnticoncentration.lean:123:0: 'LogdetLean.GramHafnian.ThreePaper.GaussianAnticoncentration.additiveToRelative_of_lowerTail' depends on axioms: [propext,
 Classical.choice,
 Quot.sound]
info: LogdetLean/GramHafnian/ThreePaper/GaussianAnticoncentration.lean:124:0: 'LogdetLean.GramHafnian.ThreePaper.GaussianAnticoncentration.normalizedDenominatorResolutionReal_of_logBudget' depends on axioms: [propext,
 Classical.choice,
 Quot.sound]
⚠ [9327/9585] Built LogdetLean.GramHafnian.UltimateHiding.DenseScore.H7LineIdentifications (5.5s)
warning: LogdetLean/GramHafnian/UltimateHiding/DenseScore/H7LineIdentifications.lean:53:8: This simp argument is unused:
  smul_smul

Hint: Omit it from the simp argument list.
  [apply] simp

Note: This linter can be disabled with `set_option linter.unusedSimpArgs false`
⚠ [9328/9585] Built LogdetLean.GramHafnian.UltimateHiding.DenseScore.U08.BetaPrimeTraceTwoCounterexample (6.4s)
warning: LogdetLean/GramHafnian/UltimateHiding/DenseScore/U08/BetaPrimeTraceTwoCounterexample.lean:306:2: Try this: 
  letI̵

The goal is a proposition, so `let` is preferred over `letI`.
The difference between `let` and `letI` is that `letI` inlines the value.
But this is not relevant for proofs because of proof irrelevance.

Note: This linter can be disabled with `set_option linter.style.haveILetI false`
⚠ [9329/9585] Built LogdetLean.GramHafnian.UltimateHiding.DenseScore.H6_BetaJacobiNormalizationA2Free (7.3s)
warning: LogdetLean/GramHafnian/UltimateHiding/DenseScore/H6_BetaJacobiNormalizationA2Free.lean:171:15: Variable name `h2NK` is not explicitly referenced.

Hint: The binding can be removed (if unused) or named `_` (if used implicitly). Alternatively, prefix the name with `_` to silence this warning:
  [apply] _h2NK

Note: This linter can be disabled with `set_option linter.unusedVariables false`
warning: LogdetLean/GramHafnian/UltimateHiding/DenseScore/H6_BetaJacobiNormalizationA2Free.lean:191:15: Variable name `h2NK` is not explicitly referenced.

Hint: The binding can be removed (if unused) or named `_` (if used implicitly). Alternatively, prefix the name with `_` to silence this warning:
  [apply] _h2NK

Note: This linter can be disabled with `set_option linter.unusedVariables false`
⚠ [9330/9585] Built LogdetLean.GramHafnian.UltimateHiding.DenseScore.H6_A3_EdelmanSuttonProp12Conditional (7.3s)
warning: LogdetLean/GramHafnian/UltimateHiding/DenseScore/H6_A3_EdelmanSuttonProp12Conditional.lean:126:35: Variable name `beta` is not explicitly referenced.

Hint: The binding can be removed (if unused) or named `_` (if used implicitly). Alternatively, prefix the name with `_` to silence this warning:
  [apply] _beta

Note: This linter can be disabled with `set_option linter.unusedVariables false`
warning: LogdetLean/GramHafnian/UltimateHiding/DenseScore/H6_A3_EdelmanSuttonProp12Conditional.lean:324:28: Variable name `h2NK` is not explicitly referenced.

Hint: The binding can be removed (if unused) or named `_` (if used implicitly). Alternatively, prefix the name with `_` to silence this warning:
  [apply] _h2NK

Note: This linter can be disabled with `set_option linter.unusedVariables false`
✔ [9331/9585] Built LogdetLean.GramHafnian.UltimateHiding.DenseScore.H6_A2Prime_PositiveSupport (7.1s)
✔ [9332/9585] Built LogdetLean.GramHafnian.UltimateHiding.DenseScore.H6_A2Prime_WeightedSymmetricMap (6.0s)
⚠ [9333/9585] Built LogdetLean.GramHafnian.UltimateHiding.DenseScore.Conditional.H16DirectGaussGreenReduction (7.3s)
warning: LogdetLean/GramHafnian/UltimateHiding/DenseScore/Conditional/H16DirectGaussGreenReduction.lean:49:2: Try this: 
  letI̵

The goal is a proposition, so `let` is preferred over `letI`.
The difference between `let` and `letI` is that `letI` inlines the value.
But this is not relevant for proofs because of proof irrelevance.

Note: This linter can be disabled with `set_option linter.style.haveILetI false`
⚠ [9334/9585] Built LogdetLean.GramHafnian.UltimateHiding.DenseScore.Conditional.H16CenteredL1Orbit (7.5s)
warning: LogdetLean/GramHafnian/UltimateHiding/DenseScore/Conditional/H16CenteredL1Orbit.lean:150:2: Try this: 
  letI̵

The goal is a proposition, so `let` is preferred over `letI`.
The difference between `let` and `letI` is that `letI` inlines the value.
But this is not relevant for proofs because of proof irrelevance.

Note: This linter can be disabled with `set_option linter.style.haveILetI false`
✔ [9335/9585] Built LogdetLean.GramHafnian.UltimateHiding.DenseScore.H14_Proof (6.1s)
✔ [9336/9585] Built LogdetLean.GramHafnian.UltimateHiding.DenseScore.CenteredDensityScoreTwoExternal (5.5s)
⚠ [9337/9585] Built LogdetLean.GramHafnian.UltimateHiding.Sparse.H19DirectTV (6.5s)
warning: LogdetLean/GramHafnian/UltimateHiding/Sparse/H19DirectTV.lean:63:2: Try this: 
  letI̵

The goal is a proposition, so `let` is preferred over `letI`.
The difference between `let` and `letI` is that `letI` inlines the value.
But this is not relevant for proofs because of proof irrelevance.

Note: This linter can be disabled with `set_option linter.style.haveILetI false`
warning: LogdetLean/GramHafnian/UltimateHiding/Sparse/H19DirectTV.lean:86:2: Try this: 
  letI̵

The goal is a proposition, so `let` is preferred over `letI`.
The difference between `let` and `letI` is that `letI` inlines the value.
But this is not relevant for proofs because of proof irrelevance.

Note: This linter can be disabled with `set_option linter.style.haveILetI false`
warning: LogdetLean/GramHafnian/UltimateHiding/Sparse/H19DirectTV.lean:100:2: Try this: 
  letI̵

The goal is a proposition, so `let` is preferred over `letI`.
The difference between `let` and `letI` is that `letI` inlines the value.
But this is not relevant for proofs because of proof irrelevance.

Note: This linter can be disabled with `set_option linter.style.haveILetI false`
warning: LogdetLean/GramHafnian/UltimateHiding/Sparse/H19DirectTV.lean:113:2: Try this: 
  letI̵

The goal is a proposition, so `let` is preferred over `letI`.
The difference between `let` and `letI` is that `letI` inlines the value.
But this is not relevant for proofs because of proof irrelevance.

Note: This linter can be disabled with `set_option linter.style.haveILetI false`
✔ [9338/9585] Built LogdetLean.GramHafnian.UltimateHiding.DenseScore.H7RankOneLineConditional (6.7s)
⚠ [9339/9585] Built LogdetLean.GramHafnian.UltimateHiding.Sparse.H19QuantitativeRawDensity (7.7s)
warning: LogdetLean/GramHafnian/UltimateHiding/Sparse/H19QuantitativeRawDensity.lean:36:5: Variable name `hf` is not explicitly referenced.

Hint: The binding can be removed (if unused) or named `_` (if used implicitly). Alternatively, prefix the name with `_` to silence this warning:
  [apply] _hf

Note: This linter can be disabled with `set_option linter.unusedVariables false`
warning: LogdetLean/GramHafnian/UltimateHiding/Sparse/H19QuantitativeRawDensity.lean:56:5: Variable name `hf_nonneg` is not explicitly referenced.

Hint: The binding can be removed (if unused) or named `_` (if used implicitly). Alternatively, prefix the name with `_` to silence this warning:
  [apply] _hf_nonneg

Note: This linter can be disabled with `set_option linter.unusedVariables false`
warning: LogdetLean/GramHafnian/UltimateHiding/Sparse/H19QuantitativeRawDensity.lean:105:45: Variable name `hBmeas` is not explicitly referenced.

Hint: The binding can be removed (if unused) or named `_` (if used implicitly). Alternatively, prefix the name with `_` to silence this warning:
  [apply] _hBmeas

Note: This linter can be disabled with `set_option linter.unusedVariables false`
warning: LogdetLean/GramHafnian/UltimateHiding/Sparse/H19QuantitativeRawDensity.lean:186:2: Try this: 
  letI̵

The goal is a proposition, so `let` is preferred over `letI`.
The difference between `let` and `letI` is that `letI` inlines the value.
But this is not relevant for proofs because of proof irrelevance.

Note: This linter can be disabled with `set_option linter.style.haveILetI false`
warning: LogdetLean/GramHafnian/UltimateHiding/Sparse/H19QuantitativeRawDensity.lean:371:45: Variable name `hNK` is not explicitly referenced.

Hint: The binding can be removed (if unused) or named `_` (if used implicitly). Alternatively, prefix the name with `_` to silence this warning:
  [apply] _hNK

Note: This linter can be disabled with `set_option linter.unusedVariables false`
ℹ [9340/9585] Built LogdetLean.GramHafnian.UltimateHiding.DenseScore.H7CentralLineGeometry (6.9s)
info: LogdetLean/GramHafnian/UltimateHiding/DenseScore/H7CentralLineGeometry.lean:196:4: Try this:
  [apply] ring_nf
  
  The `ring` tactic failed to close the goal. Use `ring_nf` to obtain a normal form.
    
  Note that `ring` works primarily in *commutative* rings. If you have a noncommutative ring, abelian group or module, consider using `noncomm_ring`, `abel` or `module` instead.
✔ [9341/9585] Built LogdetLean.GramHafnian.UltimateHiding.DenseScore.U08.EvenScoreFormalMeanConditional (7.8s)
✔ [9342/9585] Built LogdetLean.GramHafnian.UltimateHiding.DenseScore.U08.H12_SourceProjectiveTraceInequalities (8.3s)
⚠ [9343/9585] Built LogdetLean.GramHafnian.UltimateHiding.DenseScore.H6_A3_ProjectSourceBridge (8.5s)
warning: LogdetLean/GramHafnian/UltimateHiding/DenseScore/H6_A3_ProjectSourceBridge.lean:118:2: Try this: 
  letI̵

The goal is a proposition, so `let` is preferred over `letI`.
The difference between `let` and `letI` is that `letI` inlines the value.
But this is not relevant for proofs because of proof irrelevance.

Note: This linter can be disabled with `set_option linter.style.haveILetI false`
warning: LogdetLean/GramHafnian/UltimateHiding/DenseScore/H6_A3_ProjectSourceBridge.lean:122:2: Try this: 
  letI̵

The goal is a proposition, so `let` is preferred over `letI`.
The difference between `let` and `letI` is that `letI` inlines the value.
But this is not relevant for proofs because of proof irrelevance.

Note: This linter can be disabled with `set_option linter.style.haveILetI false`
✔ [9344/9585] Built LogdetLean.GramHafnian.UltimateHiding.DenseScore.Conditional.H16CoordinateSupportCompact (8.8s)
⚠ [9345/9585] Built LogdetLean.GramHafnian.UltimateHiding.DenseScore.Conditional.H16FourthRadialIntegrabilityFromExactH5 (8.3s)
warning: LogdetLean/GramHafnian/UltimateHiding/DenseScore/Conditional/H16FourthRadialIntegrabilityFromExactH5.lean:35:2: Try this: 
  letI̵

The goal is a proposition, so `let` is preferred over `letI`.
The difference between `let` and `letI` is that `letI` inlines the value.
But this is not relevant for proofs because of proof irrelevance.

Note: This linter can be disabled with `set_option linter.style.haveILetI false`
✔ [9346/9585] Built LogdetLean.GramHafnian.UltimateHiding.DenseScore.Conditional.H16DeterminantExhaustionLimit (7.3s)
✔ [9347/9585] Built LogdetLean.GramHafnian.UltimateHiding.DenseScore.Conditional.H16CenteredL1OrbitDerived (5.7s)
⚠ [9348/9585] Built LogdetLean.GramHafnian.UltimateHiding.DenseScore.Conditional.H16WeakFactsProjectiveEnvelope (5.9s)
warning: LogdetLean/GramHafnian/UltimateHiding/DenseScore/Conditional/H16WeakFactsProjectiveEnvelope.lean:75:2: Try this: 
  letI̵

The goal is a proposition, so `let` is preferred over `letI`.
The difference between `let` and `letI` is that `letI` inlines the value.
But this is not relevant for proofs because of proof irrelevance.

Note: This linter can be disabled with `set_option linter.style.haveILetI false`
⚠ [9349/9585] Built LogdetLean.GramHafnian.UltimateHiding.DenseScore.H14_DeterministicOperator (7.9s)
warning: LogdetLean/GramHafnian/UltimateHiding/DenseScore/H14_DeterministicOperator.lean:54:40: This simp argument is unused:
  Finset.mul_sum

Hint: Omit it from the simp argument list.
  [apply] simp only [dotProduct, Matrix.mulVec]

Note: This linter can be disabled with `set_option linter.unusedSimpArgs false`
warning: LogdetLean/GramHafnian/UltimateHiding/DenseScore/H14_DeterministicOperator.lean:180:2: Try this: 
  letI̵

The goal is a proposition, so `let` is preferred over `letI`.
The difference between `let` and `letI` is that `letI` inlines the value.
But this is not relevant for proofs because of proof irrelevance.

Note: This linter can be disabled with `set_option linter.style.haveILetI false`
warning: LogdetLean/GramHafnian/UltimateHiding/DenseScore/H14_DeterministicOperator.lean:199:6: This simp argument is unused:
  smul_smul

Hint: Omit it from the simp argument list.
  [apply] simp only [Matrix.sub_mul, Matrix.mul_sub, Matrix.mul_smul, Matrix.smul_mul, Matrix.mul_one, Matrix.one_mul,
    hPidem]

Note: This linter can be disabled with `set_option linter.unusedSimpArgs false`
warning: LogdetLean/GramHafnian/UltimateHiding/DenseScore/H14_DeterministicOperator.lean:276:2: Try this: 
  letI̵

The goal is a proposition, so `let` is preferred over `letI`.
The difference between `let` and `letI` is that `letI` inlines the value.
But this is not relevant for proofs because of proof irrelevance.

Note: This linter can be disabled with `set_option linter.style.haveILetI false`
warning: LogdetLean/GramHafnian/UltimateHiding/DenseScore/H14_DeterministicOperator.lean:273:13: Variable name `hN` is not explicitly referenced.

Hint: The binding can be removed (if unused) or named `_` (if used implicitly). Alternatively, prefix the name with `_` to silence this warning:
  [apply] _hN

Note: This linter can be disabled with `set_option linter.unusedVariables false`
warning: LogdetLean/GramHafnian/UltimateHiding/DenseScore/H14_DeterministicOperator.lean:345:2: Try this: 
  letI̵

The goal is a proposition, so `let` is preferred over `letI`.
The difference between `let` and `letI` is that `letI` inlines the value.
But this is not relevant for proofs because of proof irrelevance.

Note: This linter can be disabled with `set_option linter.style.haveILetI false`
warning: LogdetLean/GramHafnian/UltimateHiding/DenseScore/H14_DeterministicOperator.lean:369:18: Variable name `hu` is not explicitly referenced.

Hint: The binding can be removed (if unused) or named `_` (if used implicitly). Alternatively, prefix the name with `_` to silence this warning:
  [apply] _hu

Note: This linter can be disabled with `set_option linter.unusedVariables false`
warning: LogdetLean/GramHafnian/UltimateHiding/DenseScore/H14_DeterministicOperator.lean:409:5: Variable name `hy` is not explicitly referenced.

Hint: The binding can be removed (if unused) or named `_` (if used implicitly). Alternatively, prefix the name with `_` to silence this warning:
  [apply] _hy

Note: This linter can be disabled with `set_option linter.unusedVariables false`
⚠ [9350/9585] Built LogdetLean.GramHafnian.UltimateHiding.Dense.TargetConvergence (7.3s)
warning: LogdetLean/GramHafnian/UltimateHiding/Dense/TargetConvergence.lean:69:5: Variable name `hstart` is not explicitly referenced.

Hint: The binding can be removed (if unused) or named `_` (if used implicitly). Alternatively, prefix the name with `_` to silence this warning:
  [apply] _hstart

Note: This linter can be disabled with `set_option linter.unusedVariables false`
⚠ [9351/9585] Built LogdetLean.GramHafnian.UltimateHiding.DenseScore.H7RankOneDeterminant (8.1s)
warning: LogdetLean/GramHafnian/UltimateHiding/DenseScore/H7RankOneDeterminant.lean:55:42: This simp argument is unused:
  smul_smul

Hint: Omit it from the simp argument list.
  [apply] simp only [Matrix.add_mul, Matrix.mul_add, Matrix.one_mul, Matrix.mul_one, Matrix.smul_mul, Matrix.mul_smul,
    hP]

Note: This linter can be disabled with `set_option linter.unusedSimpArgs false`
warning: LogdetLean/GramHafnian/UltimateHiding/DenseScore/H7RankOneDeterminant.lean:57:6: Unused tactic linter: `ring` does nothing

Note: This linter can be disabled with `set_option linter.unusedTactic false`
warning: LogdetLean/GramHafnian/UltimateHiding/DenseScore/H7RankOneDeterminant.lean:57:6: this tactic is never executed

Note: This linter can be disabled with `set_option linter.unreachableTactic false`
warning: LogdetLean/GramHafnian/UltimateHiding/DenseScore/H7RankOneDeterminant.lean:174:64: This simp argument is unused:
  smul_smul

Hint: Omit it from the simp argument list.
  [apply] simp only [Matrix.add_mul, Matrix.mul_sub, Matrix.one_mul, Matrix.mul_one, Matrix.smul_mul, Matrix.mul_smul,
    hQ]

Note: This linter can be disabled with `set_option linter.unusedSimpArgs false`
⚠ [9352/9585] Built LogdetLean.GramHafnian.UltimateHiding.Sparse.H19QuantitativeEndpoint (8.4s)
warning: LogdetLean/GramHafnian/UltimateHiding/Sparse/H19QuantitativeEndpoint.lean:231:2: Try this: 
  letI̵

The goal is a proposition, so `let` is preferred over `letI`.
The difference between `let` and `letI` is that `letI` inlines the value.
But this is not relevant for proofs because of proof irrelevance.

Note: This linter can be disabled with `set_option linter.style.haveILetI false`
warning: LogdetLean/GramHafnian/UltimateHiding/Sparse/H19QuantitativeEndpoint.lean:233:2: Try this: 
  letI̵

The goal is a proposition, so `let` is preferred over `letI`.
The difference between `let` and `letI` is that `letI` inlines the value.
But this is not relevant for proofs because of proof irrelevance.

Note: This linter can be disabled with `set_option linter.style.haveILetI false`
warning: LogdetLean/GramHafnian/UltimateHiding/Sparse/H19QuantitativeEndpoint.lean:351:2: Try this: 
  letI̵

The goal is a proposition, so `let` is preferred over `letI`.
The difference between `let` and `letI` is that `letI` inlines the value.
But this is not relevant for proofs because of proof irrelevance.

Note: This linter can be disabled with `set_option linter.style.haveILetI false`
warning: LogdetLean/GramHafnian/UltimateHiding/Sparse/H19QuantitativeEndpoint.lean:353:2: Try this: 
  letI̵

The goal is a proposition, so `let` is preferred over `letI`.
The difference between `let` and `letI` is that `letI` inlines the value.
But this is not relevant for proofs because of proof irrelevance.

Note: This linter can be disabled with `set_option linter.style.haveILetI false`
warning: LogdetLean/GramHafnian/UltimateHiding/Sparse/H19QuantitativeEndpoint.lean:397:2: Try this: 
  letI̵

The goal is a proposition, so `let` is preferred over `letI`.
The difference between `let` and `letI` is that `letI` inlines the value.
But this is not relevant for proofs because of proof irrelevance.

Note: This linter can be disabled with `set_option linter.style.haveILetI false`
warning: LogdetLean/GramHafnian/UltimateHiding/Sparse/H19QuantitativeEndpoint.lean:399:2: Try this: 
  letI̵

The goal is a proposition, so `let` is preferred over `letI`.
The difference between `let` and `letI` is that `letI` inlines the value.
But this is not relevant for proofs because of proof irrelevance.

Note: This linter can be disabled with `set_option linter.style.haveILetI false`
warning: LogdetLean/GramHafnian/UltimateHiding/Sparse/H19QuantitativeEndpoint.lean:436:24: Used `tac1 <;> tac2` where `(tac1; tac2)` would suffice

Note: This linter can be disabled with `set_option linter.unnecessarySeqFocus false`
warning: LogdetLean/GramHafnian/UltimateHiding/Sparse/H19QuantitativeEndpoint.lean:569:24: Used `tac1 <;> tac2` where `(tac1; tac2)` would suffice

Note: This linter can be disabled with `set_option linter.unnecessarySeqFocus false`
✔ [9353/9585] Built LogdetLean.GramHafnian.UltimateHiding.DenseScore.H7CentralScalar (6.2s)
⚠ [9354/9585] Built LogdetLean.GramHafnian.UltimateHiding.DenseScore.U08.FiniteGaussianWishartSecondMoment (8.6s)
warning: LogdetLean/GramHafnian/UltimateHiding/DenseScore/U08/FiniteGaussianWishartSecondMoment.lean:63:38: This simp argument is unused:
  hab

Hint: Omit it from the simp argument list.
  [apply] simp [standardRealGaussianMoment, Ne.symm hab]

Note: This linter can be disabled with `set_option linter.unusedSimpArgs false`
warning: LogdetLean/GramHafnian/UltimateHiding/DenseScore/U08/FiniteGaussianWishartSecondMoment.lean:66:45: This simp argument is unused:
  Ne.symm hab

Hint: Omit it from the simp argument list.
  [apply] simp [standardRealGaussianMoment, hab]

Note: This linter can be disabled with `set_option linter.unusedSimpArgs false`
warning: LogdetLean/GramHafnian/UltimateHiding/DenseScore/U08/FiniteGaussianWishartSecondMoment.lean:69:40: This simp argument is unused:
  hxa

Hint: Omit it from the simp argument list.
  [apply] simp [standardRealGaussianMoment, hxb, hax, hbx]

Note: This linter can be disabled with `set_option linter.unusedSimpArgs false`
warning: LogdetLean/GramHafnian/UltimateHiding/DenseScore/U08/FiniteGaussianWishartSecondMoment.lean:69:45: This simp argument is unused:
  hxb

Hint: Omit it from the simp argument list.
  [apply] simp [standardRealGaussianMoment, hxa, hax, hbx]

Note: This linter can be disabled with `set_option linter.unusedSimpArgs false`
warning: LogdetLean/GramHafnian/UltimateHiding/DenseScore/U08/FiniteGaussianWishartSecondMoment.lean:90:24: This simp argument is unused:
  hil

Hint: Omit it from the simp argument list.
  [apply] simp [Ne.symm hil]

Note: This linter can be disabled with `set_option linter.unusedSimpArgs false`
warning: LogdetLean/GramHafnian/UltimateHiding/DenseScore/U08/FiniteGaussianWishartSecondMoment.lean:96:24: This simp argument is unused:
  hik

Hint: Omit it from the simp argument list.
  [apply] simp [Ne.symm hik]

Note: This linter can be disabled with `set_option linter.unusedSimpArgs false`
warning: LogdetLean/GramHafnian/UltimateHiding/DenseScore/U08/FiniteGaussianWishartSecondMoment.lean:105:31: This simp argument is unused:
  hkl

Hint: Omit it from the simp argument list.
  [apply] simp [hik, Ne.symm hik, Ne.symm hkl]

Note: This linter can be disabled with `set_option linter.unusedSimpArgs false`
warning: LogdetLean/GramHafnian/UltimateHiding/DenseScore/U08/FiniteGaussianWishartSecondMoment.lean:105:36: This simp argument is unused:
  Ne.symm hik

Hint: Omit it from the simp argument list.
  [apply] simp [hik, hkl, Ne.symm hkl]

Note: This linter can be disabled with `set_option linter.unusedSimpArgs false`
warning: LogdetLean/GramHafnian/UltimateHiding/DenseScore/U08/FiniteGaussianWishartSecondMoment.lean:113:24: This simp argument is unused:
  hij

Hint: Omit it from the simp argument list.
  [apply] simp [Ne.symm hij]

Note: This linter can be disabled with `set_option linter.unusedSimpArgs false`
warning: LogdetLean/GramHafnian/UltimateHiding/DenseScore/U08/FiniteGaussianWishartSecondMoment.lean:123:31: This simp argument is unused:
  hjl

Hint: Omit it from the simp argument list.
  [apply] simp [hij, Ne.symm hij, Ne.symm hjl]

Note: This linter can be disabled with `set_option linter.unusedSimpArgs false`
warning: LogdetLean/GramHafnian/UltimateHiding/DenseScore/U08/FiniteGaussianWishartSecondMoment.lean:123:36: This simp argument is unused:
  Ne.symm hij

Hint: Omit it from the simp argument list.
  [apply] simp [hij, hjl, Ne.symm hjl]

Note: This linter can be disabled with `set_option linter.unusedSimpArgs false`
warning: LogdetLean/GramHafnian/UltimateHiding/DenseScore/U08/FiniteGaussianWishartSecondMoment.lean:135:31: This simp argument is unused:
  hjk

Hint: Omit it from the simp argument list.
  [apply] simp [hij, Ne.symm hij, Ne.symm hjk]

Note: This linter can be disabled with `set_option linter.unusedSimpArgs false`
warning: LogdetLean/GramHafnian/UltimateHiding/DenseScore/U08/FiniteGaussianWishartSecondMoment.lean:135:36: This simp argument is unused:
  Ne.symm hij

Hint: Omit it from the simp argument list.
  [apply] simp [hij, hjk, Ne.symm hjk]

Note: This linter can be disabled with `set_option linter.unusedSimpArgs false`
warning: LogdetLean/GramHafnian/UltimateHiding/DenseScore/U08/FiniteGaussianWishartSecondMoment.lean:143:33: This simp argument is unused:
  Ne.symm hij

Hint: Omit it from the simp argument list.
  [apply] simp [hij]

Note: This linter can be disabled with `set_option linter.unusedSimpArgs false`
warning: LogdetLean/GramHafnian/UltimateHiding/DenseScore/U08/FiniteGaussianWishartSecondMoment.lean:148:28: This simp argument is unused:
  hij

Hint: Omit it from the simp argument list.
  [apply] simp [hil, Ne.symm hij, Ne.symm hil]

Note: This linter can be disabled with `set_option linter.unusedSimpArgs false`
warning: LogdetLean/GramHafnian/UltimateHiding/DenseScore/U08/FiniteGaussianWishartSecondMoment.lean:148:33: This simp argument is unused:
  hil

Hint: Omit it from the simp argument list.
  [apply] simp [hij, Ne.symm hij, Ne.symm hil]

Note: This linter can be disabled with `set_option linter.unusedSimpArgs false`
warning: LogdetLean/GramHafnian/UltimateHiding/DenseScore/U08/FiniteGaussianWishartSecondMoment.lean:155:28: This simp argument is unused:
  hij

Hint: Omit it from the simp argument list.
  [apply] simp [hik, Ne.symm hij, Ne.symm hik]

Note: This linter can be disabled with `set_option linter.unusedSimpArgs false`
warning: LogdetLean/GramHafnian/UltimateHiding/DenseScore/U08/FiniteGaussianWishartSecondMoment.lean:155:33: This simp argument is unused:
  hik

Hint: Omit it from the simp argument list.
  [apply] simp [hij, Ne.symm hij, Ne.symm hik]

Note: This linter can be disabled with `set_option linter.unusedSimpArgs false`
warning: LogdetLean/GramHafnian/UltimateHiding/DenseScore/U08/FiniteGaussianWishartSecondMoment.lean:162:30: This simp argument is unused:
  hij

Hint: Omit it from the simp argument list.
  [apply] simp [hik, Ne.symm hij, Ne.symm hik]

Note: This linter can be disabled with `set_option linter.unusedSimpArgs false`
warning: LogdetLean/GramHafnian/UltimateHiding/DenseScore/U08/FiniteGaussianWishartSecondMoment.lean:162:35: This simp argument is unused:
  hik

Hint: Omit it from the simp argument list.
  [apply] simp [hij, Ne.symm hij, Ne.symm hik]

Note: This linter can be disabled with `set_option linter.unusedSimpArgs false`
warning: LogdetLean/GramHafnian/UltimateHiding/DenseScore/U08/FiniteGaussianWishartSecondMoment.lean:168:30: This simp argument is unused:
  hij

Hint: Omit it from the simp argument list.
  [apply] simp [hik, hil, Ne.symm hij, Ne.symm hik, Ne.symm hil]

Note: This linter can be disabled with `set_option linter.unusedSimpArgs false`
warning: LogdetLean/GramHafnian/UltimateHiding/DenseScore/U08/FiniteGaussianWishartSecondMoment.lean:168:35: This simp argument is unused:
  hik

Hint: Omit it from the simp argument list.
  [apply] simp [hij, hil, Ne.symm hij, Ne.symm hik, Ne.symm hil]

Note: This linter can be disabled with `set_option linter.unusedSimpArgs false`
warning: LogdetLean/GramHafnian/UltimateHiding/DenseScore/U08/FiniteGaussianWishartSecondMoment.lean:168:40: This simp argument is unused:
  hil

Hint: Omit it from the simp argument list.
  [apply] simp [hij, hik, Ne.symm hij, Ne.symm hik, Ne.symm hil]

Note: This linter can be disabled with `set_option linter.unusedSimpArgs false`
warning: LogdetLean/GramHafnian/UltimateHiding/DenseScore/U08/FiniteGaussianWishartSecondMoment.lean:105:66: Unused tactic linter: `norm_num` does nothing

Note: This linter can be disabled with `set_option linter.unusedTactic false`
warning: LogdetLean/GramHafnian/UltimateHiding/DenseScore/U08/FiniteGaussianWishartSecondMoment.lean:123:66: Unused tactic linter: `norm_num` does nothing

Note: This linter can be disabled with `set_option linter.unusedTactic false`
warning: LogdetLean/GramHafnian/UltimateHiding/DenseScore/U08/FiniteGaussianWishartSecondMoment.lean:135:66: Unused tactic linter: `norm_num` does nothing

Note: This linter can be disabled with `set_option linter.unusedTactic false`
warning: LogdetLean/GramHafnian/UltimateHiding/DenseScore/U08/FiniteGaussianWishartSecondMoment.lean:148:68: Unused tactic linter: `norm_num` does nothing

Note: This linter can be disabled with `set_option linter.unusedTactic false`
warning: LogdetLean/GramHafnian/UltimateHiding/DenseScore/U08/FiniteGaussianWishartSecondMoment.lean:155:68: Unused tactic linter: `norm_num` does nothing

Note: This linter can be disabled with `set_option linter.unusedTactic false`
warning: LogdetLean/GramHafnian/UltimateHiding/DenseScore/U08/FiniteGaussianWishartSecondMoment.lean:162:70: Unused tactic linter: `norm_num` does nothing

Note: This linter can be disabled with `set_option linter.unusedTactic false`
warning: LogdetLean/GramHafnian/UltimateHiding/DenseScore/U08/FiniteGaussianWishartSecondMoment.lean:169:39: Unused tactic linter: `norm_num` does nothing

Note: This linter can be disabled with `set_option linter.unusedTactic false`
warning: LogdetLean/GramHafnian/UltimateHiding/DenseScore/U08/FiniteGaussianWishartSecondMoment.lean:105:66: this tactic is never executed

Note: This linter can be disabled with `set_option linter.unreachableTactic false`
warning: LogdetLean/GramHafnian/UltimateHiding/DenseScore/U08/FiniteGaussianWishartSecondMoment.lean:123:66: this tactic is never executed

Note: This linter can be disabled with `set_option linter.unreachableTactic false`
warning: LogdetLean/GramHafnian/UltimateHiding/DenseScore/U08/FiniteGaussianWishartSecondMoment.lean:135:66: this tactic is never executed

Note: This linter can be disabled with `set_option linter.unreachableTactic false`
warning: LogdetLean/GramHafnian/UltimateHiding/DenseScore/U08/FiniteGaussianWishartSecondMoment.lean:148:68: this tactic is never executed

Note: This linter can be disabled with `set_option linter.unreachableTactic false`
warning: LogdetLean/GramHafnian/UltimateHiding/DenseScore/U08/FiniteGaussianWishartSecondMoment.lean:155:68: this tactic is never executed

Note: This linter can be disabled with `set_option linter.unreachableTactic false`
warning: LogdetLean/GramHafnian/UltimateHiding/DenseScore/U08/FiniteGaussianWishartSecondMoment.lean:162:70: this tactic is never executed

Note: This linter can be disabled with `set_option linter.unreachableTactic false`
warning: LogdetLean/GramHafnian/UltimateHiding/DenseScore/U08/FiniteGaussianWishartSecondMoment.lean:169:39: this tactic is never executed

Note: This linter can be disabled with `set_option linter.unreachableTactic false`
warning: LogdetLean/GramHafnian/UltimateHiding/DenseScore/U08/FiniteGaussianWishartSecondMoment.lean:85:68: Used `tac1 <;> tac2` where `(tac1; tac2)` would suffice

Note: This linter can be disabled with `set_option linter.unnecessarySeqFocus false`
warning: LogdetLean/GramHafnian/UltimateHiding/DenseScore/U08/FiniteGaussianWishartSecondMoment.lean:90:42: Used `tac1 <;> tac2` where `(tac1; tac2)` would suffice

Note: This linter can be disabled with `set_option linter.unnecessarySeqFocus false`
warning: LogdetLean/GramHafnian/UltimateHiding/DenseScore/U08/FiniteGaussianWishartSecondMoment.lean:96:42: Used `tac1 <;> tac2` where `(tac1; tac2)` would suffice

Note: This linter can be disabled with `set_option linter.unnecessarySeqFocus false`
warning: LogdetLean/GramHafnian/UltimateHiding/DenseScore/U08/FiniteGaussianWishartSecondMoment.lean:113:42: Used `tac1 <;> tac2` where `(tac1; tac2)` would suffice

Note: This linter can be disabled with `set_option linter.unnecessarySeqFocus false`
warning: LogdetLean/GramHafnian/UltimateHiding/DenseScore/U08/FiniteGaussianWishartSecondMoment.lean:143:46: Used `tac1 <;> tac2` where `(tac1; tac2)` would suffice

Note: This linter can be disabled with `set_option linter.unnecessarySeqFocus false`
warning: LogdetLean/GramHafnian/UltimateHiding/DenseScore/U08/FiniteGaussianWishartSecondMoment.lean:298:39: This simp argument is unused:
  Ne.symm hab

Hint: Omit it from the simp argument list.
  [apply] simp [realKroneckerDelta, hab]

Note: This linter can be disabled with `set_option linter.unusedSimpArgs false`
warning: LogdetLean/GramHafnian/UltimateHiding/DenseScore/U08/FiniteGaussianWishartSecondMoment.lean:402:20: This simp argument is unused:
  Finset.sum_mul

Hint: Omit it from the simp argument list.
  [apply] simp [realKroneckerDelta, Finset.sum_add_distrib, Finset.mul_sum, mul_ite, ite_mul, Fintype.sum_ite_eq,
    Fintype.sum_ite_eq', Finset.sum_ite_eq, Finset.sum_ite_eq', hsymm]

Note: This linter can be disabled with `set_option linter.unusedSimpArgs false`
warning: LogdetLean/GramHafnian/UltimateHiding/DenseScore/U08/FiniteGaussianWishartSecondMoment.lean:403:13: This simp argument is unused:
  ite_mul

Hint: Omit it from the simp argument list.
  [apply] simp [realKroneckerDelta, Finset.sum_add_distrib, Finset.mul_sum, Finset.sum_mul, mul_ite, Fintype.sum_ite_eq,
    Fintype.sum_ite_eq', Finset.sum_ite_eq, Finset.sum_ite_eq', hsymm]

Note: This linter can be disabled with `set_option linter.unusedSimpArgs false`
warning: LogdetLean/GramHafnian/UltimateHiding/DenseScore/U08/FiniteGaussianWishartSecondMoment.lean:403:22: This simp argument is unused:
  Fintype.sum_ite_eq

Hint: Omit it from the simp argument list.
  [apply] simp [realKroneckerDelta, Finset.sum_add_distrib, Finset.mul_sum, Finset.sum_mul, mul_ite, ite_mul,
    Fintype.sum_ite_eq', Finset.sum_ite_eq, Finset.sum_ite_eq', hsymm]

Note: This linter can be disabled with `set_option linter.unusedSimpArgs false`
warning: LogdetLean/GramHafnian/UltimateHiding/DenseScore/U08/FiniteGaussianWishartSecondMoment.lean:403:42: This simp argument is unused:
  Fintype.sum_ite_eq'

Hint: Omit it from the simp argument list.
  [apply] simp [realKroneckerDelta, Finset.sum_add_distrib, Finset.mul_sum, Finset.sum_mul, mul_ite, ite_mul,
    Fintype.sum_ite_eq, Finset.sum_ite_eq, Finset.sum_ite_eq', hsymm]

Note: This linter can be disabled with `set_option linter.unusedSimpArgs false`
warning: LogdetLean/GramHafnian/UltimateHiding/DenseScore/U08/FiniteGaussianWishartSecondMoment.lean:452:13: This simp argument is unused:
  ite_mul

Hint: Omit it from the simp argument list.
  [apply] simp [realKroneckerDelta, Finset.sum_add_distrib, Finset.mul_sum, Finset.sum_mul, mul_ite, Fintype.sum_ite_eq,
    Fintype.sum_ite_eq', Finset.sum_ite_eq, Finset.sum_ite_eq', hsymm]

Note: This linter can be disabled with `set_option linter.unusedSimpArgs false`
warning: LogdetLean/GramHafnian/UltimateHiding/DenseScore/U08/FiniteGaussianWishartSecondMoment.lean:452:22: This simp argument is unused:
  Fintype.sum_ite_eq

Hint: Omit it from the simp argument list.
  [apply] simp [realKroneckerDelta, Finset.sum_add_distrib, Finset.mul_sum, Finset.sum_mul, mul_ite, ite_mul,
    Fintype.sum_ite_eq', Finset.sum_ite_eq, Finset.sum_ite_eq', hsymm]

Note: This linter can be disabled with `set_option linter.unusedSimpArgs false`
warning: LogdetLean/GramHafnian/UltimateHiding/DenseScore/U08/FiniteGaussianWishartSecondMoment.lean:452:42: This simp argument is unused:
  Fintype.sum_ite_eq'

Hint: Omit it from the simp argument list.
  [apply] simp [realKroneckerDelta, Finset.sum_add_distrib, Finset.mul_sum, Finset.sum_mul, mul_ite, ite_mul,
    Fintype.sum_ite_eq, Finset.sum_ite_eq, Finset.sum_ite_eq', hsymm]

Note: This linter can be disabled with `set_option linter.unusedSimpArgs false`
warning: LogdetLean/GramHafnian/UltimateHiding/DenseScore/U08/FiniteGaussianWishartSecondMoment.lean:695:2: Try this: 
  letI̵

The goal is a proposition, so `let` is preferred over `letI`.
The difference between `let` and `letI` is that `letI` inlines the value.
But this is not relevant for proofs because of proof irrelevance.

Note: This linter can be disabled with `set_option linter.style.haveILetI false`
warning: LogdetLean/GramHafnian/UltimateHiding/DenseScore/U08/FiniteGaussianWishartSecondMoment.lean:716:2: Try this: 
  letI̵

The goal is a proposition, so `let` is preferred over `letI`.
The difference between `let` and `letI` is that `letI` inlines the value.
But this is not relevant for proofs because of proof irrelevance.

Note: This linter can be disabled with `set_option linter.style.haveILetI false`
warning: LogdetLean/GramHafnian/UltimateHiding/DenseScore/U08/FiniteGaussianWishartSecondMoment.lean:736:2: Try this: 
  letI̵

The goal is a proposition, so `let` is preferred over `letI`.
The difference between `let` and `letI` is that `letI` inlines the value.
But this is not relevant for proofs because of proof irrelevance.

Note: This linter can be disabled with `set_option linter.style.haveILetI false`
warning: LogdetLean/GramHafnian/UltimateHiding/DenseScore/U08/FiniteGaussianWishartSecondMoment.lean:738:2: Try this: 
  letI̵

The goal is a proposition, so `let` is preferred over `letI`.
The difference between `let` and `letI` is that `letI` inlines the value.
But this is not relevant for proofs because of proof irrelevance.

Note: This linter can be disabled with `set_option linter.style.haveILetI false`
⚠ [9355/9585] Built LogdetLean.GramHafnian.UltimateHiding.DenseScore.H6_A3_GSVDQuotientSpectrum (7.3s)
warning: LogdetLean/GramHafnian/UltimateHiding/DenseScore/H6_A3_GSVDQuotientSpectrum.lean:174:2: Try this: 
  letI̵

The goal is a proposition, so `let` is preferred over `letI`.
The difference between `let` and `letI` is that `letI` inlines the value.
But this is not relevant for proofs because of proof irrelevance.

Note: This linter can be disabled with `set_option linter.style.haveILetI false`
warning: LogdetLean/GramHafnian/UltimateHiding/DenseScore/H6_A3_GSVDQuotientSpectrum.lean:175:33: This simp argument is unused:
  Matrix.inv_inv_of_invertible

Hint: Omit it from the simp argument list.
  [apply] simp only [Matrix.mul_inv_rev, Matrix.mul_assoc]

Note: This linter can be disabled with `set_option linter.unusedSimpArgs false`
warning: LogdetLean/GramHafnian/UltimateHiding/DenseScore/H6_A3_GSVDQuotientSpectrum.lean:243:2: Try this: 
  letI̵

The goal is a proposition, so `let` is preferred over `letI`.
The difference between `let` and `letI` is that `letI` inlines the value.
But this is not relevant for proofs because of proof irrelevance.

Note: This linter can be disabled with `set_option linter.style.haveILetI false`
warning: LogdetLean/GramHafnian/UltimateHiding/DenseScore/H6_A3_GSVDQuotientSpectrum.lean:267:12: This simp argument is unused:
  Matrix.one_apply

Hint: Omit it from the simp argument list.
  [apply] simp [Matrix.diagonal, hij]

Note: This linter can be disabled with `set_option linter.unusedSimpArgs false`
warning: LogdetLean/GramHafnian/UltimateHiding/DenseScore/H6_A3_GSVDQuotientSpectrum.lean:277:12: This simp argument is unused:
  Matrix.one_apply

Hint: Omit it from the simp argument list.
  [apply] simp [Matrix.diagonal, hij]

Note: This linter can be disabled with `set_option linter.unusedSimpArgs false`
warning: LogdetLean/GramHafnian/UltimateHiding/DenseScore/H6_A3_GSVDQuotientSpectrum.lean:338:12: This simp argument is unused:
  Matrix.one_apply

Hint: Omit it from the simp argument list.
  [apply] simp [Matrix.diagonal, hij]

Note: This linter can be disabled with `set_option linter.unusedSimpArgs false`
✔ [9356/9585] Built LogdetLean.GramHafnian.UltimateHiding.DenseScore.Conditional.H16LowerJetEnvelope (6.9s)
✔ [9357/9585] Built LogdetLean.GramHafnian.UltimateHiding.DenseScore.Conditional.H16CoordinateProbabilityLawFromExactH5 (6.1s)
✔ [9358/9585] Built LogdetLean.GramHafnian.UltimateHiding.Dense.TargetConvergenceFrom (5.0s)
⚠ [9359/9585] Built LogdetLean.GramHafnian.UltimateHiding.DenseScore.H11H13_ExactIndependentReduction (9.4s)
warning: LogdetLean/GramHafnian/UltimateHiding/DenseScore/H11H13_ExactIndependentReduction.lean:281:2: Try this: 
  letI̵

The goal is a proposition, so `let` is preferred over `letI`.
The difference between `let` and `letI` is that `letI` inlines the value.
But this is not relevant for proofs because of proof irrelevance.

Note: This linter can be disabled with `set_option linter.style.haveILetI false`
warning: LogdetLean/GramHafnian/UltimateHiding/DenseScore/H11H13_ExactIndependentReduction.lean:522:2: Try this: 
  letI̵

The goal is a proposition, so `let` is preferred over `letI`.
The difference between `let` and `letI` is that `letI` inlines the value.
But this is not relevant for proofs because of proof irrelevance.

Note: This linter can be disabled with `set_option linter.style.haveILetI false`
warning: LogdetLean/GramHafnian/UltimateHiding/DenseScore/H11H13_ExactIndependentReduction.lean:524:2: Try this: 
  letI̵

The goal is a proposition, so `let` is preferred over `letI`.
The difference between `let` and `letI` is that `letI` inlines the value.
But this is not relevant for proofs because of proof irrelevance.

Note: This linter can be disabled with `set_option linter.style.haveILetI false`
⚠ [9360/9585] Built LogdetLean.GramHafnian.UltimateHiding.DenseScore.H7CentralLogdetJets (12s)
warning: LogdetLean/GramHafnian/UltimateHiding/DenseScore/H7CentralLogdetJets.lean:39:19: This simp argument is unused:
  one_mul

Hint: Omit it from the simp argument list.
  [apply] simp only [Matrix.map_apply, Matrix.add_apply, Matrix.smul_apply, Matrix.one_apply, if_pos,
    Polynomial.eval_one, Polynomial.eval_add, Polynomial.eval_mul, Polynomial.eval_X, Polynomial.eval_C, smul_eq_mul]

Note: This linter can be disabled with `set_option linter.unusedSimpArgs false`
warning: LogdetLean/GramHafnian/UltimateHiding/DenseScore/H7CentralLogdetJets.lean:41:29: This simp argument is unused:
  if_neg

Hint: Omit it from the simp argument list.
  [apply] simp only [Matrix.map_apply, Matrix.add_apply, Matrix.smul_apply, Matrix.one_apply, hij, if_false,
    Polynomial.eval_zero, Polynomial.eval_add, Polynomial.eval_mul, Polynomial.eval_X, Polynomial.eval_C, smul_eq_mul,
    one_mul, zero_add, add_zero]

Note: This linter can be disabled with `set_option linter.unusedSimpArgs false`
warning: LogdetLean/GramHafnian/UltimateHiding/DenseScore/H7CentralLogdetJets.lean:41:47: This simp argument is unused:
  Polynomial.eval_zero

Hint: Omit it from the simp argument list.
  [apply] simp only [Matrix.map_apply, Matrix.add_apply, Matrix.smul_apply, Matrix.one_apply, hij, if_neg, if_false,
    Polynomial.eval_add, Polynomial.eval_mul, Polynomial.eval_X, Polynomial.eval_C, smul_eq_mul, one_mul, zero_add,
    add_zero]

Note: This linter can be disabled with `set_option linter.unusedSimpArgs false`
warning: LogdetLean/GramHafnian/UltimateHiding/DenseScore/H7CentralLogdetJets.lean:42:6: This simp argument is unused:
  Polynomial.eval_add

Hint: Omit it from the simp argument list.
  [apply] simp only [Matrix.map_apply, Matrix.add_apply, Matrix.smul_apply, Matrix.one_apply, hij, if_neg, if_false,
    Polynomial.eval_zero, Polynomial.eval_mul, Polynomial.eval_X, Polynomial.eval_C, smul_eq_mul, one_mul, zero_add,
    add_zero]

Note: This linter can be disabled with `set_option linter.unusedSimpArgs false`
warning: LogdetLean/GramHafnian/UltimateHiding/DenseScore/H7CentralLogdetJets.lean:43:38: This simp argument is unused:
  one_mul

Hint: Omit it from the simp argument list.
  [apply] simp only [Matrix.map_apply, Matrix.add_apply, Matrix.smul_apply, Matrix.one_apply, hij, if_neg, if_false,
    Polynomial.eval_zero, Polynomial.eval_add, Polynomial.eval_mul, Polynomial.eval_X, Polynomial.eval_C, smul_eq_mul,
    zero_add, add_zero]

Note: This linter can be disabled with `set_option linter.unusedSimpArgs false`
warning: LogdetLean/GramHafnian/UltimateHiding/DenseScore/H7CentralLogdetJets.lean:43:57: This simp argument is unused:
  add_zero

Hint: Omit it from the simp argument list.
  [apply] simp only [Matrix.map_apply, Matrix.add_apply, Matrix.smul_apply, Matrix.one_apply, hij, if_neg, if_false,
    Polynomial.eval_zero, Polynomial.eval_add, Polynomial.eval_mul, Polynomial.eval_X, Polynomial.eval_C, smul_eq_mul,
    one_mul, zero_add]

Note: This linter can be disabled with `set_option linter.unusedSimpArgs false`
warning: LogdetLean/GramHafnian/UltimateHiding/DenseScore/H7CentralLogdetJets.lean:134:15: `ContinuousLinearMap.neg_apply` has been deprecated: Use `_root_.neg_apply` instead

Note: The updated constant is in a different namespace. Dot notation may need to be changed (e.g., from `x.neg_apply` to `_root_.neg_apply x`).
warning: LogdetLean/GramHafnian/UltimateHiding/DenseScore/H7CentralLogdetJets.lean:402:23: This simp argument is unused:
  zero_mul

Hint: Omit it from the simp argument list.
  [apply] simp only [mul_zero, sub_zero]

Note: This linter can be disabled with `set_option linter.unusedSimpArgs false`
warning: LogdetLean/GramHafnian/UltimateHiding/DenseScore/H7CentralLogdetJets.lean:605:2: Try this: 
  letI̵

The goal is a proposition, so `let` is preferred over `letI`.
The difference between `let` and `letI` is that `letI` inlines the value.
But this is not relevant for proofs because of proof irrelevance.

Note: This linter can be disabled with `set_option linter.style.haveILetI false`
warning: LogdetLean/GramHafnian/UltimateHiding/DenseScore/H7CentralLogdetJets.lean:633:23: This simp argument is unused:
  zero_mul

Hint: Omit it from the simp argument list.
  [apply] simp only [mul_zero, sub_zero] at hreEq

Note: This linter can be disabled with `set_option linter.unusedSimpArgs false`
✔ [9361/9585] Built LogdetLean.GramHafnian.UltimateHiding.DenseScore.U08.InverseWishartSecondEntrySteinConditional (9.6s)
✔ [9362/9585] Built LogdetLean.GramHafnian.UltimateHiding.DenseScore.H6_A3_ProjectTraceTransport (7.0s)
✔ [9363/9585] Built LogdetLean.GramHafnian.UltimateHiding.DenseScore.Conditional.H16WeakFactsAssembly (6.5s)
⚠ [9364/9585] Built LogdetLean.GramHafnian.UltimateHiding.Dense.SquaredEndpoint (6.5s)
warning: LogdetLean/GramHafnian/UltimateHiding/Dense/SquaredEndpoint.lean:75:2: Try this: 
  letI̵

The goal is a proposition, so `let` is preferred over `letI`.
The difference between `let` and `letI` is that `letI` inlines the value.
But this is not relevant for proofs because of proof irrelevance.

Note: This linter can be disabled with `set_option linter.style.haveILetI false`
warning: LogdetLean/GramHafnian/UltimateHiding/Dense/SquaredEndpoint.lean:77:2: Try this: 
  letI̵

The goal is a proposition, so `let` is preferred over `letI`.
The difference between `let` and `letI` is that `letI` inlines the value.
But this is not relevant for proofs because of proof irrelevance.

Note: This linter can be disabled with `set_option linter.style.haveILetI false`
⚠ [9365/9585] Built LogdetLean.GramHafnian.UltimateHiding.DenseScore.Conditional.H16ScaledScoreL1FromWeakFacts (7.4s)
warning: LogdetLean/GramHafnian/UltimateHiding/DenseScore/Conditional/H16ScaledScoreL1FromWeakFacts.lean:192:2: Try this: 
  letI̵

The goal is a proposition, so `let` is preferred over `letI`.
The difference between `let` and `letI` is that `letI` inlines the value.
But this is not relevant for proofs because of proof irrelevance.

Note: This linter can be disabled with `set_option linter.style.haveILetI false`
warning: LogdetLean/GramHafnian/UltimateHiding/DenseScore/Conditional/H16ScaledScoreL1FromWeakFacts.lean:194:2: Try this: 
  letI̵

The goal is a proposition, so `let` is preferred over `letI`.
The difference between `let` and `letI` is that `letI` inlines the value.
But this is not relevant for proofs because of proof irrelevance.

Note: This linter can be disabled with `set_option linter.style.haveILetI false`
✔ [9366/9585] Built LogdetLean.GramHafnian.UltimateHiding.DenseScore.U08.H14_FiniteGaussianFourthWickClassifier (97s)
⚠ [9367/9585] Built LogdetLean.GramHafnian.UltimateHiding.DenseScore.H11H13_ProjectiveFirstReduction (6.5s)
warning: LogdetLean/GramHafnian/UltimateHiding/DenseScore/H11H13_ProjectiveFirstReduction.lean:87:2: Try this: 
  letI̵

The goal is a proposition, so `let` is preferred over `letI`.
The difference between `let` and `letI` is that `letI` inlines the value.
But this is not relevant for proofs because of proof irrelevance.

Note: This linter can be disabled with `set_option linter.style.haveILetI false`
warning: LogdetLean/GramHafnian/UltimateHiding/DenseScore/H11H13_ProjectiveFirstReduction.lean:89:2: Try this: 
  letI̵

The goal is a proposition, so `let` is preferred over `letI`.
The difference between `let` and `letI` is that `letI` inlines the value.
But this is not relevant for proofs because of proof irrelevance.

Note: This linter can be disabled with `set_option linter.style.haveILetI false`
✔ [9368/9585] Built LogdetLean.GramHafnian.UltimateHiding.DenseScore.H6_A1A3_NoA2Conditional (6.1s)
⚠ [9369/9585] Built LogdetLean.GramHafnian.UltimateHiding.DenseLocalStep.ConcreteDenseCertificate (6.2s)
warning: LogdetLean/GramHafnian/UltimateHiding/DenseLocalStep/ConcreteDenseCertificate.lean:67:2: try 'simp' instead of 'simpa'

Note: This linter can be disabled with `set_option linter.unnecessarySimpa false`
⚠ [9370/9585] Built LogdetLean.GramHafnian.UltimateHiding.DenseScore.U08.InverseWishartSecondEntryStein (8.5s)
warning: LogdetLean/GramHafnian/UltimateHiding/DenseScore/U08/InverseWishartSecondEntryStein.lean:338:4: This simp argument is unused:
  Finset.sum_add_distrib

Hint: Omit it from the simp argument list.
  [apply] simp only [steinVectorFieldValue, Matrix.smul_apply, smul_eq_mul, Matrix.mul_apply, Matrix.add_apply,
    Matrix.transpose_apply, Matrix.neg_apply]

Note: This linter can be disabled with `set_option linter.unusedSimpArgs false`
warning: LogdetLean/GramHafnian/UltimateHiding/DenseScore/U08/InverseWishartSecondEntryStein.lean:406:31: This simp argument is unused:
  Finset.sum_mul

Hint: Omit it from the simp argument list.
  [apply] simp only [Finset.mul_sum]

Note: This linter can be disabled with `set_option linter.unusedSimpArgs false`
warning: LogdetLean/GramHafnian/UltimateHiding/DenseScore/U08/InverseWishartSecondEntryStein.lean:774:47: This simp argument is unused:
  Fin.prod_univ_one

Hint: Omit it from the simp argument list.
  [apply] simp [indices, inverseWishartEntryProduct]

Note: This linter can be disabled with `set_option linter.unusedSimpArgs false`
⚠ [9371/9585] Built LogdetLean.GramHafnian.UltimateHiding.SquaredCompletionRawDensity (6.3s)
warning: LogdetLean/GramHafnian/UltimateHiding/SquaredCompletionRawDensity.lean:78:2: Try this: 
  letI̵

The goal is a proposition, so `let` is preferred over `letI`.
The difference between `let` and `letI` is that `letI` inlines the value.
But this is not relevant for proofs because of proof irrelevance.

Note: This linter can be disabled with `set_option linter.style.haveILetI false`
warning: LogdetLean/GramHafnian/UltimateHiding/SquaredCompletionRawDensity.lean:80:2: Try this: 
  letI̵

The goal is a proposition, so `let` is preferred over `letI`.
The difference between `let` and `letI` is that `letI` inlines the value.
But this is not relevant for proofs because of proof irrelevance.

Note: This linter can be disabled with `set_option linter.style.haveILetI false`
⚠ [9372/9585] Built LogdetLean.GramHafnian.UltimateHiding.DenseScore.Conditional.H16DownstreamZeroExtEnvelopeFromWeakFacts (6.6s)
warning: LogdetLean/GramHafnian/UltimateHiding/DenseScore/Conditional/H16DownstreamZeroExtEnvelopeFromWeakFacts.lean:71:15: Variable name `hN` is not explicitly referenced.

Hint: The binding can be removed (if unused) or named `_` (if used implicitly). Alternatively, prefix the name with `_` to silence this warning:
  [apply] _hN

Note: This linter can be disabled with `set_option linter.unusedVariables false`
warning: LogdetLean/GramHafnian/UltimateHiding/DenseScore/Conditional/H16DownstreamZeroExtEnvelopeFromWeakFacts.lean:71:28: Variable name `hboundary` is not explicitly referenced.

Hint: The binding can be removed (if unused) or named `_` (if used implicitly). Alternatively, prefix the name with `_` to silence this warning:
  [apply] _hboundary

Note: This linter can be disabled with `set_option linter.unusedVariables false`
warning: LogdetLean/GramHafnian/UltimateHiding/DenseScore/Conditional/H16DownstreamZeroExtEnvelopeFromWeakFacts.lean:92:6: `Set.mem_setOf_eq` has been deprecated: Use `Set.mem_ofPred_eq` instead
warning: LogdetLean/GramHafnian/UltimateHiding/DenseScore/Conditional/H16DownstreamZeroExtEnvelopeFromWeakFacts.lean:116:2: Try this: 
  letI̵

The goal is a proposition, so `let` is preferred over `letI`.
The difference between `let` and `letI` is that `letI` inlines the value.
But this is not relevant for proofs because of proof irrelevance.

Note: This linter can be disabled with `set_option linter.style.haveILetI false`
warning: LogdetLean/GramHafnian/UltimateHiding/DenseScore/Conditional/H16DownstreamZeroExtEnvelopeFromWeakFacts.lean:118:2: Try this: 
  letI̵

The goal is a proposition, so `let` is preferred over `letI`.
The difference between `let` and `letI` is that `letI` inlines the value.
But this is not relevant for proofs because of proof irrelevance.

Note: This linter can be disabled with `set_option linter.style.haveILetI false`
✔ [9373/9585] Built LogdetLean.GramHafnian.UltimateHiding.DenseScore.H6_A2Prime_A1TraceTransport (6.3s)
✔ [9374/9585] Built LogdetLean.GramHafnian.UltimateHiding.DenseLocalStep.COEBaseDenseCertificate (6.5s)
✔ [9375/9585] Built LogdetLean.GramHafnian.UltimateHiding.DenseScore.U08.SecondEntryMomentCorollaries (6.5s)
⚠ [9376/9585] Built LogdetLean.GramHafnian.UltimateHiding.DenseScore.U08.H14_DenominatorFourthTracePolynomialBounds (9.0s)
warning: LogdetLean/GramHafnian/UltimateHiding/DenseScore/U08/H14_DenominatorFourthTracePolynomialBounds.lean:226:49: This simp argument is unused:
  Finset.mul_sum

Hint: Omit it from the simp argument list.
  [apply] simp only [Matrix.mul_apply, Finset.sum_mul]

Note: This linter can be disabled with `set_option linter.unusedSimpArgs false`
warning: LogdetLean/GramHafnian/UltimateHiding/DenseScore/U08/H14_DenominatorFourthTracePolynomialBounds.lean:441:22: This simp argument is unused:
  Finset.sum_add_distrib

Hint: Omit it from the simp argument list.
  [apply] simp only [steinVectorFieldValue, Matrix.smul_apply, smul_eq_mul, Matrix.mul_apply, Matrix.add_apply,
    Matrix.transpose_apply, Matrix.neg_apply]

Note: This linter can be disabled with `set_option linter.unusedSimpArgs false`
warning: LogdetLean/GramHafnian/UltimateHiding/DenseScore/U08/H14_DenominatorFourthTracePolynomialBounds.lean:534:31: This simp argument is unused:
  Finset.sum_mul

Hint: Omit it from the simp argument list.
  [apply] simp only [Finset.mul_sum]

Note: This linter can be disabled with `set_option linter.unusedSimpArgs false`
✔ [9377/9585] Built LogdetLean.GramHafnian.UltimateHiding.DenseLocalStep.ConcreteFullRangeCertificate (7.0s)
⚠ [9378/9585] Built LogdetLean.GramHafnian.UltimateHiding.DenseScore.U08.InverseWishartThirdEntryStein (9.6s)
warning: LogdetLean/GramHafnian/UltimateHiding/DenseScore/U08/InverseWishartThirdEntryStein.lean:75:34: This simp argument is unused:
  Pi.mul_apply

Hint: Omit it from the simp argument list.
  [apply] simp only [zero_smul, add_zero] at heq

Note: This linter can be disabled with `set_option linter.unusedSimpArgs false`
warning: LogdetLean/GramHafnian/UltimateHiding/DenseScore/U08/InverseWishartThirdEntryStein.lean:118:34: This simp argument is unused:
  Pi.mul_apply

Hint: Omit it from the simp argument list.
  [apply] simp only [zero_smul, add_zero] at heq

Note: This linter can be disabled with `set_option linter.unusedSimpArgs false`
warning: LogdetLean/GramHafnian/UltimateHiding/DenseScore/U08/InverseWishartThirdEntryStein.lean:182:49: This simp argument is unused:
  Finset.mul_sum

Hint: Omit it from the simp argument list.
  [apply] simp only [Matrix.mul_apply, Finset.sum_mul]

Note: This linter can be disabled with `set_option linter.unusedSimpArgs false`
warning: LogdetLean/GramHafnian/UltimateHiding/DenseScore/U08/InverseWishartThirdEntryStein.lean:393:22: This simp argument is unused:
  Finset.sum_add_distrib

Hint: Omit it from the simp argument list.
  [apply] simp only [steinVectorFieldValue, Matrix.smul_apply, smul_eq_mul, Matrix.mul_apply, Matrix.add_apply,
    Matrix.transpose_apply, Matrix.neg_apply]

Note: This linter can be disabled with `set_option linter.unusedSimpArgs false`
warning: LogdetLean/GramHafnian/UltimateHiding/DenseScore/U08/InverseWishartThirdEntryStein.lean:485:31: This simp argument is unused:
  Finset.sum_mul

Hint: Omit it from the simp argument list.
  [apply] simp only [Finset.mul_sum]

Note: This linter can be disabled with `set_option linter.unusedSimpArgs false`
info: LogdetLean/GramHafnian/UltimateHiding/DenseScore/U08/InverseWishartThirdEntryStein.lean:1021:6: Try this:
  [apply] ring_nf
  
  The `ring` tactic failed to close the goal. Use `ring_nf` to obtain a normal form.
    
  Note that `ring` works primarily in *commutative* rings. If you have a noncommutative ring, abelian group or module, consider using `noncomm_ring`, `abel` or `module` instead.
⚠ [9379/9585] Built LogdetLean.GramHafnian.UltimateHiding.DenseScore.Conditional.H16ScoreJointMeasurability (6.4s)
warning: LogdetLean/GramHafnian/UltimateHiding/DenseScore/Conditional/H16ScoreJointMeasurability.lean:162:2: Try this: 
  letI̵

The goal is a proposition, so `let` is preferred over `letI`.
The difference between `let` and `letI` is that `letI` inlines the value.
But this is not relevant for proofs because of proof irrelevance.

Note: This linter can be disabled with `set_option linter.style.haveILetI false`
warning: LogdetLean/GramHafnian/UltimateHiding/DenseScore/Conditional/H16ScoreJointMeasurability.lean:164:2: Try this: 
  letI̵

The goal is a proposition, so `let` is preferred over `letI`.
The difference between `let` and `letI` is that `letI` inlines the value.
But this is not relevant for proofs because of proof irrelevance.

Note: This linter can be disabled with `set_option linter.style.haveILetI false`
warning: LogdetLean/GramHafnian/UltimateHiding/DenseScore/Conditional/H16ScoreJointMeasurability.lean:149:5: Variable name `W` is not explicitly referenced.

Hint: The binding can be removed (if unused) or named `_` (if used implicitly). Alternatively, prefix the name with `_` to silence this warning:
  [apply] _W

Note: This linter can be disabled with `set_option linter.unusedVariables false`
⚠ [9380/9585] Built LogdetLean.GramHafnian.UltimateHiding.DenseScore.ConcreteBetaPrimeTraceCoordinates (6.7s)
warning: LogdetLean/GramHafnian/UltimateHiding/DenseScore/ConcreteBetaPrimeTraceCoordinates.lean:55:18: This simp argument is unused:
  Matrix.smul_mul

Hint: Omit it from the simp argument list.
  [apply] simp [pow_succ, Matrix.mul_smul, Matrix.trace_smul, smul_smul, Complex.mul_re]

Note: This linter can be disabled with `set_option linter.unusedSimpArgs false`
warning: LogdetLean/GramHafnian/UltimateHiding/DenseScore/ConcreteBetaPrimeTraceCoordinates.lean:55:35: This simp argument is unused:
  Matrix.mul_smul

Hint: Omit it from the simp argument list.
  [apply] simp [pow_succ, Matrix.smul_mul, Matrix.trace_smul, smul_smul, Complex.mul_re]

Note: This linter can be disabled with `set_option linter.unusedSimpArgs false`
warning: LogdetLean/GramHafnian/UltimateHiding/DenseScore/ConcreteBetaPrimeTraceCoordinates.lean:65:18: This simp argument is unused:
  Matrix.smul_mul

Hint: Omit it from the simp argument list.
  [apply] simp [pow_succ, Matrix.mul_smul, Matrix.trace_smul, smul_smul, Complex.mul_re]

Note: This linter can be disabled with `set_option linter.unusedSimpArgs false`
warning: LogdetLean/GramHafnian/UltimateHiding/DenseScore/ConcreteBetaPrimeTraceCoordinates.lean:65:35: This simp argument is unused:
  Matrix.mul_smul

Hint: Omit it from the simp argument list.
  [apply] simp [pow_succ, Matrix.smul_mul, Matrix.trace_smul, smul_smul, Complex.mul_re]

Note: This linter can be disabled with `set_option linter.unusedSimpArgs false`
ℹ [9381/9585] Built LogdetLean.GramHafnian.UltimateHiding.DenseScore.U08.H14_CubicTraceTwoMeanAdapterConditional (6.2s)
info: LogdetLean/GramHafnian/UltimateHiding/DenseScore/U08/H14_CubicTraceTwoMeanAdapterConditional.lean:81:0: 'LogdetLean.GramHafnian.UltimateHiding.DenseScore.U08.betaPrimeYTraceTwoFormalMeanU08_eq_h14_cubic_formula_internal' depends on axioms: [propext,
 Classical.choice,
 Quot.sound]
info: LogdetLean/GramHafnian/UltimateHiding/DenseScore/U08/H14_CubicTraceTwoMeanAdapterConditional.lean:82:0: 'LogdetLean.GramHafnian.UltimateHiding.DenseScore.U08.betaPrimeYTraceTwoFormalMeanU08_h14_cubic_ledger_adapter_internal' depends on axioms: [propext,
 Classical.choice,
 Quot.sound]
info: LogdetLean/GramHafnian/UltimateHiding/DenseScore/U08/H14_CubicTraceTwoMeanAdapterConditional.lean:83:0: 'LogdetLean.GramHafnian.UltimateHiding.DenseScore.U08.betaPrimeYTraceTwoFormalMeanU08_abs_le_twenty_cube_conditional' depends on axioms: [propext,
 Classical.choice,
 Quot.sound]
⚠ [9382/9585] Built LogdetLean.GramHafnian.UltimateHiding.DenseScore.Conditional.H16ZeroExtensionDownstreamAssembly (7.9s)
warning: LogdetLean/GramHafnian/UltimateHiding/DenseScore/Conditional/H16ZeroExtensionDownstreamAssembly.lean:68:68: Used `tac1 <;> tac2` where `(tac1; tac2)` would suffice

Note: This linter can be disabled with `set_option linter.unnecessarySeqFocus false`
✔ [9383/9585] Built LogdetLean.GramHafnian.UltimateHiding.DenseLocalStep.COEBaseFullRangeCertificate (7.0s)
⚠ [9384/9585] Built LogdetLean.GramHafnian.UltimateHiding.DenseScore.U08.H14_DenominatorFourthTraceContraction (13s)
warning: LogdetLean/GramHafnian/UltimateHiding/DenseScore/U08/H14_DenominatorFourthTraceContraction.lean:86:44: Variable name `hA` is not explicitly referenced.

Hint: The binding can be removed (if unused) or named `_` (if used implicitly). Alternatively, prefix the name with `_` to silence this warning:
  [apply] _hA

Note: This linter can be disabled with `set_option linter.unusedVariables false`
warning: LogdetLean/GramHafnian/UltimateHiding/DenseScore/U08/H14_DenominatorFourthTraceContraction.lean:131:44: Variable name `hA` is not explicitly referenced.

Hint: The binding can be removed (if unused) or named `_` (if used implicitly). Alternatively, prefix the name with `_` to silence this warning:
  [apply] _hA

Note: This linter can be disabled with `set_option linter.unusedVariables false`
warning: LogdetLean/GramHafnian/UltimateHiding/DenseScore/U08/H14_DenominatorFourthTraceContraction.lean:185:44: Variable name `hA` is not explicitly referenced.

Hint: The binding can be removed (if unused) or named `_` (if used implicitly). Alternatively, prefix the name with `_` to silence this warning:
  [apply] _hA

Note: This linter can be disabled with `set_option linter.unusedVariables false`
warning: LogdetLean/GramHafnian/UltimateHiding/DenseScore/U08/H14_DenominatorFourthTraceContraction.lean:223:28: This simp argument is unused:
  Finset.sum_mul

Hint: Omit it from the simp argument list.
  [apply] simp [realKroneckerDelta, Finset.mul_sum]

Note: This linter can be disabled with `set_option linter.unusedSimpArgs false`
warning: LogdetLean/GramHafnian/UltimateHiding/DenseScore/U08/H14_DenominatorFourthTraceContraction.lean:353:10: This simp argument is unused:
  μ

Hint: Omit it from the simp argument list.
  [apply] simp [indices, inverseWishartEntryProduct, Fin.prod_univ_four]

Note: This linter can be disabled with `set_option linter.unusedSimpArgs false`
⚠ [9385/9585] Built LogdetLean.GramHafnian.UltimateHiding.DenseScore.Conditional.H16TestPairBochnerReduction (7.3s)
warning: LogdetLean/GramHafnian/UltimateHiding/DenseScore/Conditional/H16TestPairBochnerReduction.lean:87:42: Used `tac1 <;> tac2` where `(tac1; tac2)` would suffice

Note: This linter can be disabled with `set_option linter.unnecessarySeqFocus false`
ℹ [9386/9585] Built LogdetLean.GramHafnian.UltimateHiding.DenseScore.H14_ProjectiveCancellationAlgebra (9.3s)
info: LogdetLean/GramHafnian/UltimateHiding/DenseScore/H14_ProjectiveCancellationAlgebra.lean:136:0: 'LogdetLean.GramHafnian.UltimateHiding.DenseScore.h14_betaPrimeYTraceTwoMeanLedgerFormula_abs_le_twenty_cube' depends on axioms: [propext,
 Classical.choice,
 Quot.sound]
info: LogdetLean/GramHafnian/UltimateHiding/DenseScore/H14_ProjectiveCancellationAlgebra.lean:137:0: 'LogdetLean.GramHafnian.UltimateHiding.DenseScore.h14_betaPrimeYTraceTwoFormalMeanU08_abs_le_twenty_cube_internal' depends on axioms: [propext,
 Classical.choice,
 Quot.sound]
info: LogdetLean/GramHafnian/UltimateHiding/DenseScore/H14_ProjectiveCancellationAlgebra.lean:138:0: 'LogdetLean.GramHafnian.UltimateHiding.DenseScore.integral_complexProjectiveTracePair_fourth_of_trace_zero_h14' depends on axioms: [propext,
 Classical.choice,
 Quot.sound]
⚠ [9387/9585] Built LogdetLean.GramHafnian.UltimateHiding.DenseScore.U08.H9InverseWishartContractReduction (7.1s)
warning: LogdetLean/GramHafnian/UltimateHiding/DenseScore/U08/H9InverseWishartContractReduction.lean:64:2: Try this: 
  letI̵

The goal is a proposition, so `let` is preferred over `letI`.
The difference between `let` and `letI` is that `letI` inlines the value.
But this is not relevant for proofs because of proof irrelevance.

Note: This linter can be disabled with `set_option linter.style.haveILetI false`
warning: LogdetLean/GramHafnian/UltimateHiding/DenseScore/U08/H9InverseWishartContractReduction.lean:167:2: Unused tactic linter: `change H9InverseWishartDenominatorPackage N K` does nothing

Note: This linter can be disabled with `set_option linter.unusedTactic false`
info: LogdetLean/GramHafnian/UltimateHiding/DenseScore/U08/H9InverseWishartContractReduction.lean:190:0: structure LogdetLean.GramHafnian.UltimateHiding.DenseScore.U08.H9U08CenteredTraceFourthBound (N K : ℕ) : Prop
number of parameters: 2
fields:
  LogdetLean.GramHafnian.UltimateHiding.DenseScore.U08.H9U08CenteredTraceFourthBound.lpNorm_four_le : 16 * N ≤ K →
      lpNorm (h9CenteredInverseTrace N K) 4 (h9InverseWishartDenominatorLaw N K) ≤ h9InverseWishartMomentConstant
constructor:
  LogdetLean.GramHafnian.UltimateHiding.DenseScore.U08.H9U08CenteredTraceFourthBound.mk {N K : ℕ}
    (lpNorm_four_le :
      16 * N ≤ K →
        lpNorm (h9CenteredInverseTrace N K) 4 (h9InverseWishartDenominatorLaw N K) ≤ h9InverseWishartMomentConstant) :
    H9U08CenteredTraceFourthBound N K
info: LogdetLean/GramHafnian/UltimateHiding/DenseScore/U08/H9InverseWishartContractReduction.lean:191:0: theorem LogdetLean.GramHafnian.UltimateHiding.DenseScore.U08.h9U08InverseWishartContract_iff_centeredTraceFourthBound : ∀
  {N K : ℕ}, 1 ≤ N → 2 * N + 8 ≤ K → (H9U08InverseWishartContract N K ↔ H9U08CenteredTraceFourthBound N K) :=
fun {N K} hN hgap =>
  { mp := fun H => { lpNorm_four_le := fun hdense => (H.dense_bounds hdense).left },
    mpr := h9U08InverseWishartContract_of_centeredTraceFourthBound hN hgap }
info: LogdetLean/GramHafnian/UltimateHiding/DenseScore/U08/H9InverseWishartContractReduction.lean:192:0: 'LogdetLean.GramHafnian.UltimateHiding.DenseScore.U08.h9InverseWishartDenominatorLaw_eq_u08StandardGaussian' depends on axioms: [propext,
 Classical.choice,
 Quot.sound]
info: LogdetLean/GramHafnian/UltimateHiding/DenseScore/U08/H9InverseWishartContractReduction.lean:193:0: 'LogdetLean.GramHafnian.UltimateHiding.DenseScore.U08.h9ScaledInverseWishart_eq_u08ScaledInverseWishartMatrix' depends on axioms: [propext,
 Classical.choice,
 Quot.sound]
info: LogdetLean/GramHafnian/UltimateHiding/DenseScore/U08/H9InverseWishartContractReduction.lean:194:0: 'LogdetLean.GramHafnian.UltimateHiding.DenseScore.U08.h9CenteredInverseTrace_memLp_four_internal' depends on axioms: [propext,
 Classical.choice,
 Quot.sound]
info: LogdetLean/GramHafnian/UltimateHiding/DenseScore/U08/H9InverseWishartContractReduction.lean:195:0: 'LogdetLean.GramHafnian.UltimateHiding.DenseScore.U08.h9InverseTraceSquare_memLp_two_internal' depends on axioms: [propext,
 Classical.choice,
 Quot.sound]
info: LogdetLean/GramHafnian/UltimateHiding/DenseScore/U08/H9InverseWishartContractReduction.lean:196:0: 'LogdetLean.GramHafnian.UltimateHiding.DenseScore.U08.h9InverseTraceSquare_lpNorm_two_le_internal' depends on axioms: [propext,
 Classical.choice,
 Quot.sound]
info: LogdetLean/GramHafnian/UltimateHiding/DenseScore/U08/H9InverseWishartContractReduction.lean:197:0: 'LogdetLean.GramHafnian.UltimateHiding.DenseScore.U08.h9U08InverseWishartContract_of_centeredTraceFourthBound' depends on axioms: [propext,
 Classical.choice,
 Quot.sound]
info: LogdetLean/GramHafnian/UltimateHiding/DenseScore/U08/H9InverseWishartContractReduction.lean:198:0: 'LogdetLean.GramHafnian.UltimateHiding.DenseScore.U08.h9U08InverseWishartContract_iff_centeredTraceFourthBound' depends on axioms: [propext,
 Classical.choice,
 Quot.sound]
✔ [9388/9585] Built LogdetLean.GramHafnian.UltimateHiding.DenseScore.Conditional.H16TestPairToBochner (7.0s)
⚠ [9389/9585] Built LogdetLean.GramHafnian.UltimateHiding.DenseScore.H14_CenteredEllTwoProjectiveCancellationConditional (9.0s)
warning: LogdetLean/GramHafnian/UltimateHiding/DenseScore/H14_CenteredEllTwoProjectiveCancellationConditional.lean:222:5: Variable name `hN` is not explicitly referenced.

Hint: The binding can be removed (if unused) or named `_` (if used implicitly). Alternatively, prefix the name with `_` to silence this warning:
  [apply] _hN

Note: This linter can be disabled with `set_option linter.unusedVariables false`
warning: LogdetLean/GramHafnian/UltimateHiding/DenseScore/H14_CenteredEllTwoProjectiveCancellationConditional.lean:222:18: Variable name `hgap` is not explicitly referenced.

Hint: The binding can be removed (if unused) or named `_` (if used implicitly). Alternatively, prefix the name with `_` to silence this warning:
  [apply] _hgap

Note: This linter can be disabled with `set_option linter.unusedVariables false`
warning: LogdetLean/GramHafnian/UltimateHiding/DenseScore/H14_CenteredEllTwoProjectiveCancellationConditional.lean:224:5: Variable name `hsymm` is not explicitly referenced.

Hint: The binding can be removed (if unused) or named `_` (if used implicitly). Alternatively, prefix the name with `_` to silence this warning:
  [apply] _hsymm

Note: This linter can be disabled with `set_option linter.unusedVariables false`
warning: LogdetLean/GramHafnian/UltimateHiding/DenseScore/H14_CenteredEllTwoProjectiveCancellationConditional.lean:225:5: Variable name `hsupport` is not explicitly referenced.

Hint: The binding can be removed (if unused) or named `_` (if used implicitly). Alternatively, prefix the name with `_` to silence this warning:
  [apply] _hsupport

Note: This linter can be disabled with `set_option linter.unusedVariables false`
info: LogdetLean/GramHafnian/UltimateHiding/DenseScore/H14_CenteredEllTwoProjectiveCancellationConditional.lean:251:0: 'LogdetLean.GramHafnian.UltimateHiding.DenseScore.concreteCenteredEll_two_eq_projectiveSandwiches_h14_internal' depends on axioms: [propext,
 Classical.choice,
 Quot.sound]
info: LogdetLean/GramHafnian/UltimateHiding/DenseScore/H14_CenteredEllTwoProjectiveCancellationConditional.lean:252:0: 'LogdetLean.GramHafnian.UltimateHiding.DenseScore.concreteCenteredEll_two_square_eq_projectiveSandwichSquare_h14_internal' depends on axioms: [propext,
 Classical.choice,
 Quot.sound]
info: LogdetLean/GramHafnian/UltimateHiding/DenseScore/H14_CenteredEllTwoProjectiveCancellationConditional.lean:253:0: 'LogdetLean.GramHafnian.UltimateHiding.DenseScore.trace_h14ProjectiveTraceZeroPart' depends on axioms: [propext,
 Classical.choice,
 Quot.sound]
info: LogdetLean/GramHafnian/UltimateHiding/DenseScore/H14_CenteredEllTwoProjectiveCancellationConditional.lean:254:0: 'LogdetLean.GramHafnian.UltimateHiding.DenseScore.integral_complexCenteredProjectiveTracePair_fourth_eq_traceZero_h14' depends on axioms: [propext,
 Classical.choice,
 Quot.sound]
info: LogdetLean/GramHafnian/UltimateHiding/DenseScore/H14_CenteredEllTwoProjectiveCancellationConditional.lean:255:0: 'LogdetLean.GramHafnian.UltimateHiding.DenseScore.h14ProjectiveCancellationSharpEnvelope_le_envelope' depends on axioms: [propext,
 Classical.choice,
 Quot.sound]
info: LogdetLean/GramHafnian/UltimateHiding/DenseScore/H14_CenteredEllTwoProjectiveCancellationConditional.lean:256:0: 'LogdetLean.GramHafnian.UltimateHiding.DenseScore.h14_fixedMatrix_projectiveCancellation_package_conditional' depends on axioms: [propext,
 Classical.choice,
 Quot.sound]
✔ [9390/9585] Built LogdetLean.GramHafnian.UltimateHiding.DenseScore.U08.H9CenteredTraceSteinClosure (8.4s)
✔ [9391/9585] Built LogdetLean.GramHafnian.UltimateHiding.DenseScore.Conditional.H16CoordinateTestSeparation (7.2s)
⚠ [9392/9585] Built LogdetLean.GramHafnian.UltimateHiding.DenseScore.H12_H14_MatsumotoProjectConversion (11s)
warning: LogdetLean/GramHafnian/UltimateHiding/DenseScore/H12_H14_MatsumotoProjectConversion.lean:207:6: try 'simp' instead of 'simpa'

Note: This linter can be disabled with `set_option linter.unnecessarySimpa false`
warning: LogdetLean/GramHafnian/UltimateHiding/DenseScore/H12_H14_MatsumotoProjectConversion.lean:252:4: Try this: 
  letI̵

The goal is a proposition, so `let` is preferred over `letI`.
The difference between `let` and `letI` is that `letI` inlines the value.
But this is not relevant for proofs because of proof irrelevance.

Note: This linter can be disabled with `set_option linter.style.haveILetI false`
info: LogdetLean/GramHafnian/UltimateHiding/DenseScore/H12_H14_MatsumotoProjectConversion.lean:448:0: 'LogdetLean.GramHafnian.UltimateHiding.DenseScore.h12h14_matsumotoIdentityLaw_eq_halfScale_projectLaw' depends on axioms: [propext,
 Classical.choice,
 Quot.sound]
info: LogdetLean/GramHafnian/UltimateHiding/DenseScore/H12_H14_MatsumotoProjectConversion.lean:449:0: 'LogdetLean.GramHafnian.UltimateHiding.DenseScore.h12h14_projectLaw_eq_sigmaTwo_pushforward' depends on axioms: [propext,
 Classical.choice,
 Quot.sound]
info: LogdetLean/GramHafnian/UltimateHiding/DenseScore/H12_H14_MatsumotoProjectConversion.lean:450:0: 'LogdetLean.GramHafnian.UltimateHiding.DenseScore.h12h14_projectDenominator_gamma_eq' depends on axioms: [propext,
 Classical.choice,
 Quot.sound]
info: LogdetLean/GramHafnian/UltimateHiding/DenseScore/H12_H14_MatsumotoProjectConversion.lean:451:0: 'LogdetLean.GramHafnian.UltimateHiding.DenseScore.h12h14_projectDenominator_gamma_eq_half_concreteCOEExponent' depends on axioms: [propext,
 Classical.choice,
 Quot.sound]
info: LogdetLean/GramHafnian/UltimateHiding/DenseScore/H12_H14_MatsumotoProjectConversion.lean:452:0: 'LogdetLean.GramHafnian.UltimateHiding.DenseScore.h12h14_two_mul_projectDenominator_gamma_eq_concreteCOEExponent' depends on axioms: [propext,
 Classical.choice,
 Quot.sound]
info: LogdetLean/GramHafnian/UltimateHiding/DenseScore/H12_H14_MatsumotoProjectConversion.lean:453:0: 'LogdetLean.GramHafnian.UltimateHiding.DenseScore.h12h14_projectDenominator_gamma_gt_order_sub_one' depends on axioms: [propext,
 Classical.choice,
 Quot.sound]
info: LogdetLean/GramHafnian/UltimateHiding/DenseScore/H12_H14_MatsumotoProjectConversion.lean:454:0: 'LogdetLean.GramHafnian.UltimateHiding.DenseScore.h12h14_projectEntryIndices_eq' does not depend on any axioms
info: LogdetLean/GramHafnian/UltimateHiding/DenseScore/H12_H14_MatsumotoProjectConversion.lean:455:0: 'LogdetLean.GramHafnian.UltimateHiding.DenseScore.h12h14_projectScaledInverseMatrix_eq_twoGamma' depends on axioms: [propext,
 Classical.choice,
 Quot.sound]
info: LogdetLean/GramHafnian/UltimateHiding/DenseScore/H12_H14_MatsumotoProjectConversion.lean:456:0: 'LogdetLean.GramHafnian.UltimateHiding.DenseScore.h12h14_matsumotoIdentityScaledInverseTraceFour_invSqrtTwoScaleMatrix' depends on axioms: [propext,
 Classical.choice,
 Quot.sound]
info: LogdetLean/GramHafnian/UltimateHiding/DenseScore/H12_H14_MatsumotoProjectConversion.lean:457:0: 'LogdetLean.GramHafnian.UltimateHiding.DenseScore.h12h14_matsumotoIdentityScaledInverseTraceFour_integral_eq_project' depends on axioms: [propext,
 Classical.choice,
 Quot.sound]
info: LogdetLean/GramHafnian/UltimateHiding/DenseScore/H12_H14_MatsumotoProjectConversion.lean:458:0: 'LogdetLean.GramHafnian.UltimateHiding.DenseScore.h12h14_integrable_projectScaledInverseTraceFour_of_matsumotoIdentity' depends on axioms: [propext,
 Classical.choice,
 Quot.sound]
info: LogdetLean/GramHafnian/UltimateHiding/DenseScore/H12_H14_MatsumotoProjectConversion.lean:459:0: 'LogdetLean.GramHafnian.UltimateHiding.DenseScore.h12h14_projectTraceFourMoment_of_matsumotoIdentity' depends on axioms: [propext,
 Classical.choice,
 Quot.sound]
info: LogdetLean/GramHafnian/UltimateHiding/DenseScore/H12_H14_MatsumotoProjectConversion.lean:460:0: 'LogdetLean.GramHafnian.UltimateHiding.DenseScore.h12h14_centeredEllTwo_before_abs' depends on axioms: [propext,
 Classical.choice,
 Quot.sound]
info: LogdetLean/GramHafnian/UltimateHiding/DenseScore/H12_H14_MatsumotoProjectConversion.lean:461:0: 'LogdetLean.GramHafnian.UltimateHiding.DenseScore.h12h14_projectiveTraceZero_fourth_before_abs' depends on axioms: [propext,
 Classical.choice,
 Quot.sound]
info: LogdetLean/GramHafnian/UltimateHiding/DenseScore/H12_H14_MatsumotoProjectConversion.lean:462:0: 'LogdetLean.GramHafnian.UltimateHiding.DenseScore.h12h14_matsumotoTraceFour_projectiveCancellationBridge' depends on axioms: [propext,
 Classical.choice,
 Quot.sound]
✔ [9393/9585] Built LogdetLean.GramHafnian.UltimateHiding.DenseScore.Conditional.H16FlowGeneratorCalculus (12s)
⚠ [9394/9585] Built LogdetLean.GramHafnian.UltimateHiding.DenseScore.H9_ExactCenteredTraceReduction (29s)
warning: LogdetLean/GramHafnian/UltimateHiding/DenseScore/H9_ExactCenteredTraceReduction.lean:114:2: Try this: 
  letI̵

The goal is a proposition, so `let` is preferred over `letI`.
The difference between `let` and `letI` is that `letI` inlines the value.
But this is not relevant for proofs because of proof irrelevance.

Note: This linter can be disabled with `set_option linter.style.haveILetI false`
warning: LogdetLean/GramHafnian/UltimateHiding/DenseScore/H9_ExactCenteredTraceReduction.lean:116:2: Try this: 
  letI̵

The goal is a proposition, so `let` is preferred over `letI`.
The difference between `let` and `letI` is that `letI` inlines the value.
But this is not relevant for proofs because of proof irrelevance.

Note: This linter can be disabled with `set_option linter.style.haveILetI false`
warning: LogdetLean/GramHafnian/UltimateHiding/DenseScore/H9_ExactCenteredTraceReduction.lean:197:2: Try this: 
  letI̵

The goal is a proposition, so `let` is preferred over `letI`.
The difference between `let` and `letI` is that `letI` inlines the value.
But this is not relevant for proofs because of proof irrelevance.

Note: This linter can be disabled with `set_option linter.style.haveILetI false`
warning: LogdetLean/GramHafnian/UltimateHiding/DenseScore/H9_ExactCenteredTraceReduction.lean:199:2: Try this: 
  letI̵

The goal is a proposition, so `let` is preferred over `letI`.
The difference between `let` and `letI` is that `letI` inlines the value.
But this is not relevant for proofs because of proof irrelevance.

Note: This linter can be disabled with `set_option linter.style.haveILetI false`
⚠ [9395/9585] Built LogdetLean.GramHafnian.UltimateHiding.DenseScore.Conditional.H16CoordinateJacobianOne (21s)
warning: LogdetLean/GramHafnian/UltimateHiding/DenseScore/Conditional/H16CoordinateJacobianOne.lean:69:27: This simp argument is unused:
  Matrix.one_apply

Hint: Omit it from the simp argument list.
  [apply] simp [concreteCenteredOrbitalDirection, Matrix.sub_apply, Matrix.smul_apply, smul_eq_mul]

Note: This linter can be disabled with `set_option linter.unusedSimpArgs false`
warning: LogdetLean/GramHafnian/UltimateHiding/DenseScore/Conditional/H16CoordinateJacobianOne.lean:72:27: This simp argument is unused:
  Matrix.one_apply

Hint: Omit it from the simp argument list.
  [apply] simp [concreteCenteredOrbitalDirection, Matrix.sub_apply, Matrix.smul_apply, smul_eq_mul, hij]

Note: This linter can be disabled with `set_option linter.unusedSimpArgs false`
warning: LogdetLean/GramHafnian/UltimateHiding/DenseScore/Conditional/H16CoordinateJacobianOne.lean:356:6: `push_neg` has been deprecated. Prefer using `push Not` instead.
If you'd rather continue using `push_neg` in your project, you can implement it as follows:
```
open Lean.Parser.Tactic in
macro "push_neg" cfg:optConfig loc:(location)? : tactic =>
  `(tactic| push $cfg:optConfig Not $[$loc]?)
```
warning: LogdetLean/GramHafnian/UltimateHiding/DenseScore/Conditional/H16CoordinateJacobianOne.lean:369:10: This simp argument is unused:
  Matrix.one_apply

Hint: Omit it from the simp argument list.
  [apply] simp [hj]

Note: This linter can be disabled with `set_option linter.unusedSimpArgs false`
⚠ [9396/9585] Built LogdetLean.GramHafnian.UltimateHiding.DenseScore.U08.H9CenteredTraceSteinContractionProof (21s)
warning: LogdetLean/GramHafnian/UltimateHiding/DenseScore/U08/H9CenteredTraceSteinContractionProof.lean:180:45: This simp argument is unused:
  Fin.prod_univ_one

Hint: Omit it from the simp argument list.
  [apply] simp [indices, inverseWishartEntryProduct]

Note: This linter can be disabled with `set_option linter.unusedSimpArgs false`
warning: LogdetLean/GramHafnian/UltimateHiding/DenseScore/U08/H9CenteredTraceSteinContractionProof.lean:683:4: Try this: 
  letI̵

The goal is a proposition, so `let` is preferred over `letI`.
The difference between `let` and `letI` is that `letI` inlines the value.
But this is not relevant for proofs because of proof irrelevance.

Note: This linter can be disabled with `set_option linter.style.haveILetI false`
warning: LogdetLean/GramHafnian/UltimateHiding/DenseScore/U08/H9CenteredTraceSteinContractionProof.lean:931:2: Try this: 
  letI̵

The goal is a proposition, so `let` is preferred over `letI`.
The difference between `let` and `letI` is that `letI` inlines the value.
But this is not relevant for proofs because of proof irrelevance.

Note: This linter can be disabled with `set_option linter.style.haveILetI false`
✔ [9397/9585] Built LogdetLean.GramHafnian.UltimateHiding.DenseScore.U08.H14_FiniteGaussianFourthWickFormula (105s)
⚠ [9398/9585] Built LogdetLean.GramHafnian.UltimateHiding.DenseScore.Conditional.H16ScalarTestTransport (27s)
warning: LogdetLean/GramHafnian/UltimateHiding/DenseScore/Conditional/H16ScalarTestTransport.lean:98:8: `ContinuousLinearMap.zero_apply` has been deprecated: Use `zero_apply` instead

Note: The updated constant is in a different namespace. Dot notation may need to be changed (e.g., from `x.zero_apply` to `zero_apply x`).
✔ [9399/9585] Built LogdetLean.GramHafnian.UltimateHiding.DenseScore.U08.H9ThirdTracePowerSteinProof (8.3s)
⚠ [9400/9585] Built LogdetLean.GramHafnian.UltimateHiding.DenseScore.Conditional.H16DeterminantJetAlgebra (27s)
warning: LogdetLean/GramHafnian/UltimateHiding/DenseScore/Conditional/H16DeterminantJetAlgebra.lean:54:4: This simp argument is unused:
  Complex.conjCLE_apply

Hint: Omit it from the simp argument list.
  [apply] simp [h16AmbientRankOneProjection, complexRankOneProjection]

Note: This linter can be disabled with `set_option linter.unusedSimpArgs false`
warning: LogdetLean/GramHafnian/UltimateHiding/DenseScore/Conditional/H16DeterminantJetAlgebra.lean:140:41: This simp argument is unused:
  Matrix.one_apply

Hint: Omit it from the simp argument list.
  [apply] simp [B, h16AmbientOrbitalFactor, h16AmbientRankOneProjection, Complex.conjCLE_apply, Complex.star_def,
    smul_eq_mul]

Note: This linter can be disabled with `set_option linter.unusedSimpArgs false`
warning: LogdetLean/GramHafnian/UltimateHiding/DenseScore/Conditional/H16DeterminantJetAlgebra.lean:141:12: This simp argument is unused:
  Complex.conjCLE_apply

Hint: Omit it from the simp argument list.
  [apply] simp [B, h16AmbientOrbitalFactor, h16AmbientRankOneProjection, Matrix.one_apply, Complex.star_def,
    smul_eq_mul]

Note: This linter can be disabled with `set_option linter.unusedSimpArgs false`
warning: LogdetLean/GramHafnian/UltimateHiding/DenseScore/Conditional/H16DeterminantJetAlgebra.lean:141:35: This simp argument is unused:
  Complex.star_def

Hint: Omit it from the simp argument list.
  [apply] simp [B, h16AmbientOrbitalFactor, h16AmbientRankOneProjection, Matrix.one_apply, Complex.conjCLE_apply,
    smul_eq_mul]

Note: This linter can be disabled with `set_option linter.unusedSimpArgs false`
warning: LogdetLean/GramHafnian/UltimateHiding/DenseScore/Conditional/H16DeterminantJetAlgebra.lean:144:41: This simp argument is unused:
  Matrix.one_apply

Hint: Omit it from the simp argument list.
  [apply] simp [B, h16AmbientOrbitalFactor, h16AmbientRankOneProjection, Complex.conjCLE_apply, Complex.star_def,
    smul_eq_mul, hab]

Note: This linter can be disabled with `set_option linter.unusedSimpArgs false`
warning: LogdetLean/GramHafnian/UltimateHiding/DenseScore/Conditional/H16DeterminantJetAlgebra.lean:145:12: This simp argument is unused:
  Complex.conjCLE_apply

Hint: Omit it from the simp argument list.
  [apply] simp [B, h16AmbientOrbitalFactor, h16AmbientRankOneProjection, Matrix.one_apply, Complex.star_def,
    smul_eq_mul, hab]

Note: This linter can be disabled with `set_option linter.unusedSimpArgs false`
warning: LogdetLean/GramHafnian/UltimateHiding/DenseScore/Conditional/H16DeterminantJetAlgebra.lean:145:35: This simp argument is unused:
  Complex.star_def

Hint: Omit it from the simp argument list.
  [apply] simp [B, h16AmbientOrbitalFactor, h16AmbientRankOneProjection, Matrix.one_apply, Complex.conjCLE_apply,
    smul_eq_mul, hab]

Note: This linter can be disabled with `set_option linter.unusedSimpArgs false`
⚠ [9401/9585] Built LogdetLean.GramHafnian.UltimateHiding.DenseScore.MatsumotoTheorem3ProjectBridge (27s)
warning: LogdetLean/GramHafnian/UltimateHiding/DenseScore/MatsumotoTheorem3ProjectBridge.lean:163:36: This simp argument is unused:
  Matrix.one_apply

Hint: Omit it from the simp argument list.
  [apply] simp [complexifyRealMatrix, h]

Note: This linter can be disabled with `set_option linter.unusedSimpArgs false`
warning: LogdetLean/GramHafnian/UltimateHiding/DenseScore/MatsumotoTheorem3ProjectBridge.lean:230:6: This simp argument is unused:
  Fin.prod_univ_four

Hint: Omit it from the simp argument list.
  [apply] simp [matsumotoTraceFourPairedTerm, matsumotoTraceFourCycleTerm]

Note: This linter can be disabled with `set_option linter.unusedSimpArgs false`
info: LogdetLean/GramHafnian/UltimateHiding/DenseScore/MatsumotoTheorem3ProjectBridge.lean:518:0: 'LogdetLean.GramHafnian.UltimateHiding.DenseScore.matsumoto_T_traceFour_specialization' depends on axioms: [propext,
 Classical.choice,
 Quot.sound]
info: LogdetLean/GramHafnian/UltimateHiding/DenseScore/MatsumotoTheorem3ProjectBridge.lean:519:0: 'LogdetLean.GramHafnian.UltimateHiding.DenseScore.h12h14_matsumotoScaledTraceFour_eq' depends on axioms: [propext,
 Classical.choice,
 Quot.sound]
info: LogdetLean/GramHafnian/UltimateHiding/DenseScore/MatsumotoTheorem3ProjectBridge.lean:520:0: 'LogdetLean.GramHafnian.UltimateHiding.DenseScore.matsumotoPaperInverseTraceFour_expectation_eq_halfGaussian' depends on axioms: [propext,
 Classical.choice,
 Quot.sound]
info: LogdetLean/GramHafnian/UltimateHiding/DenseScore/MatsumotoTheorem3ProjectBridge.lean:521:0: 'LogdetLean.GramHafnian.UltimateHiding.DenseScore.matsumotoPaperInverseTraceFour_integrable_comp_halfGaussian' depends on axioms: [propext,
 Classical.choice,
 Quot.sound]
info: LogdetLean/GramHafnian/UltimateHiding/DenseScore/MatsumotoTheorem3ProjectBridge.lean:522:0: 'LogdetLean.GramHafnian.UltimateHiding.DenseScore.h12h14_matsumotoIdentityTraceFourMoment_of_A4' depends on axioms: [propext,
 Classical.choice,
 MatsumotoPaper.A4_matsumoto_theorem_3,
 Quot.sound]
✔ [9402/9585] Built LogdetLean.GramHafnian.UltimateHiding.DenseScore.Conditional.H16WeakFactsProof (6.8s)
⚠ [9403/9585] Built LogdetLean.GramHafnian.UltimateHiding.DenseScore.U08.H8H10CenteredL2FourthMomentTransport (8.8s)
warning: LogdetLean/GramHafnian/UltimateHiding/DenseScore/U08/H8H10CenteredL2FourthMomentTransport.lean:150:2: Try this: 
  letI̵

The goal is a proposition, so `let` is preferred over `letI`.
The difference between `let` and `letI` is that `letI` inlines the value.
But this is not relevant for proofs because of proof irrelevance.

Note: This linter can be disabled with `set_option linter.style.haveILetI false`
warning: LogdetLean/GramHafnian/UltimateHiding/DenseScore/U08/H8H10CenteredL2FourthMomentTransport.lean:152:2: Try this: 
  letI̵

The goal is a proposition, so `let` is preferred over `letI`.
The difference between `let` and `letI` is that `letI` inlines the value.
But this is not relevant for proofs because of proof irrelevance.

Note: This linter can be disabled with `set_option linter.style.haveILetI false`
warning: LogdetLean/GramHafnian/UltimateHiding/DenseScore/U08/H8H10CenteredL2FourthMomentTransport.lean:175:2: Try this: 
  letI̵

The goal is a proposition, so `let` is preferred over `letI`.
The difference between `let` and `letI` is that `letI` inlines the value.
But this is not relevant for proofs because of proof irrelevance.

Note: This linter can be disabled with `set_option linter.style.haveILetI false`
warning: LogdetLean/GramHafnian/UltimateHiding/DenseScore/U08/H8H10CenteredL2FourthMomentTransport.lean:177:2: Try this: 
  letI̵

The goal is a proposition, so `let` is preferred over `letI`.
The difference between `let` and `letI` is that `letI` inlines the value.
But this is not relevant for proofs because of proof irrelevance.

Note: This linter can be disabled with `set_option linter.style.haveILetI false`
warning: LogdetLean/GramHafnian/UltimateHiding/DenseScore/U08/H8H10CenteredL2FourthMomentTransport.lean:199:2: Try this: 
  letI̵

The goal is a proposition, so `let` is preferred over `letI`.
The difference between `let` and `letI` is that `letI` inlines the value.
But this is not relevant for proofs because of proof irrelevance.

Note: This linter can be disabled with `set_option linter.style.haveILetI false`
warning: LogdetLean/GramHafnian/UltimateHiding/DenseScore/U08/H8H10CenteredL2FourthMomentTransport.lean:216:2: Try this: 
  letI̵

The goal is a proposition, so `let` is preferred over `letI`.
The difference between `let` and `letI` is that `letI` inlines the value.
But this is not relevant for proofs because of proof irrelevance.

Note: This linter can be disabled with `set_option linter.style.haveILetI false`
warning: LogdetLean/GramHafnian/UltimateHiding/DenseScore/U08/H8H10CenteredL2FourthMomentTransport.lean:232:2: Try this: 
  letI̵

The goal is a proposition, so `let` is preferred over `letI`.
The difference between `let` and `letI` is that `letI` inlines the value.
But this is not relevant for proofs because of proof irrelevance.

Note: This linter can be disabled with `set_option linter.style.haveILetI false`
warning: LogdetLean/GramHafnian/UltimateHiding/DenseScore/U08/H8H10CenteredL2FourthMomentTransport.lean:245:2: Try this: 
  letI̵

The goal is a proposition, so `let` is preferred over `letI`.
The difference between `let` and `letI` is that `letI` inlines the value.
But this is not relevant for proofs because of proof irrelevance.

Note: This linter can be disabled with `set_option linter.style.haveILetI false`
warning: LogdetLean/GramHafnian/UltimateHiding/DenseScore/U08/H8H10CenteredL2FourthMomentTransport.lean:332:2: Try this: 
  letI̵

The goal is a proposition, so `let` is preferred over `letI`.
The difference between `let` and `letI` is that `letI` inlines the value.
But this is not relevant for proofs because of proof irrelevance.

Note: This linter can be disabled with `set_option linter.style.haveILetI false`
warning: LogdetLean/GramHafnian/UltimateHiding/DenseScore/U08/H8H10CenteredL2FourthMomentTransport.lean:397:2: Try this: 
  letI̵

The goal is a proposition, so `let` is preferred over `letI`.
The difference between `let` and `letI` is that `letI` inlines the value.
But this is not relevant for proofs because of proof irrelevance.

Note: This linter can be disabled with `set_option linter.style.haveILetI false`
warning: LogdetLean/GramHafnian/UltimateHiding/DenseScore/U08/H8H10CenteredL2FourthMomentTransport.lean:462:2: Try this: 
  letI̵

The goal is a proposition, so `let` is preferred over `letI`.
The difference between `let` and `letI` is that `letI` inlines the value.
But this is not relevant for proofs because of proof irrelevance.

Note: This linter can be disabled with `set_option linter.style.haveILetI false`
warning: LogdetLean/GramHafnian/UltimateHiding/DenseScore/U08/H8H10CenteredL2FourthMomentTransport.lean:532:2: Try this: 
  letI̵

The goal is a proposition, so `let` is preferred over `letI`.
The difference between `let` and `letI` is that `letI` inlines the value.
But this is not relevant for proofs because of proof irrelevance.

Note: This linter can be disabled with `set_option linter.style.haveILetI false`
⚠ [9404/9585] Built LogdetLean.GramHafnian.UltimateHiding.DenseScore.U08.H9ExactEndpointSteinProof (8.4s)
warning: LogdetLean/GramHafnian/UltimateHiding/DenseScore/U08/H9ExactEndpointSteinProof.lean:50:2: Try this: 
  letI̵

The goal is a proposition, so `let` is preferred over `letI`.
The difference between `let` and `letI` is that `letI` inlines the value.
But this is not relevant for proofs because of proof irrelevance.

Note: This linter can be disabled with `set_option linter.style.haveILetI false`
warning: LogdetLean/GramHafnian/UltimateHiding/DenseScore/U08/H9ExactEndpointSteinProof.lean:52:2: Try this: 
  letI̵

The goal is a proposition, so `let` is preferred over `letI`.
The difference between `let` and `letI` is that `letI` inlines the value.
But this is not relevant for proofs because of proof irrelevance.

Note: This linter can be disabled with `set_option linter.style.haveILetI false`
✔ [9405/9585] Built LogdetLean.GramHafnian.UltimateHiding.DenseScore.Conditional.H16EuclideanCoordinateCore (8.8s)
✔ [9406/9585] Built LogdetLean.GramHafnian.UltimateHiding.DenseScore.Conditional.H16DeterminantAnalyticCurve (9.9s)
ℹ [9407/9585] Built LogdetLean.GramHafnian.UltimateHiding.DenseScore.U08.H8H10_MixedTraceSteinContractions (15s)
info: LogdetLean/GramHafnian/UltimateHiding/DenseScore/U08/H8H10_MixedTraceSteinContractions.lean:343:6: Try this:
  [apply] ring_nf
  
  The `ring` tactic failed to close the goal. Use `ring_nf` to obtain a normal form.
    
  Note that `ring` works primarily in *commutative* rings. If you have a noncommutative ring, abelian group or module, consider using `noncomm_ring`, `abel` or `module` instead.
info: LogdetLean/GramHafnian/UltimateHiding/DenseScore/U08/H8H10_MixedTraceSteinContractions.lean:802:6: Try this:
  [apply] ring_nf
  
  The `ring` tactic failed to close the goal. Use `ring_nf` to obtain a normal form.
    
  Note that `ring` works primarily in *commutative* rings. If you have a noncommutative ring, abelian group or module, consider using `noncomm_ring`, `abel` or `module` instead.
info: LogdetLean/GramHafnian/UltimateHiding/DenseScore/U08/H8H10_MixedTraceSteinContractions.lean:1240:6: Try this:
  [apply] ring_nf
  
  The `ring` tactic failed to close the goal. Use `ring_nf` to obtain a normal form.
    
  Note that `ring` works primarily in *commutative* rings. If you have a noncommutative ring, abelian group or module, consider using `noncomm_ring`, `abel` or `module` instead.
⚠ [9408/9585] Built LogdetLean.GramHafnian.UltimateHiding.DenseScore.MatsumotoWishartPushforward (7.0s)
warning: LogdetLean/GramHafnian/UltimateHiding/DenseScore/MatsumotoWishartPushforward.lean:89:2: Try this: 
  letI̵

The goal is a proposition, so `let` is preferred over `letI`.
The difference between `let` and `letI` is that `letI` inlines the value.
But this is not relevant for proofs because of proof irrelevance.

Note: This linter can be disabled with `set_option linter.style.haveILetI false`
warning: LogdetLean/GramHafnian/UltimateHiding/DenseScore/MatsumotoWishartPushforward.lean:91:2: Try this: 
  letI̵

The goal is a proposition, so `let` is preferred over `letI`.
The difference between `let` and `letI` is that `letI` inlines the value.
But this is not relevant for proofs because of proof irrelevance.

Note: This linter can be disabled with `set_option linter.style.haveILetI false`
warning: LogdetLean/GramHafnian/UltimateHiding/DenseScore/MatsumotoWishartPushforward.lean:168:12: Try this: 
  letI̵

The goal is a proposition, so `let` is preferred over `letI`.
The difference between `let` and `letI` is that `letI` inlines the value.
But this is not relevant for proofs because of proof irrelevance.

Note: This linter can be disabled with `set_option linter.style.haveILetI false`
info: LogdetLean/GramHafnian/UltimateHiding/DenseScore/MatsumotoWishartPushforward.lean:198:0: 'LogdetLean.GramHafnian.UltimateHiding.DenseScore.realWishartGram_posDef_of_isUnit_det' depends on axioms: [propext,
 Classical.choice,
 Quot.sound]
info: LogdetLean/GramHafnian/UltimateHiding/DenseScore/MatsumotoWishartPushforward.lean:199:0: 'LogdetLean.GramHafnian.UltimateHiding.DenseScore.measurable_halfGaussianGramPosDefLift' depends on axioms: [propext,
 Classical.choice,
 Quot.sound]
info: LogdetLean/GramHafnian/UltimateHiding/DenseScore/MatsumotoWishartPushforward.lean:200:0: 'LogdetLean.GramHafnian.UltimateHiding.DenseScore.halfGaussianGramPosDefLift_eq_gram_ae' depends on axioms: [propext,
 Classical.choice,
 Quot.sound]
info: LogdetLean/GramHafnian/UltimateHiding/DenseScore/MatsumotoWishartPushforward.lean:201:0: 'LogdetLean.GramHafnian.UltimateHiding.DenseScore.halfGaussianMatsumotoWishartPushforward_of_determinantLaplace' depends on axioms: [propext,
 Classical.choice,
 Quot.sound]
ℹ [9409/9585] Built LogdetLean.GramHafnian.ThreePaper.Verification.HidingExternalInputsPaperFacing (9.9s)
info: LogdetLean/GramHafnian/ThreePaper/Verification/HidingExternalInputsPaperFacing.lean:465:0: 'LogdetLean.GramHafnian.ThreePaper.Verification.eq_external_A1' depends on axioms: [propext,
 Classical.choice,
 Quot.sound,
 FriedmanMelloA1.matrixLaw_external]
info: LogdetLean/GramHafnian/ThreePaper/Verification/HidingExternalInputsPaperFacing.lean:466:0: 'LogdetLean.GramHafnian.ThreePaper.Verification.eq_external_A1_dictionary' depends on axioms: [propext,
 Classical.choice,
 Quot.sound,
 FriedmanMelloA1.matrixLaw_external]
info: LogdetLean/GramHafnian/ThreePaper/Verification/HidingExternalInputsPaperFacing.lean:467:0: 'LogdetLean.GramHafnian.ThreePaper.Verification.eq_external_A2prime' depends on axioms: [propext,
 Classical.choice,
 Quot.sound,
 A2Prime_complexSymmetricTakagiWeyl_symmetricIntegration]
info: LogdetLean/GramHafnian/ThreePaper/Verification/HidingExternalInputsPaperFacing.lean:468:0: 'LogdetLean.GramHafnian.ThreePaper.Verification.eq_external_A3_jacobi' depends on axioms: [propext,
 Classical.choice,
 Quot.sound]
info: LogdetLean/GramHafnian/ThreePaper/Verification/HidingExternalInputsPaperFacing.lean:469:0: 'LogdetLean.GramHafnian.ThreePaper.Verification.eq_external_A3_symmetric_test' depends on axioms: [propext,
 Classical.choice,
 Quot.sound,
 A3_edelmanSutton_proposition_1_2]
info: LogdetLean/GramHafnian/ThreePaper/Verification/HidingExternalInputsPaperFacing.lean:470:0: 'LogdetLean.GramHafnian.ThreePaper.Verification.eq_external_A3_dictionary' depends on axioms: [propext,
 Classical.choice,
 Quot.sound]
info: LogdetLean/GramHafnian/ThreePaper/Verification/HidingExternalInputsPaperFacing.lean:471:0: 'LogdetLean.GramHafnian.ThreePaper.Verification.eq_external_A4_gap' depends on axioms: [propext,
 Classical.choice,
 Quot.sound]
info: LogdetLean/GramHafnian/ThreePaper/Verification/HidingExternalInputsPaperFacing.lean:472:0: 'LogdetLean.GramHafnian.ThreePaper.Verification.eq_external_A4_Tg' depends on axioms: [propext,
 Classical.choice,
 Quot.sound]
info: LogdetLean/GramHafnian/ThreePaper/Verification/HidingExternalInputsPaperFacing.lean:473:0: 'LogdetLean.GramHafnian.ThreePaper.Verification.eq_external_A4_direct' depends on axioms: [propext,
 Classical.choice,
 MatsumotoPaper.A4_matsumoto_theorem_3,
 Quot.sound]
info: LogdetLean/GramHafnian/ThreePaper/Verification/HidingExternalInputsPaperFacing.lean:474:0: 'LogdetLean.GramHafnian.ThreePaper.Verification.eq_external_A4_inverse' depends on axioms: [propext,
 Classical.choice,
 MatsumotoPaper.A4_matsumoto_theorem_3,
 Quot.sound]
info: LogdetLean/GramHafnian/ThreePaper/Verification/HidingExternalInputsPaperFacing.lean:475:0: 'LogdetLean.GramHafnian.ThreePaper.Verification.eq_external_A4_dictionary' depends on axioms: [propext,
 Classical.choice,
 Quot.sound]
info: LogdetLean/GramHafnian/ThreePaper/Verification/HidingExternalInputsPaperFacing.lean:476:0: 'LogdetLean.GramHafnian.ThreePaper.Verification.rectangularRNFormula_eq_strict' depends on axioms: [propext,
 Classical.choice,
 Quot.sound]
info: LogdetLean/GramHafnian/ThreePaper/Verification/HidingExternalInputsPaperFacing.lean:477:0: 'LogdetLean.GramHafnian.ThreePaper.Verification.jiangRealDensity_div_gaussian_eq_rectangularRNFormula' depends on axioms: [propext,
 Classical.choice,
 Quot.sound]
info: LogdetLean/GramHafnian/ThreePaper/Verification/HidingExternalInputsPaperFacing.lean:478:0: 'LogdetLean.GramHafnian.ThreePaper.Verification.eq_rectangular_rn_density_ae' depends on axioms: [propext,
 Classical.choice,
 Quot.sound]
✔ [9410/9585] Built LogdetLean.GramHafnian.UltimateHiding.DenseScore.Conditional.H18_U06ScientificInputs_Proof (7.1s)
✔ [9411/9585] Built LogdetLean.GramHafnian.UltimateHiding.DenseScore.Conditional.H16DeterminantLocalObligations (6.9s)
⚠ [9412/9585] Built LogdetLean.GramHafnian.UltimateHiding.DenseScore.U08.H9MomentRewire (7.2s)
warning: LogdetLean/GramHafnian/UltimateHiding/DenseScore/U08/H9MomentRewire.lean:35:2: Try this: 
  letI̵

The goal is a proposition, so `let` is preferred over `letI`.
The difference between `let` and `letI` is that `letI` inlines the value.
But this is not relevant for proofs because of proof irrelevance.

Note: This linter can be disabled with `set_option linter.style.haveILetI false`
warning: LogdetLean/GramHafnian/UltimateHiding/DenseScore/U08/H9MomentRewire.lean:72:2: Try this: 
  letI̵

The goal is a proposition, so `let` is preferred over `letI`.
The difference between `let` and `letI` is that `letI` inlines the value.
But this is not relevant for proofs because of proof irrelevance.

Note: This linter can be disabled with `set_option linter.style.haveILetI false`
warning: LogdetLean/GramHafnian/UltimateHiding/DenseScore/U08/H9MomentRewire.lean:93:2: Try this: 
  letI̵

The goal is a proposition, so `let` is preferred over `letI`.
The difference between `let` and `letI` is that `letI` inlines the value.
But this is not relevant for proofs because of proof irrelevance.

Note: This linter can be disabled with `set_option linter.style.haveILetI false`
warning: LogdetLean/GramHafnian/UltimateHiding/DenseScore/U08/H9MomentRewire.lean:132:2: Try this: 
  letI̵

The goal is a proposition, so `let` is preferred over `letI`.
The difference between `let` and `letI` is that `letI` inlines the value.
But this is not relevant for proofs because of proof irrelevance.

Note: This linter can be disabled with `set_option linter.style.haveILetI false`
warning: LogdetLean/GramHafnian/UltimateHiding/DenseScore/U08/H9MomentRewire.lean:141:2: Try this: 
  letI̵

The goal is a proposition, so `let` is preferred over `letI`.
The difference between `let` and `letI` is that `letI` inlines the value.
But this is not relevant for proofs because of proof irrelevance.

Note: This linter can be disabled with `set_option linter.style.haveILetI false`
⚠ [9413/9585] Built LogdetLean.GramHafnian.UltimateHiding.DenseScore.Conditional.H16A5GapBoundaryVanishing (6.8s)
warning: LogdetLean/GramHafnian/UltimateHiding/DenseScore/Conditional/H16A5GapBoundaryVanishing.lean:103:4: Try this: 
  letI̵

The goal is a proposition, so `let` is preferred over `letI`.
The difference between `let` and `letI` is that `letI` inlines the value.
But this is not relevant for proofs because of proof irrelevance.

Note: This linter can be disabled with `set_option linter.style.haveILetI false`
✔ [9414/9585] Built LogdetLean.GramHafnian.UltimateHiding.DenseScore.Conditional.H16AnalyticCriticalSet (6.2s)
⚠ [9415/9585] Built LogdetLean.GramHafnian.UltimateHiding.DenseScore.U08.H8H10_ExactTraceRecurrenceAdapter (8.4s)
warning: LogdetLean/GramHafnian/UltimateHiding/DenseScore/U08/H8H10_ExactTraceRecurrenceAdapter.lean:303:6: try 'simp' instead of 'simpa'

Note: This linter can be disabled with `set_option linter.unnecessarySimpa false`
✔ [9416/9585] Built LogdetLean.GramHafnian.UltimateHiding.DenseScore.MatsumotoA4IntegrabilityClosure (6.7s)
✔ [9417/9585] Built LogdetLean.GramHafnian.UltimateHiding.DenseScore.MatsumotoDeterminantLaplace (7.0s)
✔ [9418/9585] Built LogdetLean.GramHafnian.UltimateHiding.DenseScore.Conditional.H17_U06ScientificInputs_Proof (6.9s)
✔ [9419/9585] Built LogdetLean.GramHafnian.UltimateHiding.DenseScore.Conditional.H16DeterminantLocalJointMeasurability (7.5s)
⚠ [9420/9585] Built LogdetLean.GramHafnian.UltimateHiding.DenseScore.ClassicalCenteredBasicDerived (6.7s)
warning: LogdetLean/GramHafnian/UltimateHiding/DenseScore/ClassicalCenteredBasicDerived.lean:119:2: Try this: 
  letI̵

The goal is a proposition, so `let` is preferred over `letI`.
The difference between `let` and `letI` is that `letI` inlines the value.
But this is not relevant for proofs because of proof irrelevance.

Note: This linter can be disabled with `set_option linter.style.haveILetI false`
warning: LogdetLean/GramHafnian/UltimateHiding/DenseScore/ClassicalCenteredBasicDerived.lean:129:2: Try this: 
  letI̵

The goal is a proposition, so `let` is preferred over `letI`.
The difference between `let` and `letI` is that `letI` inlines the value.
But this is not relevant for proofs because of proof irrelevance.

Note: This linter can be disabled with `set_option linter.style.haveILetI false`
warning: LogdetLean/GramHafnian/UltimateHiding/DenseScore/ClassicalCenteredBasicDerived.lean:164:2: Try this: 
  letI̵

The goal is a proposition, so `let` is preferred over `letI`.
The difference between `let` and `letI` is that `letI` inlines the value.
But this is not relevant for proofs because of proof irrelevance.

Note: This linter can be disabled with `set_option linter.style.haveILetI false`
warning: LogdetLean/GramHafnian/UltimateHiding/DenseScore/ClassicalCenteredBasicDerived.lean:176:2: Try this: 
  letI̵

The goal is a proposition, so `let` is preferred over `letI`.
The difference between `let` and `letI` is that `letI` inlines the value.
But this is not relevant for proofs because of proof irrelevance.

Note: This linter can be disabled with `set_option linter.style.haveILetI false`
✔ [9421/9585] Built LogdetLean.GramHafnian.UltimateHiding.DenseScore.MatsumotoA4InternalClosure (6.3s)
✔ [9422/9585] Built LogdetLean.GramHafnian.UltimateHiding.DenseScore.Conditional.H17H18_A1ScientificInputs_Proof (6.0s)
✔ [9423/9585] Built LogdetLean.GramHafnian.UltimateHiding.DenseScore.Conditional.H16FourthJetRadialBound (6.0s)
✔ [9424/9585] Built LogdetLean.GramHafnian.UltimateHiding.DenseScore.Conditional.H16DeterminantLocalLowerJetContinuity (5.5s)
✔ [9425/9585] Built LogdetLean.GramHafnian.UltimateHiding.DenseScore.Conditional.H16DirectLowerPointwiseDerivative (7.8s)
⚠ [9426/9585] Built LogdetLean.GramHafnian.UltimateHiding.DenseScore.Conditional.H16LowerScoreProductIntegrability (8.1s)
warning: LogdetLean/GramHafnian/UltimateHiding/DenseScore/Conditional/H16LowerScoreProductIntegrability.lean:76:2: Try this: 
  letI̵

The goal is a proposition, so `let` is preferred over `letI`.
The difference between `let` and `letI` is that `letI` inlines the value.
But this is not relevant for proofs because of proof irrelevance.

Note: This linter can be disabled with `set_option linter.style.haveILetI false`
warning: LogdetLean/GramHafnian/UltimateHiding/DenseScore/Conditional/H16LowerScoreProductIntegrability.lean:78:2: Try this: 
  letI̵

The goal is a proposition, so `let` is preferred over `letI`.
The difference between `let` and `letI` is that `letI` inlines the value.
But this is not relevant for proofs because of proof irrelevance.

Note: This linter can be disabled with `set_option linter.style.haveILetI false`
warning: LogdetLean/GramHafnian/UltimateHiding/DenseScore/Conditional/H16LowerScoreProductIntegrability.lean:205:15: This simp argument is unused:
  NNReal.smul_def

Hint: Omit it from the simp argument list.
  [apply] simp only [h16COECoordinateProbabilityWeight_coe_real, smul_eq_mul]

Note: This linter can be disabled with `set_option linter.unusedSimpArgs false`
warning: LogdetLean/GramHafnian/UltimateHiding/DenseScore/Conditional/H16LowerScoreProductIntegrability.lean:288:2: Try this: 
  letI̵

The goal is a proposition, so `let` is preferred over `letI`.
The difference between `let` and `letI` is that `letI` inlines the value.
But this is not relevant for proofs because of proof irrelevance.

Note: This linter can be disabled with `set_option linter.style.haveILetI false`
warning: LogdetLean/GramHafnian/UltimateHiding/DenseScore/Conditional/H16LowerScoreProductIntegrability.lean:290:2: Try this: 
  letI̵

The goal is a proposition, so `let` is preferred over `letI`.
The difference between `let` and `letI` is that `letI` inlines the value.
But this is not relevant for proofs because of proof irrelevance.

Note: This linter can be disabled with `set_option linter.style.haveILetI false`
⚠ [9427/9585] Built LogdetLean.GramHafnian.UltimateHiding.DenseScore.Conditional.H16DirectL1WeakGenerator (8.3s)
warning: LogdetLean/GramHafnian/UltimateHiding/DenseScore/Conditional/H16DirectL1WeakGenerator.lean:168:2: Try this: 
  letI̵

The goal is a proposition, so `let` is preferred over `letI`.
The difference between `let` and `letI` is that `letI` inlines the value.
But this is not relevant for proofs because of proof irrelevance.

Note: This linter can be disabled with `set_option linter.style.haveILetI false`
✔ [9428/9585] Built LogdetLean.GramHafnian.UltimateHiding.DenseScore.CenteredScoreFubiniThirdExternal (5.7s)
✔ [9429/9585] Built LogdetLean.GramHafnian.UltimateHiding.DenseScore.Conditional.H16LowerJetLocalEnvelope (6.8s)
✔ [9430/9585] Built LogdetLean.GramHafnian.UltimateHiding.DenseScore.Conditional.H16DirectLowerPointwiseDerivativeChain (6.5s)
⚠ [9431/9585] Built LogdetLean.GramHafnian.UltimateHiding.DenseScore.U08.H14_FiniteGaussianFourthWickFormulaClosure (80s)
warning: LogdetLean/GramHafnian/UltimateHiding/DenseScore/U08/H14_FiniteGaussianFourthWickFormulaClosure.lean:147:4: try 'simp' instead of 'simpa'

Note: This linter can be disabled with `set_option linter.unnecessarySimpa false`
info: LogdetLean/GramHafnian/UltimateHiding/DenseScore/U08/H14_FiniteGaussianFourthWickFormulaClosure.lean:750:4: Try this:
  [apply] ring_nf
  
  The `ring` tactic failed to close the goal. Use `ring_nf` to obtain a normal form.
    
  Note that `ring` works primarily in *commutative* rings. If you have a noncommutative ring, abelian group or module, consider using `noncomm_ring`, `abel` or `module` instead.
✔ [9432/9585] Built LogdetLean.GramHafnian.UltimateHiding.DenseScore.H11_DensityFourthIntegrabilityFromH16 (6.2s)
⚠ [9433/9585] Built LogdetLean.GramHafnian.UltimateHiding.DenseScore.Conditional.H16DirectFourthPointwiseDerivative (6.5s)
warning: LogdetLean/GramHafnian/UltimateHiding/DenseScore/Conditional/H16DirectFourthPointwiseDerivative.lean:70:24: try 'simp' instead of 'simpa'

Note: This linter can be disabled with `set_option linter.unnecessarySimpa false`
warning: LogdetLean/GramHafnian/UltimateHiding/DenseScore/Conditional/H16DirectFourthPointwiseDerivative.lean:201:33: `Set.setOf_mem_eq` has been deprecated: Use `Set.ofPred_mem_eq` instead
⚠ [9434/9585] Built LogdetLean.GramHafnian.UltimateHiding.DenseScore.Conditional.H16DirectLowerL1DerivativeChain (7.3s)
warning: LogdetLean/GramHafnian/UltimateHiding/DenseScore/Conditional/H16DirectLowerL1DerivativeChain.lean:66:20: Used `tac1 <;> tac2` where `(tac1; tac2)` would suffice

Note: This linter can be disabled with `set_option linter.unnecessarySeqFocus false`
warning: LogdetLean/GramHafnian/UltimateHiding/DenseScore/Conditional/H16DirectLowerL1DerivativeChain.lean:151:29: This simp argument is unused:
  smul_eq_mul

Hint: Omit it from the simp argument list.
  [apply] simp [Pi.smul_apply]

Note: This linter can be disabled with `set_option linter.unusedSimpArgs false`
✔ [9435/9585] Built LogdetLean.GramHafnian.UltimateHiding.DenseScore.U08.H8H10_ExactCenteredVarianceReduction (5.8s)
⚠ [9436/9585] Built LogdetLean.GramHafnian.UltimateHiding.DenseScore.H12_ExactMomentClosureA4 (7.3s)
warning: LogdetLean/GramHafnian/UltimateHiding/DenseScore/H12_ExactMomentClosureA4.lean:106:15: Variable name `hN` is not explicitly referenced.

Hint: The binding can be removed (if unused) or named `_` (if used implicitly). Alternatively, prefix the name with `_` to silence this warning:
  [apply] _hN

Note: This linter can be disabled with `set_option linter.unusedVariables false`
warning: LogdetLean/GramHafnian/UltimateHiding/DenseScore/H12_ExactMomentClosureA4.lean:162:29: This simp argument is unused:
  zero_mul

Hint: Omit it from the simp argument list.
  [apply] simp only [Complex.sub_re, Complex.mul_re, Complex.ofReal_re, Complex.ofReal_im, htim, mul_zero, sub_zero,
    add_zero]

Note: This linter can be disabled with `set_option linter.unusedSimpArgs false`
warning: LogdetLean/GramHafnian/UltimateHiding/DenseScore/H12_ExactMomentClosureA4.lean:162:59: This simp argument is unused:
  add_zero

Hint: Omit it from the simp argument list.
  [apply] simp only [Complex.sub_re, Complex.mul_re, Complex.ofReal_re, Complex.ofReal_im, htim, zero_mul, mul_zero,
    sub_zero]

Note: This linter can be disabled with `set_option linter.unusedSimpArgs false`
warning: LogdetLean/GramHafnian/UltimateHiding/DenseScore/H12_ExactMomentClosureA4.lean:252:20: This simp argument is unused:
  Complex.mul_re

Hint: Omit it from the simp argument list.
  [apply] simp [pow_succ, him]

Note: This linter can be disabled with `set_option linter.unusedSimpArgs false`
✔ [9437/9585] Built LogdetLean.GramHafnian.UltimateHiding.DenseScore.Conditional.H16FourthSecantVitaliReduction (5.7s)
✔ [9438/9585] Built LogdetLean.GramHafnian.UltimateHiding.DenseScore.U08.H8H10_ExactCenteredVarianceClosure (6.4s)
⚠ [9439/9585] Built LogdetLean.GramHafnian.UltimateHiding.DenseScore.H12_ExactMomentEndpointA4 (6.8s)
warning: LogdetLean/GramHafnian/UltimateHiding/DenseScore/H12_ExactMomentEndpointA4.lean:59:18: This simp argument is unused:
  Matrix.smul_mul

Hint: Omit it from the simp argument list.
  [apply] simp [pow_succ, Matrix.mul_smul, Matrix.trace_smul, smul_smul, Complex.mul_re]

Note: This linter can be disabled with `set_option linter.unusedSimpArgs false`
warning: LogdetLean/GramHafnian/UltimateHiding/DenseScore/H12_ExactMomentEndpointA4.lean:59:35: This simp argument is unused:
  Matrix.mul_smul

Hint: Omit it from the simp argument list.
  [apply] simp [pow_succ, Matrix.smul_mul, Matrix.trace_smul, smul_smul, Complex.mul_re]

Note: This linter can be disabled with `set_option linter.unusedSimpArgs false`
warning: LogdetLean/GramHafnian/UltimateHiding/DenseScore/H12_ExactMomentEndpointA4.lean:486:2: Try this: 
  letI̵

The goal is a proposition, so `let` is preferred over `letI`.
The difference between `let` and `letI` is that `letI` inlines the value.
But this is not relevant for proofs because of proof irrelevance.

Note: This linter can be disabled with `set_option linter.style.haveILetI false`
warning: LogdetLean/GramHafnian/UltimateHiding/DenseScore/H12_ExactMomentEndpointA4.lean:488:2: Try this: 
  letI̵

The goal is a proposition, so `let` is preferred over `letI`.
The difference between `let` and `letI` is that `letI` inlines the value.
But this is not relevant for proofs because of proof irrelevance.

Note: This linter can be disabled with `set_option linter.style.haveILetI false`
✔ [9440/9585] Built LogdetLean.GramHafnian.UltimateHiding.DenseScore.Conditional.H16FourthSecantL1VanishingReduction (6.9s)
✔ [9441/9585] Built LogdetLean.GramHafnian.UltimateHiding.DenseScore.U08.H8H10MomentRewire (6.4s)
✔ [9442/9585] Built LogdetLean.GramHafnian.UltimateHiding.DenseScore.U08.H12_RawFourthExactRecurrenceBound (6.7s)
⚠ [9443/9585] Built LogdetLean.GramHafnian.UltimateHiding.DenseScore.CenteredLogScoreOneSquareTwoDerived (11s)
warning: LogdetLean/GramHafnian/UltimateHiding/DenseScore/CenteredLogScoreOneSquareTwoDerived.lean:61:8: automatically included section variable(s) unused in theorem `_private.LogdetLean.GramHafnian.UltimateHiding.DenseScore.CenteredLogScoreOneSquareTwoDerived.0.LogdetLean.GramHafnian.UltimateHiding.DenseScore.derivApprox_eq_deriv`:
  [MeasurableSpace X]
consider restructuring your `variable` declarations so that the variables are not in scope or explicitly omit them:
  omit [MeasurableSpace X] in theorem ...

Note: This linter can be disabled with `set_option linter.unusedSectionVars false`
✔ [9444/9585] Built LogdetLean.GramHafnian.UltimateHiding.DenseScore.Conditional.H16FourthSecantL1VanishingH17H18Reduction (7.6s)
✔ [9445/9585] Built LogdetLean.GramHafnian.UltimateHiding.DenseScore.U08.Sharp34H8H10VarianceBounds (15s)
✔ [9446/9585] Built LogdetLean.GramHafnian.UltimateHiding.DenseScore.Conditional.H16SupportedRpowFTC (9.5s)
⚠ [9447/9585] Built LogdetLean.GramHafnian.UltimateHiding.DenseScore.PositiveTraceMomentInternal (9.1s)
warning: LogdetLean/GramHafnian/UltimateHiding/DenseScore/PositiveTraceMomentInternal.lean:180:18: This simp argument is unused:
  Matrix.smul_mul

Hint: Omit it from the simp argument list.
  [apply] simp [pow_succ, Matrix.mul_smul, Matrix.trace_smul, smul_smul, Complex.mul_re]

Note: This linter can be disabled with `set_option linter.unusedSimpArgs false`
warning: LogdetLean/GramHafnian/UltimateHiding/DenseScore/PositiveTraceMomentInternal.lean:180:35: This simp argument is unused:
  Matrix.mul_smul

Hint: Omit it from the simp argument list.
  [apply] simp [pow_succ, Matrix.smul_mul, Matrix.trace_smul, smul_smul, Complex.mul_re]

Note: This linter can be disabled with `set_option linter.unusedSimpArgs false`
warning: LogdetLean/GramHafnian/UltimateHiding/DenseScore/PositiveTraceMomentInternal.lean:189:18: This simp argument is unused:
  Matrix.smul_mul

Hint: Omit it from the simp argument list.
  [apply] simp [pow_succ, Matrix.mul_smul, Matrix.trace_smul, smul_smul, Complex.mul_re]

Note: This linter can be disabled with `set_option linter.unusedSimpArgs false`
warning: LogdetLean/GramHafnian/UltimateHiding/DenseScore/PositiveTraceMomentInternal.lean:189:35: This simp argument is unused:
  Matrix.mul_smul

Hint: Omit it from the simp argument list.
  [apply] simp [pow_succ, Matrix.smul_mul, Matrix.trace_smul, smul_smul, Complex.mul_re]

Note: This linter can be disabled with `set_option linter.unusedSimpArgs false`
warning: LogdetLean/GramHafnian/UltimateHiding/DenseScore/PositiveTraceMomentInternal.lean:267:2: Try this: 
  letI̵

The goal is a proposition, so `let` is preferred over `letI`.
The difference between `let` and `letI` is that `letI` inlines the value.
But this is not relevant for proofs because of proof irrelevance.

Note: This linter can be disabled with `set_option linter.style.haveILetI false`
warning: LogdetLean/GramHafnian/UltimateHiding/DenseScore/PositiveTraceMomentInternal.lean:370:48: This simp argument is unused:
  sub_zero

Hint: Omit it from the simp argument list.
  [apply] simp only [Complex.sub_im, Complex.mul_im, Complex.ofReal_re, Complex.ofReal_im, zero_mul, hpair, htrace]

Note: This linter can be disabled with `set_option linter.unusedSimpArgs false`
warning: LogdetLean/GramHafnian/UltimateHiding/DenseScore/PositiveTraceMomentInternal.lean:444:39: This simp argument is unused:
  hYtwo'

Hint: Omit it from the simp argument list.
  [apply] simp only [Complex.mul_re, Complex.sub_re, Complex.ofReal_re, Complex.ofReal_im, hYone', h4re, h4im, zero_mul,
    mul_zero, sub_zero]

Note: This linter can be disabled with `set_option linter.unusedSimpArgs false`
warning: LogdetLean/GramHafnian/UltimateHiding/DenseScore/PositiveTraceMomentInternal.lean:466:4: Try this: 
  letI̵

The goal is a proposition, so `let` is preferred over `letI`.
The difference between `let` and `letI` is that `letI` inlines the value.
But this is not relevant for proofs because of proof irrelevance.

Note: This linter can be disabled with `set_option linter.style.haveILetI false`
warning: LogdetLean/GramHafnian/UltimateHiding/DenseScore/PositiveTraceMomentInternal.lean:465:2: Try this: 
  letI̵

The goal is a proposition, so `let` is preferred over `letI`.
The difference between `let` and `letI` is that `letI` inlines the value.
But this is not relevant for proofs because of proof irrelevance.

Note: This linter can be disabled with `set_option linter.style.haveILetI false`
warning: LogdetLean/GramHafnian/UltimateHiding/DenseScore/PositiveTraceMomentInternal.lean:474:2: Try this: 
  letI̵

The goal is a proposition, so `let` is preferred over `letI`.
The difference between `let` and `letI` is that `letI` inlines the value.
But this is not relevant for proofs because of proof irrelevance.

Note: This linter can be disabled with `set_option linter.style.haveILetI false`
warning: LogdetLean/GramHafnian/UltimateHiding/DenseScore/PositiveTraceMomentInternal.lean:539:2: Try this: 
  letI̵

The goal is a proposition, so `let` is preferred over `letI`.
The difference between `let` and `letI` is that `letI` inlines the value.
But this is not relevant for proofs because of proof irrelevance.

Note: This linter can be disabled with `set_option linter.style.haveILetI false`
warning: LogdetLean/GramHafnian/UltimateHiding/DenseScore/PositiveTraceMomentInternal.lean:641:4: Try this: 
  letI̵

The goal is a proposition, so `let` is preferred over `letI`.
The difference between `let` and `letI` is that `letI` inlines the value.
But this is not relevant for proofs because of proof irrelevance.

Note: This linter can be disabled with `set_option linter.style.haveILetI false`
warning: LogdetLean/GramHafnian/UltimateHiding/DenseScore/PositiveTraceMomentInternal.lean:640:2: Try this: 
  letI̵

The goal is a proposition, so `let` is preferred over `letI`.
The difference between `let` and `letI` is that `letI` inlines the value.
But this is not relevant for proofs because of proof irrelevance.

Note: This linter can be disabled with `set_option linter.style.haveILetI false`
warning: LogdetLean/GramHafnian/UltimateHiding/DenseScore/PositiveTraceMomentInternal.lean:649:2: Try this: 
  letI̵

The goal is a proposition, so `let` is preferred over `letI`.
The difference between `let` and `letI` is that `letI` inlines the value.
But this is not relevant for proofs because of proof irrelevance.

Note: This linter can be disabled with `set_option linter.style.haveILetI false`
warning: LogdetLean/GramHafnian/UltimateHiding/DenseScore/PositiveTraceMomentInternal.lean:784:17: This simp argument is unused:
  NNReal.smul_def

Hint: Omit it from the simp argument list.
  [apply] simp only [ha, Real.nnnorm_of_nonneg]

Note: This linter can be disabled with `set_option linter.unusedSimpArgs false`
warning: LogdetLean/GramHafnian/UltimateHiding/DenseScore/PositiveTraceMomentInternal.lean:796:17: This simp argument is unused:
  NNReal.smul_def

Hint: Omit it from the simp argument list.
  [apply] simp only [hc, Real.nnnorm_of_nonneg]

Note: This linter can be disabled with `set_option linter.unusedSimpArgs false`
warning: LogdetLean/GramHafnian/UltimateHiding/DenseScore/PositiveTraceMomentInternal.lean:871:2: Try this: 
  letI̵

The goal is a proposition, so `let` is preferred over `letI`.
The difference between `let` and `letI` is that `letI` inlines the value.
But this is not relevant for proofs because of proof irrelevance.

Note: This linter can be disabled with `set_option linter.style.haveILetI false`
warning: LogdetLean/GramHafnian/UltimateHiding/DenseScore/PositiveTraceMomentInternal.lean:890:2: Try this: 
  letI̵

The goal is a proposition, so `let` is preferred over `letI`.
The difference between `let` and `letI` is that `letI` inlines the value.
But this is not relevant for proofs because of proof irrelevance.

Note: This linter can be disabled with `set_option linter.style.haveILetI false`
⚠ [9448/9585] Built LogdetLean.GramHafnian.UltimateHiding.DenseScore.H12_SharpProjectiveFourthBound (9.4s)
warning: LogdetLean/GramHafnian/UltimateHiding/DenseScore/H12_SharpProjectiveFourthBound.lean:98:20: This simp argument is unused:
  Complex.mul_re

Hint: Omit it from the simp argument list.
  [apply] simp [pow_succ, him]

Note: This linter can be disabled with `set_option linter.unusedSimpArgs false`
warning: LogdetLean/GramHafnian/UltimateHiding/DenseScore/H12_SharpProjectiveFourthBound.lean:182:18: This simp argument is unused:
  Matrix.smul_mul

Hint: Omit it from the simp argument list.
  [apply] simp [pow_succ, Matrix.mul_smul, Matrix.trace_smul, smul_smul, Complex.mul_re]

Note: This linter can be disabled with `set_option linter.unusedSimpArgs false`
warning: LogdetLean/GramHafnian/UltimateHiding/DenseScore/H12_SharpProjectiveFourthBound.lean:182:35: This simp argument is unused:
  Matrix.mul_smul

Hint: Omit it from the simp argument list.
  [apply] simp [pow_succ, Matrix.smul_mul, Matrix.trace_smul, smul_smul, Complex.mul_re]

Note: This linter can be disabled with `set_option linter.unusedSimpArgs false`
warning: LogdetLean/GramHafnian/UltimateHiding/DenseScore/H12_SharpProjectiveFourthBound.lean:476:2: Try this: 
  letI̵

The goal is a proposition, so `let` is preferred over `letI`.
The difference between `let` and `letI` is that `letI` inlines the value.
But this is not relevant for proofs because of proof irrelevance.

Note: This linter can be disabled with `set_option linter.style.haveILetI false`
warning: LogdetLean/GramHafnian/UltimateHiding/DenseScore/H12_SharpProjectiveFourthBound.lean:478:2: Try this: 
  letI̵

The goal is a proposition, so `let` is preferred over `letI`.
The difference between `let` and `letI` is that `letI` inlines the value.
But this is not relevant for proofs because of proof irrelevance.

Note: This linter can be disabled with `set_option linter.style.haveILetI false`
⚠ [9449/9585] Built LogdetLean.GramHafnian.UltimateHiding.DenseScore.H13_ThirdTraceKernelReduction (6.7s)
warning: LogdetLean/GramHafnian/UltimateHiding/DenseScore/H13_ThirdTraceKernelReduction.lean:142:6: Used `tac1 <;> tac2` where `(tac1; tac2)` would suffice

Note: This linter can be disabled with `set_option linter.unnecessarySeqFocus false`
⚠ [9450/9585] Built LogdetLean.GramHafnian.UltimateHiding.DenseScore.H11_FourthScoreSupportReduction (7.8s)
warning: LogdetLean/GramHafnian/UltimateHiding/DenseScore/H11_FourthScoreSupportReduction.lean:144:6: Used `tac1 <;> tac2` where `(tac1; tac2)` would suffice

Note: This linter can be disabled with `set_option linter.unnecessarySeqFocus false`
✔ [9451/9585] Built LogdetLean.GramHafnian.UltimateHiding.DenseScore.Conditional.H16AnalyticFiniteMonotonicityFTC (6.5s)
⚠ [9452/9585] Built LogdetLean.GramHafnian.UltimateHiding.DenseScore.UltraNGeTwoRawMomentBounds (7.8s)
warning: LogdetLean/GramHafnian/UltimateHiding/DenseScore/UltraNGeTwoRawMomentBounds.lean:276:2: Try this: 
  letI̵

The goal is a proposition, so `let` is preferred over `letI`.
The difference between `let` and `letI` is that `letI` inlines the value.
But this is not relevant for proofs because of proof irrelevance.

Note: This linter can be disabled with `set_option linter.style.haveILetI false`
warning: LogdetLean/GramHafnian/UltimateHiding/DenseScore/UltraNGeTwoRawMomentBounds.lean:289:2: Try this: 
  letI̵

The goal is a proposition, so `let` is preferred over `letI`.
The difference between `let` and `letI` is that `letI` inlines the value.
But this is not relevant for proofs because of proof irrelevance.

Note: This linter can be disabled with `set_option linter.style.haveILetI false`
warning: LogdetLean/GramHafnian/UltimateHiding/DenseScore/UltraNGeTwoRawMomentBounds.lean:348:2: Try this: 
  letI̵

The goal is a proposition, so `let` is preferred over `letI`.
The difference between `let` and `letI` is that `letI` inlines the value.
But this is not relevant for proofs because of proof irrelevance.

Note: This linter can be disabled with `set_option linter.style.haveILetI false`
warning: LogdetLean/GramHafnian/UltimateHiding/DenseScore/UltraNGeTwoRawMomentBounds.lean:386:2: Try this: 
  letI̵

The goal is a proposition, so `let` is preferred over `letI`.
The difference between `let` and `letI` is that `letI` inlines the value.
But this is not relevant for proofs because of proof irrelevance.

Note: This linter can be disabled with `set_option linter.style.haveILetI false`
warning: LogdetLean/GramHafnian/UltimateHiding/DenseScore/UltraNGeTwoRawMomentBounds.lean:391:2: Try this: 
  letI̵

The goal is a proposition, so `let` is preferred over `letI`.
The difference between `let` and `letI` is that `letI` inlines the value.
But this is not relevant for proofs because of proof irrelevance.

Note: This linter can be disabled with `set_option linter.style.haveILetI false`
warning: LogdetLean/GramHafnian/UltimateHiding/DenseScore/UltraNGeTwoRawMomentBounds.lean:403:2: Try this: 
  letI̵

The goal is a proposition, so `let` is preferred over `letI`.
The difference between `let` and `letI` is that `letI` inlines the value.
But this is not relevant for proofs because of proof irrelevance.

Note: This linter can be disabled with `set_option linter.style.haveILetI false`
warning: LogdetLean/GramHafnian/UltimateHiding/DenseScore/UltraNGeTwoRawMomentBounds.lean:456:2: Try this: 
  letI̵

The goal is a proposition, so `let` is preferred over `letI`.
The difference between `let` and `letI` is that `letI` inlines the value.
But this is not relevant for proofs because of proof irrelevance.

Note: This linter can be disabled with `set_option linter.style.haveILetI false`
warning: LogdetLean/GramHafnian/UltimateHiding/DenseScore/UltraNGeTwoRawMomentBounds.lean:530:2: Try this: 
  letI̵

The goal is a proposition, so `let` is preferred over `letI`.
The difference between `let` and `letI` is that `letI` inlines the value.
But this is not relevant for proofs because of proof irrelevance.

Note: This linter can be disabled with `set_option linter.style.haveILetI false`
warning: LogdetLean/GramHafnian/UltimateHiding/DenseScore/UltraNGeTwoRawMomentBounds.lean:575:2: Try this: 
  letI̵

The goal is a proposition, so `let` is preferred over `letI`.
The difference between `let` and `letI` is that `letI` inlines the value.
But this is not relevant for proofs because of proof irrelevance.

Note: This linter can be disabled with `set_option linter.style.haveILetI false`
⚠ [9453/9585] Built LogdetLean.GramHafnian.UltimateHiding.DenseScore.H14_CenteredEllTwoProjectiveContraction (8.4s)
warning: LogdetLean/GramHafnian/UltimateHiding/DenseScore/H14_CenteredEllTwoProjectiveContraction.lean:178:29: This simp argument is unused:
  mul_assoc

Hint: Omit it from the simp argument list.
  [apply] simp only [Finset.mul_sum]

Note: This linter can be disabled with `set_option linter.unusedSimpArgs false`
warning: LogdetLean/GramHafnian/UltimateHiding/DenseScore/H14_CenteredEllTwoProjectiveContraction.lean:460:39: This simp argument is unused:
  smul_smul

Hint: Omit it from the simp argument list.
  [apply] simp only [Matrix.add_mul, Matrix.one_mul, Matrix.smul_mul, Matrix.mul_add, Matrix.mul_smul]

Note: This linter can be disabled with `set_option linter.unusedSimpArgs false`
warning: LogdetLean/GramHafnian/UltimateHiding/DenseScore/H14_CenteredEllTwoProjectiveContraction.lean:469:49: This simp argument is unused:
  Matrix.mul_one

Hint: Omit it from the simp argument list.
  [apply] simp only [Matrix.sub_mul, Matrix.mul_sub, Matrix.one_mul, Matrix.smul_mul, Matrix.mul_smul, smul_smul,
    Matrix.mul_assoc]

Note: This linter can be disabled with `set_option linter.unusedSimpArgs false`
warning: LogdetLean/GramHafnian/UltimateHiding/DenseScore/H14_CenteredEllTwoProjectiveContraction.lean:470:58: This simp argument is unused:
  smul_smul

Hint: Omit it from the simp argument list.
  [apply] simp only [Matrix.sub_mul, Matrix.mul_sub, Matrix.mul_one, Matrix.one_mul, Matrix.smul_mul, Matrix.mul_smul,
    Matrix.mul_assoc]

Note: This linter can be disabled with `set_option linter.unusedSimpArgs false`
warning: LogdetLean/GramHafnian/UltimateHiding/DenseScore/H14_CenteredEllTwoProjectiveContraction.lean:480:47: This simp argument is unused:
  Matrix.mul_one

Hint: Omit it from the simp argument list.
  [apply] simp only [Matrix.sub_mul, Matrix.mul_sub, Matrix.one_mul, Matrix.smul_mul, Matrix.mul_smul, smul_smul,
    Matrix.mul_assoc]

Note: This linter can be disabled with `set_option linter.unusedSimpArgs false`
warning: LogdetLean/GramHafnian/UltimateHiding/DenseScore/H14_CenteredEllTwoProjectiveContraction.lean:481:56: This simp argument is unused:
  smul_smul

Hint: Omit it from the simp argument list.
  [apply] simp only [Matrix.sub_mul, Matrix.mul_sub, Matrix.mul_one, Matrix.one_mul, Matrix.smul_mul, Matrix.mul_smul,
    Matrix.mul_assoc]

Note: This linter can be disabled with `set_option linter.unusedSimpArgs false`
warning: LogdetLean/GramHafnian/UltimateHiding/DenseScore/H14_CenteredEllTwoProjectiveContraction.lean:482:6: This simp argument is unused:
  Matrix.mul_assoc

Hint: Omit it from the simp argument list.
  [apply] simp only [Matrix.sub_mul, Matrix.mul_sub, Matrix.mul_one, Matrix.one_mul, Matrix.smul_mul, Matrix.mul_smul,
    smul_smul]

Note: This linter can be disabled with `set_option linter.unusedSimpArgs false`
warning: LogdetLean/GramHafnian/UltimateHiding/DenseScore/H14_CenteredEllTwoProjectiveContraction.lean:537:47: This simp argument is unused:
  Matrix.mul_one

Hint: Omit it from the simp argument list.
  [apply] simp only [Matrix.sub_mul, Matrix.mul_sub, Matrix.one_mul, Matrix.smul_mul, Matrix.mul_smul, smul_smul,
    Matrix.mul_assoc]

Note: This linter can be disabled with `set_option linter.unusedSimpArgs false`
warning: LogdetLean/GramHafnian/UltimateHiding/DenseScore/H14_CenteredEllTwoProjectiveContraction.lean:538:56: This simp argument is unused:
  smul_smul

Hint: Omit it from the simp argument list.
  [apply] simp only [Matrix.sub_mul, Matrix.mul_sub, Matrix.mul_one, Matrix.one_mul, Matrix.smul_mul, Matrix.mul_smul,
    Matrix.mul_assoc]

Note: This linter can be disabled with `set_option linter.unusedSimpArgs false`
warning: LogdetLean/GramHafnian/UltimateHiding/DenseScore/H14_CenteredEllTwoProjectiveContraction.lean:539:6: This simp argument is unused:
  Matrix.mul_assoc

Hint: Omit it from the simp argument list.
  [apply] simp only [Matrix.sub_mul, Matrix.mul_sub, Matrix.mul_one, Matrix.one_mul, Matrix.smul_mul, Matrix.mul_smul,
    smul_smul]

Note: This linter can be disabled with `set_option linter.unusedSimpArgs false`
warning: LogdetLean/GramHafnian/UltimateHiding/DenseScore/H14_CenteredEllTwoProjectiveContraction.lean:600:5: Variable name `hN` is not explicitly referenced.

Hint: The binding can be removed (if unused) or named `_` (if used implicitly). Alternatively, prefix the name with `_` to silence this warning:
  [apply] _hN

Note: This linter can be disabled with `set_option linter.unusedVariables false`
warning: LogdetLean/GramHafnian/UltimateHiding/DenseScore/H14_CenteredEllTwoProjectiveContraction.lean:600:18: Variable name `hgap` is not explicitly referenced.

Hint: The binding can be removed (if unused) or named `_` (if used implicitly). Alternatively, prefix the name with `_` to silence this warning:
  [apply] _hgap

Note: This linter can be disabled with `set_option linter.unusedVariables false`
warning: LogdetLean/GramHafnian/UltimateHiding/DenseScore/H14_CenteredEllTwoProjectiveContraction.lean:602:5: Variable name `hsymm` is not explicitly referenced.

Hint: The binding can be removed (if unused) or named `_` (if used implicitly). Alternatively, prefix the name with `_` to silence this warning:
  [apply] _hsymm

Note: This linter can be disabled with `set_option linter.unusedVariables false`
warning: LogdetLean/GramHafnian/UltimateHiding/DenseScore/H14_CenteredEllTwoProjectiveContraction.lean:603:5: Variable name `hsupport` is not explicitly referenced.

Hint: The binding can be removed (if unused) or named `_` (if used implicitly). Alternatively, prefix the name with `_` to silence this warning:
  [apply] _hsupport

Note: This linter can be disabled with `set_option linter.unusedVariables false`
warning: LogdetLean/GramHafnian/UltimateHiding/DenseScore/H14_CenteredEllTwoProjectiveContraction.lean:628:5: Variable name `hN` is not explicitly referenced.

Hint: The binding can be removed (if unused) or named `_` (if used implicitly). Alternatively, prefix the name with `_` to silence this warning:
  [apply] _hN

Note: This linter can be disabled with `set_option linter.unusedVariables false`
warning: LogdetLean/GramHafnian/UltimateHiding/DenseScore/H14_CenteredEllTwoProjectiveContraction.lean:628:18: Variable name `hgap` is not explicitly referenced.

Hint: The binding can be removed (if unused) or named `_` (if used implicitly). Alternatively, prefix the name with `_` to silence this warning:
  [apply] _hgap

Note: This linter can be disabled with `set_option linter.unusedVariables false`
warning: LogdetLean/GramHafnian/UltimateHiding/DenseScore/H14_CenteredEllTwoProjectiveContraction.lean:630:5: Variable name `hsymm` is not explicitly referenced.

Hint: The binding can be removed (if unused) or named `_` (if used implicitly). Alternatively, prefix the name with `_` to silence this warning:
  [apply] _hsymm

Note: This linter can be disabled with `set_option linter.unusedVariables false`
warning: LogdetLean/GramHafnian/UltimateHiding/DenseScore/H14_CenteredEllTwoProjectiveContraction.lean:631:5: Variable name `hsupport` is not explicitly referenced.

Hint: The binding can be removed (if unused) or named `_` (if used implicitly). Alternatively, prefix the name with `_` to silence this warning:
  [apply] _hsupport

Note: This linter can be disabled with `set_option linter.unusedVariables false`
info: LogdetLean/GramHafnian/UltimateHiding/DenseScore/H14_CenteredEllTwoProjectiveContraction.lean:747:0: 'LogdetLean.GramHafnian.UltimateHiding.DenseScore.complexCenteredRankOneProjection_eq_orbitalDirection_apply_h14' depends on axioms: [propext,
 Classical.choice,
 Quot.sound]
info: LogdetLean/GramHafnian/UltimateHiding/DenseScore/H14_CenteredEllTwoProjectiveContraction.lean:748:0: 'LogdetLean.GramHafnian.UltimateHiding.DenseScore.complexCenteredProjectiveSandwich_eq_trace_h14' depends on axioms: [propext,
 Classical.choice,
 Quot.sound]
info: LogdetLean/GramHafnian/UltimateHiding/DenseScore/H14_CenteredEllTwoProjectiveContraction.lean:749:0: 'LogdetLean.GramHafnian.UltimateHiding.DenseScore.complexCenteredProjectiveConjugateSandwich_eq_trace_h14' depends on axioms: [propext,
 Classical.choice,
 Quot.sound]
info: LogdetLean/GramHafnian/UltimateHiding/DenseScore/H14_CenteredEllTwoProjectiveContraction.lean:750:0: 'LogdetLean.GramHafnian.UltimateHiding.DenseScore.complexRankOneProjection_mul_mul_eq_tracePair_smul_h14' depends on axioms: [propext,
 Classical.choice,
 Quot.sound]
info: LogdetLean/GramHafnian/UltimateHiding/DenseScore/H14_CenteredEllTwoProjectiveContraction.lean:751:0: 'LogdetLean.GramHafnian.UltimateHiding.DenseScore.trace_rankOne_mul_mul_mul_h14' depends on axioms: [propext,
 Classical.choice,
 Quot.sound]
info: LogdetLean/GramHafnian/UltimateHiding/DenseScore/H14_CenteredEllTwoProjectiveContraction.lean:752:0: 'LogdetLean.GramHafnian.UltimateHiding.DenseScore.trace_rankOne_symmSandwich_eq_bilinearNormSq_h14' depends on axioms: [propext,
 Classical.choice,
 Quot.sound]
info: LogdetLean/GramHafnian/UltimateHiding/DenseScore/H14_CenteredEllTwoProjectiveContraction.lean:753:0: 'LogdetLean.GramHafnian.UltimateHiding.DenseScore.trace_symm_mul_transpose_rankOne_mul_conjTranspose_h14' depends on axioms: [propext,
 Classical.choice,
 Quot.sound]
info: LogdetLean/GramHafnian/UltimateHiding/DenseScore/H14_CenteredEllTwoProjectiveContraction.lean:754:0: 'LogdetLean.GramHafnian.UltimateHiding.DenseScore.complexCenteredProjectiveSandwich_expansion_h14' depends on axioms: [propext,
 Classical.choice,
 Quot.sound]
info: LogdetLean/GramHafnian/UltimateHiding/DenseScore/H14_CenteredEllTwoProjectiveContraction.lean:755:0: 'LogdetLean.GramHafnian.UltimateHiding.DenseScore.complexCenteredProjectiveConjugateSandwich_expansion_h14' depends on axioms: [propext,
 Classical.choice,
 Quot.sound]
info: LogdetLean/GramHafnian/UltimateHiding/DenseScore/H14_CenteredEllTwoProjectiveContraction.lean:756:0: 'LogdetLean.GramHafnian.UltimateHiding.DenseScore.integrable_complexCenteredRankOneProjection_entry_mul_four_h14' depends on axioms: [propext,
 Classical.choice,
 Quot.sound]
info: LogdetLean/GramHafnian/UltimateHiding/DenseScore/H14_CenteredEllTwoProjectiveContraction.lean:757:0: 'LogdetLean.GramHafnian.UltimateHiding.DenseScore.integrable_complexCenteredProjectiveSandwich_re_sq_h14' depends on axioms: [propext,
 Classical.choice,
 Quot.sound]
info: LogdetLean/GramHafnian/UltimateHiding/DenseScore/H14_CenteredEllTwoProjectiveContraction.lean:758:0: 'LogdetLean.GramHafnian.UltimateHiding.DenseScore.integrable_complexCenteredProjectiveConjugateSandwich_re_sq_h14' depends on axioms: [propext,
 Classical.choice,
 Quot.sound]
info: LogdetLean/GramHafnian/UltimateHiding/DenseScore/H14_CenteredEllTwoProjectiveContraction.lean:759:0: 'LogdetLean.GramHafnian.UltimateHiding.DenseScore.h14_factorMomentEnvelopes_collect_sharpCoefficients' depends on axioms: [propext,
 Classical.choice,
 Quot.sound]
info: LogdetLean/GramHafnian/UltimateHiding/DenseScore/H14_CenteredEllTwoProjectiveContraction.lean:760:0: 'LogdetLean.GramHafnian.UltimateHiding.DenseScore.h14_separatedFactorMomentContract_of_integralBounds' depends on axioms: [propext,
 Classical.choice,
 Quot.sound]
info: LogdetLean/GramHafnian/UltimateHiding/DenseScore/H14_CenteredEllTwoProjectiveContraction.lean:761:0: 'LogdetLean.GramHafnian.UltimateHiding.DenseScore.h14_centeredEllTwoProjectiveContraction_of_separatedFactorMoments' depends on axioms: [propext,
 Classical.choice,
 Quot.sound]
info: LogdetLean/GramHafnian/UltimateHiding/DenseScore/H14_CenteredEllTwoProjectiveContraction.lean:762:0: 'LogdetLean.GramHafnian.UltimateHiding.DenseScore.h14_centeredEllTwoProjectiveContraction_of_integralBounds' depends on axioms: [propext,
 Classical.choice,
 Quot.sound]
⚠ [9454/9585] Built LogdetLean.GramHafnian.UltimateHiding.DenseScore.ConcreteTraceMomentTransfer (6.7s)
warning: LogdetLean/GramHafnian/UltimateHiding/DenseScore/ConcreteTraceMomentTransfer.lean:390:2: Try this: 
  letI̵

The goal is a proposition, so `let` is preferred over `letI`.
The difference between `let` and `letI` is that `letI` inlines the value.
But this is not relevant for proofs because of proof irrelevance.

Note: This linter can be disabled with `set_option linter.style.haveILetI false`
warning: LogdetLean/GramHafnian/UltimateHiding/DenseScore/ConcreteTraceMomentTransfer.lean:394:2: Try this: 
  letI̵

The goal is a proposition, so `let` is preferred over `letI`.
The difference between `let` and `letI` is that `letI` inlines the value.
But this is not relevant for proofs because of proof irrelevance.

Note: This linter can be disabled with `set_option linter.style.haveILetI false`
✔ [9455/9585] Built LogdetLean.GramHafnian.UltimateHiding.DenseScore.U08.H13_ScaleTwoExactEnvelopeRecurrence (30s)
✔ [9456/9585] Built LogdetLean.GramHafnian.UltimateHiding.DenseScore.U08.H14_DirectExactSharpEnvelopeRecurrence (30s)
✔ [9457/9585] Built LogdetLean.GramHafnian.UltimateHiding.DenseScore.Conditional.H16TimeSupportFiniteFrontier (6.7s)
⚠ [9458/9585] Built LogdetLean.GramHafnian.UltimateHiding.DenseScore.H13_OneThreeTraceWordLedger (15s)
warning: LogdetLean/GramHafnian/UltimateHiding/DenseScore/H13_OneThreeTraceWordLedger.lean:199:15: `ContinuousLinearMap.neg_apply` has been deprecated: Use `_root_.neg_apply` instead

Note: The updated constant is in a different namespace. Dot notation may need to be changed (e.g., from `x.neg_apply` to `_root_.neg_apply x`).
warning: LogdetLean/GramHafnian/UltimateHiding/DenseScore/H13_OneThreeTraceWordLedger.lean:291:43: This simp argument is unused:
  map_neg

Hint: Omit it from the simp argument list.
  [apply] simp only [← Matrix.exp_conjTranspose, Matrix.conjTranspose_smul, Complex.star_def, Complex.conj_ofReal]

Note: This linter can be disabled with `set_option linter.unusedSimpArgs false`
warning: LogdetLean/GramHafnian/UltimateHiding/DenseScore/H13_OneThreeTraceWordLedger.lean:293:13: This simp argument is unused:
  Matrix.transpose_transpose

Hint: Omit it from the simp argument list.
  [apply] simp only [neg_smul, Complex.ofReal_neg]

Note: This linter can be disabled with `set_option linter.unusedSimpArgs false`
warning: LogdetLean/GramHafnian/UltimateHiding/DenseScore/H13_OneThreeTraceWordLedger.lean:325:44: This simp argument is unused:
  h13MovedInputGap

Hint: Omit it from the simp argument list.
  [apply] simp [h13MovedCorner, h13MovedCornerStar, h13LedgerInputGapVelocity]

Note: This linter can be disabled with `set_option linter.unusedSimpArgs false`
warning: LogdetLean/GramHafnian/UltimateHiding/DenseScore/H13_OneThreeTraceWordLedger.lean:338:44: This simp argument is unused:
  h13MovedOutputGap

Hint: Omit it from the simp argument list.
  [apply] simp [h13MovedCorner, h13MovedCornerStar, h13LedgerOutputGapVelocity]

Note: This linter can be disabled with `set_option linter.unusedSimpArgs false`
warning: LogdetLean/GramHafnian/UltimateHiding/DenseScore/H13_OneThreeTraceWordLedger.lean:353:23: Used `tac1 <;> tac2` where `(tac1; tac2)` would suffice

Note: This linter can be disabled with `set_option linter.unnecessarySeqFocus false`
warning: LogdetLean/GramHafnian/UltimateHiding/DenseScore/H13_OneThreeTraceWordLedger.lean:369:23: Used `tac1 <;> tac2` where `(tac1; tac2)` would suffice

Note: This linter can be disabled with `set_option linter.unnecessarySeqFocus false`
warning: LogdetLean/GramHafnian/UltimateHiding/DenseScore/H13_OneThreeTraceWordLedger.lean:395:4: This simp argument is unused:
  h13MovedCornerStar_zero

Hint: Omit it from the simp argument list.
  [apply] simp only [h13LedgerTVelocity, h13MovedCorner_zero, h13MovedOutputGap_zero, Pi.mul_apply]

Note: This linter can be disabled with `set_option linter.unusedSimpArgs false`
warning: LogdetLean/GramHafnian/UltimateHiding/DenseScore/H13_OneThreeTraceWordLedger.lean:395:53: This simp argument is unused:
  Pi.mul_apply

Hint: Omit it from the simp argument list.
  [apply] simp only [h13LedgerTVelocity, h13MovedCorner_zero, h13MovedCornerStar_zero, h13MovedOutputGap_zero]

Note: This linter can be disabled with `set_option linter.unusedSimpArgs false`
warning: LogdetLean/GramHafnian/UltimateHiding/DenseScore/H13_OneThreeTraceWordLedger.lean:449:48: This simp argument is unused:
  Matrix.zero_mul

Hint: Omit it from the simp argument list.
  [apply] simp only [h13LedgerTraceCLM_apply, h13MovedZ_zero, h13MovedT_zero, h13LedgerZ, h13LedgerT,
    h13ThirdTraceKernelVelocity, Pi.mul_apply, Pi.add_apply, zero_mul, zero_add, add_zero, Matrix.mul_zero]

Note: This linter can be disabled with `set_option linter.unusedSimpArgs false`
⚠ [9459/9585] Built LogdetLean.GramHafnian.UltimateHiding.DenseScore.ConcreteCentralScore (9.7s)
warning: LogdetLean/GramHafnian/UltimateHiding/DenseScore/ConcreteCentralScore.lean:141:2: Try this: 
  letI̵

The goal is a proposition, so `let` is preferred over `letI`.
The difference between `let` and `letI` is that `letI` inlines the value.
But this is not relevant for proofs because of proof irrelevance.

Note: This linter can be disabled with `set_option linter.style.haveILetI false`
warning: LogdetLean/GramHafnian/UltimateHiding/DenseScore/ConcreteCentralScore.lean:165:2: Try this: 
  letI̵

The goal is a proposition, so `let` is preferred over `letI`.
The difference between `let` and `letI` is that `letI` inlines the value.
But this is not relevant for proofs because of proof irrelevance.

Note: This linter can be disabled with `set_option linter.style.haveILetI false`
warning: LogdetLean/GramHafnian/UltimateHiding/DenseScore/ConcreteCentralScore.lean:242:2: Try this: 
  letI̵

The goal is a proposition, so `let` is preferred over `letI`.
The difference between `let` and `letI` is that `letI` inlines the value.
But this is not relevant for proofs because of proof irrelevance.

Note: This linter can be disabled with `set_option linter.style.haveILetI false`
warning: LogdetLean/GramHafnian/UltimateHiding/DenseScore/ConcreteCentralScore.lean:377:4: Unused tactic linter: `change
  concreteCentralLogScoreOne N K A ^ 2 + concreteCentralLogScoreTwo N K A = ellOne A ^ 2 + ellTwo A` does nothing

Note: This linter can be disabled with `set_option linter.unusedTactic false`
⚠ [9460/9585] Built LogdetLean.GramHafnian.UltimateHiding.DenseScore.Conditional.H16FiniteFrontierTruncationAC (7.1s)
warning: LogdetLean/GramHafnian/UltimateHiding/DenseScore/Conditional/H16FiniteFrontierTruncationAC.lean:47:69: This simp argument is unused:
  hac

Hint: Omit it from the simp argument list.
  [apply] simp [hcb]

Note: This linter can be disabled with `set_option linter.unusedSimpArgs false`
warning: LogdetLean/GramHafnian/UltimateHiding/DenseScore/Conditional/H16FiniteFrontierTruncationAC.lean:47:74: This simp argument is unused:
  hcb

Hint: Omit it from the simp argument list.
  [apply] simp [hac]

Note: This linter can be disabled with `set_option linter.unusedSimpArgs false`
warning: LogdetLean/GramHafnian/UltimateHiding/DenseScore/Conditional/H16FiniteFrontierTruncationAC.lean:136:10: Try `simp at this` instead of `simpa using this`

Note: This linter can be disabled with `set_option linter.unnecessarySimpa false`
⚠ [9461/9585] Built LogdetLean.GramHafnian.UltimateHiding.DenseScore.H13_OneThreeTraceWordHomogeneity (6.2s)
warning: LogdetLean/GramHafnian/UltimateHiding/DenseScore/H13_OneThreeTraceWordHomogeneity.lean:59:47: This simp argument is unused:
  smul_neg

Hint: Omit it from the simp argument list.
  [apply] simp only [Matrix.mul_smul, Matrix.smul_mul]

Note: This linter can be disabled with `set_option linter.unusedSimpArgs false`
warning: LogdetLean/GramHafnian/UltimateHiding/DenseScore/H13_OneThreeTraceWordHomogeneity.lean:67:47: This simp argument is unused:
  smul_neg

Hint: Omit it from the simp argument list.
  [apply] simp only [Matrix.mul_smul, Matrix.smul_mul]

Note: This linter can be disabled with `set_option linter.unusedSimpArgs false`
warning: LogdetLean/GramHafnian/UltimateHiding/DenseScore/H13_OneThreeTraceWordHomogeneity.lean:122:14: This simp argument is unused:
  mul_zero

Hint: Omit it from the simp argument list.
  [apply] simp only [Matrix.smul_mul, Matrix.trace_smul, smul_eq_mul, Complex.mul_re, Complex.ofReal_re,
    Complex.ofReal_im, zero_mul, sub_zero]

Note: This linter can be disabled with `set_option linter.unusedSimpArgs false`
✔ [9462/9585] Built LogdetLean.GramHafnian.UltimateHiding.DenseScore.ConcreteCentralCubicDefinitions (6.3s)
⚠ [9463/9585] Built LogdetLean.GramHafnian.UltimateHiding.H3H4Central.CentralPointwiseCalculus (8.9s)
warning: LogdetLean/GramHafnian/UltimateHiding/H3H4Central/CentralPointwiseCalculus.lean:181:2: Try this: 
  letI̵

The goal is a proposition, so `let` is preferred over `letI`.
The difference between `let` and `letI` is that `letI` inlines the value.
But this is not relevant for proofs because of proof irrelevance.

Note: This linter can be disabled with `set_option linter.style.haveILetI false`
warning: LogdetLean/GramHafnian/UltimateHiding/H3H4Central/CentralPointwiseCalculus.lean:189:2: Try this: 
  letI̵

The goal is a proposition, so `let` is preferred over `letI`.
The difference between `let` and `letI` is that `letI` inlines the value.
But this is not relevant for proofs because of proof irrelevance.

Note: This linter can be disabled with `set_option linter.style.haveILetI false`
info: LogdetLean/GramHafnian/UltimateHiding/H3H4Central/CentralPointwiseCalculus.lean:330:4: Try this:
  [apply] ring_nf
  
  The `ring` tactic failed to close the goal. Use `ring_nf` to obtain a normal form.
    
  Note that `ring` works primarily in *commutative* rings. If you have a noncommutative ring, abelian group or module, consider using `noncomm_ring`, `abel` or `module` instead.
info: LogdetLean/GramHafnian/UltimateHiding/H3H4Central/CentralPointwiseCalculus.lean:332:4: Try this:
  [apply] ring_nf
  
  The `ring` tactic failed to close the goal. Use `ring_nf` to obtain a normal form.
    
  Note that `ring` works primarily in *commutative* rings. If you have a noncommutative ring, abelian group or module, consider using `noncomm_ring`, `abel` or `module` instead.
warning: LogdetLean/GramHafnian/UltimateHiding/H3H4Central/CentralPointwiseCalculus.lean:440:2: Try this: 
  letI̵

The goal is a proposition, so `let` is preferred over `letI`.
The difference between `let` and `letI` is that `letI` inlines the value.
But this is not relevant for proofs because of proof irrelevance.

Note: This linter can be disabled with `set_option linter.style.haveILetI false`
warning: LogdetLean/GramHafnian/UltimateHiding/H3H4Central/CentralPointwiseCalculus.lean:447:2: Try this: 
  letI̵

The goal is a proposition, so `let` is preferred over `letI`.
The difference between `let` and `letI` is that `letI` inlines the value.
But this is not relevant for proofs because of proof irrelevance.

Note: This linter can be disabled with `set_option linter.style.haveILetI false`
warning: LogdetLean/GramHafnian/UltimateHiding/H3H4Central/CentralPointwiseCalculus.lean:538:2: Try this: 
  letI̵

The goal is a proposition, so `let` is preferred over `letI`.
The difference between `let` and `letI` is that `letI` inlines the value.
But this is not relevant for proofs because of proof irrelevance.

Note: This linter can be disabled with `set_option linter.style.haveILetI false`
warning: LogdetLean/GramHafnian/UltimateHiding/H3H4Central/CentralPointwiseCalculus.lean:545:2: Try this: 
  letI̵

The goal is a proposition, so `let` is preferred over `letI`.
The difference between `let` and `letI` is that `letI` inlines the value.
But this is not relevant for proofs because of proof irrelevance.

Note: This linter can be disabled with `set_option linter.style.haveILetI false`
warning: LogdetLean/GramHafnian/UltimateHiding/H3H4Central/CentralPointwiseCalculus.lean:521:35: Variable name `hQ` is not explicitly referenced.

Hint: The binding can be removed (if unused) or named `_` (if used implicitly). Alternatively, prefix the name with `_` to silence this warning:
  [apply] _hQ

Note: This linter can be disabled with `set_option linter.unusedVariables false`
warning: LogdetLean/GramHafnian/UltimateHiding/H3H4Central/CentralPointwiseCalculus.lean:590:53: Used `tac1 <;> tac2` where `(tac1; tac2)` would suffice

Note: This linter can be disabled with `set_option linter.unnecessarySeqFocus false`
warning: LogdetLean/GramHafnian/UltimateHiding/H3H4Central/CentralPointwiseCalculus.lean:712:8: Unused tactic linter: `(simp only [a, S, Function.comp_apply, Complex.reCLM_apply])` does nothing

Note: This linter can be disabled with `set_option linter.unusedTactic false`
warning: LogdetLean/GramHafnian/UltimateHiding/H3H4Central/CentralPointwiseCalculus.lean:713:8: Unused tactic linter: `exact Subsingleton.elim _ _` does nothing

Note: This linter can be disabled with `set_option linter.unusedTactic false`
warning: LogdetLean/GramHafnian/UltimateHiding/H3H4Central/CentralPointwiseCalculus.lean:712:8: this tactic is never executed

Note: This linter can be disabled with `set_option linter.unreachableTactic false`
warning: LogdetLean/GramHafnian/UltimateHiding/H3H4Central/CentralPointwiseCalculus.lean:713:8: this tactic is never executed

Note: This linter can be disabled with `set_option linter.unreachableTactic false`
warning: LogdetLean/GramHafnian/UltimateHiding/H3H4Central/CentralPointwiseCalculus.lean:839:24: This simp argument is unused:
  Complex.add_re

Hint: Omit it from the simp argument list.
  [apply] simp only [Matrix.add_mul, Matrix.mul_add, Matrix.one_mul, Matrix.mul_one, Matrix.trace_add]

Note: This linter can be disabled with `set_option linter.unusedSimpArgs false`
⚠ [9464/9585] Built LogdetLean.GramHafnian.UltimateHiding.DenseScore.Conditional.H16ThirdJetAbsoluteContinuity (6.1s)
warning: LogdetLean/GramHafnian/UltimateHiding/DenseScore/Conditional/H16ThirdJetAbsoluteContinuity.lean:154:40: `Set.mem_setOf_eq` has been deprecated: Use `Set.mem_ofPred_eq` instead
warning: LogdetLean/GramHafnian/UltimateHiding/DenseScore/Conditional/H16ThirdJetAbsoluteContinuity.lean:200:40: `Set.mem_setOf_eq` has been deprecated: Use `Set.mem_ofPred_eq` instead
⚠ [9465/9585] Built LogdetLean.GramHafnian.UltimateHiding.DenseScore.H13_OneThreeSupportVelocityReduction (28s)
warning: LogdetLean/GramHafnian/UltimateHiding/DenseScore/H13_OneThreeSupportVelocityReduction.lean:39:2: Try this: 
  letI̵

The goal is a proposition, so `let` is preferred over `letI`.
The difference between `let` and `letI` is that `letI` inlines the value.
But this is not relevant for proofs because of proof irrelevance.

Note: This linter can be disabled with `set_option linter.style.haveILetI false`
warning: LogdetLean/GramHafnian/UltimateHiding/DenseScore/H13_OneThreeSupportVelocityReduction.lean:46:2: Try this: 
  letI̵

The goal is a proposition, so `let` is preferred over `letI`.
The difference between `let` and `letI` is that `letI` inlines the value.
But this is not relevant for proofs because of proof irrelevance.

Note: This linter can be disabled with `set_option linter.style.haveILetI false`
warning: LogdetLean/GramHafnian/UltimateHiding/DenseScore/H13_OneThreeSupportVelocityReduction.lean:65:2: Try this: 
  letI̵

The goal is a proposition, so `let` is preferred over `letI`.
The difference between `let` and `letI` is that `letI` inlines the value.
But this is not relevant for proofs because of proof irrelevance.

Note: This linter can be disabled with `set_option linter.style.haveILetI false`
warning: LogdetLean/GramHafnian/UltimateHiding/DenseScore/H13_OneThreeSupportVelocityReduction.lean:72:2: Try this: 
  letI̵

The goal is a proposition, so `let` is preferred over `letI`.
The difference between `let` and `letI` is that `letI` inlines the value.
But this is not relevant for proofs because of proof irrelevance.

Note: This linter can be disabled with `set_option linter.style.haveILetI false`
warning: LogdetLean/GramHafnian/UltimateHiding/DenseScore/H13_OneThreeSupportVelocityReduction.lean:116:2: Try this: 
  letI̵

The goal is a proposition, so `let` is preferred over `letI`.
The difference between `let` and `letI` is that `letI` inlines the value.
But this is not relevant for proofs because of proof irrelevance.

Note: This linter can be disabled with `set_option linter.style.haveILetI false`
warning: LogdetLean/GramHafnian/UltimateHiding/DenseScore/H13_OneThreeSupportVelocityReduction.lean:123:2: Try this: 
  letI̵

The goal is a proposition, so `let` is preferred over `letI`.
The difference between `let` and `letI` is that `letI` inlines the value.
But this is not relevant for proofs because of proof irrelevance.

Note: This linter can be disabled with `set_option linter.style.haveILetI false`
warning: LogdetLean/GramHafnian/UltimateHiding/DenseScore/H13_OneThreeSupportVelocityReduction.lean:282:2: Try this: 
  letI̵

The goal is a proposition, so `let` is preferred over `letI`.
The difference between `let` and `letI` is that `letI` inlines the value.
But this is not relevant for proofs because of proof irrelevance.

Note: This linter can be disabled with `set_option linter.style.haveILetI false`
warning: LogdetLean/GramHafnian/UltimateHiding/DenseScore/H13_OneThreeSupportVelocityReduction.lean:289:2: Try this: 
  letI̵

The goal is a proposition, so `let` is preferred over `letI`.
The difference between `let` and `letI` is that `letI` inlines the value.
But this is not relevant for proofs because of proof irrelevance.

Note: This linter can be disabled with `set_option linter.style.haveILetI false`
warning: LogdetLean/GramHafnian/UltimateHiding/DenseScore/H13_OneThreeSupportVelocityReduction.lean:425:2: Try this: 
  letI̵

The goal is a proposition, so `let` is preferred over `letI`.
The difference between `let` and `letI` is that `letI` inlines the value.
But this is not relevant for proofs because of proof irrelevance.

Note: This linter can be disabled with `set_option linter.style.haveILetI false`
warning: LogdetLean/GramHafnian/UltimateHiding/DenseScore/H13_OneThreeSupportVelocityReduction.lean:580:23: This simp argument is unused:
  smul_eq_mul

Hint: Omit it from the simp argument list.
  [apply] simp only [Matrix.mul_neg, Matrix.neg_mul, Matrix.mul_add, Matrix.add_mul, Matrix.mul_smul, Matrix.smul_mul,
    Matrix.trace_neg, Matrix.trace_add, Matrix.trace_smul]

Note: This linter can be disabled with `set_option linter.unusedSimpArgs false`
warning: LogdetLean/GramHafnian/UltimateHiding/DenseScore/H13_OneThreeSupportVelocityReduction.lean:584:13: This simp argument is unused:
  Matrix.one_mul

Hint: Omit it from the simp argument list.
  [apply] simp only [Matrix.mul_one, Matrix.mul_assoc] at hcycA hcycB hcycC ⊢

Note: This linter can be disabled with `set_option linter.unusedSimpArgs false`
warning: LogdetLean/GramHafnian/UltimateHiding/DenseScore/H13_OneThreeSupportVelocityReduction.lean:584:29: This simp argument is unused:
  Matrix.mul_one

Hint: Omit it from the simp argument list.
  [apply] simp only [Matrix.one_mul, Matrix.mul_assoc] at hcycA hcycB hcycC ⊢

Note: This linter can be disabled with `set_option linter.unusedSimpArgs false`
warning: LogdetLean/GramHafnian/UltimateHiding/DenseScore/H13_OneThreeSupportVelocityReduction.lean:581:2: Unused tactic linter: `change _ = -2 * h13ThirdTraceKernelSixWord Q C` does nothing

Note: This linter can be disabled with `set_option linter.unusedTactic false`
⚠ [9466/9585] Built LogdetLean.GramHafnian.UltimateHiding.DenseScore.H7CentralLineConditional (6.6s)
warning: LogdetLean/GramHafnian/UltimateHiding/DenseScore/H7CentralLineConditional.lean:24:2: try 'simp' instead of 'simpa'

Note: This linter can be disabled with `set_option linter.unnecessarySimpa false`
⚠ [9467/9585] Built LogdetLean.GramHafnian.UltimateHiding.DenseScore.Conditional.H16ThirdFourthPointwiseFTC (6.5s)
warning: LogdetLean/GramHafnian/UltimateHiding/DenseScore/Conditional/H16ThirdFourthPointwiseFTC.lean:50:24: try 'simp' instead of 'simpa'

Note: This linter can be disabled with `set_option linter.unnecessarySimpa false`
warning: LogdetLean/GramHafnian/UltimateHiding/DenseScore/Conditional/H16ThirdFourthPointwiseFTC.lean:71:45: `Set.mem_setOf_eq` has been deprecated: Use `Set.mem_ofPred_eq` instead
warning: LogdetLean/GramHafnian/UltimateHiding/DenseScore/Conditional/H16ThirdFourthPointwiseFTC.lean:86:47: `Set.mem_setOf_eq` has been deprecated: Use `Set.mem_ofPred_eq` instead
warning: LogdetLean/GramHafnian/UltimateHiding/DenseScore/Conditional/H16ThirdFourthPointwiseFTC.lean:110:45: `Set.mem_setOf_eq` has been deprecated: Use `Set.mem_ofPred_eq` instead
warning: LogdetLean/GramHafnian/UltimateHiding/DenseScore/Conditional/H16ThirdFourthPointwiseFTC.lean:113:45: `Set.mem_setOf_eq` has been deprecated: Use `Set.mem_ofPred_eq` instead
warning: LogdetLean/GramHafnian/UltimateHiding/DenseScore/Conditional/H16ThirdFourthPointwiseFTC.lean:134:25: `Set.setOf_mem_eq` has been deprecated: Use `Set.ofPred_mem_eq` instead
⚠ [9468/9585] Built LogdetLean.GramHafnian.UltimateHiding.H3H4Central.OrderTwoConditional (7.0s)
warning: LogdetLean/GramHafnian/UltimateHiding/H3H4Central/OrderTwoConditional.lean:241:6: This simp argument is unused:
  coeCentralLiteralTransportedCoordinateDensity

Hint: Omit it from the simp argument list.
  [apply] simp only [f, Set.indicator_of_notMem hx, mul_zero, pre, scaled]

Note: This linter can be disabled with `set_option linter.unusedSimpArgs false`
warning: LogdetLean/GramHafnian/UltimateHiding/H3H4Central/OrderTwoConditional.lean:252:2: Try this: 
  letI̵

The goal is a proposition, so `let` is preferred over `letI`.
The difference between `let` and `letI` is that `letI` inlines the value.
But this is not relevant for proofs because of proof irrelevance.

Note: This linter can be disabled with `set_option linter.style.haveILetI false`
warning: LogdetLean/GramHafnian/UltimateHiding/H3H4Central/OrderTwoConditional.lean:590:2: Unused tactic linter: `push_cast` does nothing

Note: This linter can be disabled with `set_option linter.unusedTactic false`
✔ [9469/9585] Built LogdetLean.GramHafnian.UltimateHiding.DenseScore.H7CentralLineDerived (6.5s)
⚠ [9470/9585] Built LogdetLean.GramHafnian.UltimateHiding.DenseScore.Conditional.H16FourthSecantIntegralVanishingFromPointwiseFTC (7.9s)
warning: LogdetLean/GramHafnian/UltimateHiding/DenseScore/Conditional/H16FourthSecantIntegralVanishingFromPointwiseFTC.lean:41:2: Try this: 
  letI̵

The goal is a proposition, so `let` is preferred over `letI`.
The difference between `let` and `letI` is that `letI` inlines the value.
But this is not relevant for proofs because of proof irrelevance.

Note: This linter can be disabled with `set_option linter.style.haveILetI false`
warning: LogdetLean/GramHafnian/UltimateHiding/DenseScore/Conditional/H16FourthSecantIntegralVanishingFromPointwiseFTC.lean:116:2: Try this: 
  letI̵

The goal is a proposition, so `let` is preferred over `letI`.
The difference between `let` and `letI` is that `letI` inlines the value.
But this is not relevant for proofs because of proof irrelevance.

Note: This linter can be disabled with `set_option linter.style.haveILetI false`
⚠ [9471/9585] Built LogdetLean.GramHafnian.UltimateHiding.DenseScore.H14_SeparatedFactorIntegralBounds (74s)
warning: LogdetLean/GramHafnian/UltimateHiding/DenseScore/H14_SeparatedFactorIntegralBounds.lean:253:33: This simp argument is unused:
  htr2

Hint: Omit it from the simp argument list.
  [apply] simp only [Complex.mul_re, Complex.add_re, Complex.ofReal_re, Complex.ofReal_im, htr1, zero_mul, mul_zero,
    sub_zero]

Note: This linter can be disabled with `set_option linter.unusedSimpArgs false`
warning: LogdetLean/GramHafnian/UltimateHiding/DenseScore/H14_SeparatedFactorIntegralBounds.lean:532:5: Variable name `hb` is not explicitly referenced.

Hint: The binding can be removed (if unused) or named `_` (if used implicitly). Alternatively, prefix the name with `_` to silence this warning:
  [apply] _hb

Note: This linter can be disabled with `set_option linter.unusedVariables false`
warning: LogdetLean/GramHafnian/UltimateHiding/DenseScore/H14_SeparatedFactorIntegralBounds.lean:686:4: This simp argument is unused:
  Complex.natCast_re

Hint: Omit it from the simp argument list.
  [apply] simp only [Complex.sub_re, Complex.add_re, Complex.mul_re, Complex.ofReal_re, Complex.ofReal_im,
    Complex.normSq_apply, hdim, htim, zero_mul, mul_zero, sub_zero, pow_two]

Note: This linter can be disabled with `set_option linter.unusedSimpArgs false`
warning: LogdetLean/GramHafnian/UltimateHiding/DenseScore/H14_SeparatedFactorIntegralBounds.lean:686:36: This simp argument is unused:
  zero_mul

Hint: Omit it from the simp argument list.
  [apply] simp only [Complex.sub_re, Complex.add_re, Complex.mul_re, Complex.ofReal_re, Complex.ofReal_im,
    Complex.normSq_apply, Complex.natCast_re, hdim, htim, mul_zero, sub_zero, pow_two]

Note: This linter can be disabled with `set_option linter.unusedSimpArgs false`
warning: LogdetLean/GramHafnian/UltimateHiding/DenseScore/H14_SeparatedFactorIntegralBounds.lean:745:2: try 'simp' instead of 'simpa'

Note: This linter can be disabled with `set_option linter.unnecessarySimpa false`
warning: LogdetLean/GramHafnian/UltimateHiding/DenseScore/H14_SeparatedFactorIntegralBounds.lean:757:2: try 'simp' instead of 'simpa'

Note: This linter can be disabled with `set_option linter.unnecessarySimpa false`
warning: LogdetLean/GramHafnian/UltimateHiding/DenseScore/H14_SeparatedFactorIntegralBounds.lean:825:2: Try this: 
  letI̵

The goal is a proposition, so `let` is preferred over `letI`.
The difference between `let` and `letI` is that `letI` inlines the value.
But this is not relevant for proofs because of proof irrelevance.

Note: This linter can be disabled with `set_option linter.style.haveILetI false`
warning: LogdetLean/GramHafnian/UltimateHiding/DenseScore/H14_SeparatedFactorIntegralBounds.lean:834:61: Unused tactic linter: `ring` does nothing

Note: This linter can be disabled with `set_option linter.unusedTactic false`
warning: LogdetLean/GramHafnian/UltimateHiding/DenseScore/H14_SeparatedFactorIntegralBounds.lean:839:66: Unused tactic linter: `ring` does nothing

Note: This linter can be disabled with `set_option linter.unusedTactic false`
warning: LogdetLean/GramHafnian/UltimateHiding/DenseScore/H14_SeparatedFactorIntegralBounds.lean:834:61: this tactic is never executed

Note: This linter can be disabled with `set_option linter.unreachableTactic false`
warning: LogdetLean/GramHafnian/UltimateHiding/DenseScore/H14_SeparatedFactorIntegralBounds.lean:839:66: this tactic is never executed

Note: This linter can be disabled with `set_option linter.unreachableTactic false`
warning: LogdetLean/GramHafnian/UltimateHiding/DenseScore/H14_SeparatedFactorIntegralBounds.lean:1048:2: Try this: 
  letI̵

The goal is a proposition, so `let` is preferred over `letI`.
The difference between `let` and `letI` is that `letI` inlines the value.
But this is not relevant for proofs because of proof irrelevance.

Note: This linter can be disabled with `set_option linter.style.haveILetI false`
info: LogdetLean/GramHafnian/UltimateHiding/DenseScore/H14_SeparatedFactorIntegralBounds.lean:1264:0: 'LogdetLean.GramHafnian.UltimateHiding.DenseScore.complexProjectiveTracePair_eq_star_dotProduct_mulVec_h14' depends on axioms: [propext,
 Classical.choice,
 Quot.sound]
info: LogdetLean/GramHafnian/UltimateHiding/DenseScore/H14_SeparatedFactorIntegralBounds.lean:1265:0: 'LogdetLean.GramHafnian.UltimateHiding.DenseScore.complexProjectiveTracePair_re_nonneg_of_posSemidef_h14' depends on axioms: [propext,
 Classical.choice,
 Quot.sound]
info: LogdetLean/GramHafnian/UltimateHiding/DenseScore/H14_SeparatedFactorIntegralBounds.lean:1266:0: 'LogdetLean.GramHafnian.UltimateHiding.DenseScore.posSemidef_trace_four_re_le_trace_square_re_sq_h14' depends on axioms: [propext,
 Classical.choice,
 Quot.sound]
info: LogdetLean/GramHafnian/UltimateHiding/DenseScore/H14_SeparatedFactorIntegralBounds.lean:1267:0: 'LogdetLean.GramHafnian.UltimateHiding.DenseScore.posSemidef_trace_four_re_le_trace_re_four_h14' depends on axioms: [propext,
 Classical.choice,
 Quot.sound]
info: LogdetLean/GramHafnian/UltimateHiding/DenseScore/H14_SeparatedFactorIntegralBounds.lean:1268:0: 'LogdetLean.GramHafnian.UltimateHiding.DenseScore.integral_complexProjectiveTracePair_re_sq_eq_h14' depends on axioms: [propext,
 Classical.choice,
 Quot.sound]
info: LogdetLean/GramHafnian/UltimateHiding/DenseScore/H14_SeparatedFactorIntegralBounds.lean:1269:0: 'LogdetLean.GramHafnian.UltimateHiding.DenseScore.integral_complexProjectiveTracePair_re_fourth_eq_h14' depends on axioms: [propext,
 Classical.choice,
 Quot.sound]
info: LogdetLean/GramHafnian/UltimateHiding/DenseScore/H14_SeparatedFactorIntegralBounds.lean:1270:0: 'LogdetLean.GramHafnian.UltimateHiding.DenseScore.integral_concreteCOEY_tracePair_re_sq_le_h14' depends on axioms: [propext,
 Classical.choice,
 Quot.sound]
info: LogdetLean/GramHafnian/UltimateHiding/DenseScore/H14_SeparatedFactorIntegralBounds.lean:1271:0: 'LogdetLean.GramHafnian.UltimateHiding.DenseScore.integral_concreteCOEY_sq_tracePair_re_sq_le_h14' depends on axioms: [propext,
 Classical.choice,
 Quot.sound]
info: LogdetLean/GramHafnian/UltimateHiding/DenseScore/H14_SeparatedFactorIntegralBounds.lean:1272:0: 'LogdetLean.GramHafnian.UltimateHiding.DenseScore.integral_concreteCOEY_tracePair_re_fourth_le_h14' depends on axioms: [propext,
 Classical.choice,
 Quot.sound]
info: LogdetLean/GramHafnian/UltimateHiding/DenseScore/H14_SeparatedFactorIntegralBounds.lean:1273:0: 'LogdetLean.GramHafnian.UltimateHiding.DenseScore.complexCenteredProjectiveSandwich_re_expansion_h14' depends on axioms: [propext,
 Classical.choice,
 Quot.sound]
info: LogdetLean/GramHafnian/UltimateHiding/DenseScore/H14_SeparatedFactorIntegralBounds.lean:1274:0: 'LogdetLean.GramHafnian.UltimateHiding.DenseScore.complexCenteredProjectiveSandwich_re_sq_pointwise_le_h14' depends on axioms: [propext,
 Classical.choice,
 Quot.sound]
info: LogdetLean/GramHafnian/UltimateHiding/DenseScore/H14_SeparatedFactorIntegralBounds.lean:1275:0: 'LogdetLean.GramHafnian.UltimateHiding.DenseScore.integral_complexCenteredProjectiveSandwich_re_sq_le_h14' depends on axioms: [propext,
 Classical.choice,
 Quot.sound]
info: LogdetLean/GramHafnian/UltimateHiding/DenseScore/H14_SeparatedFactorIntegralBounds.lean:1276:0: 'LogdetLean.GramHafnian.UltimateHiding.DenseScore.complexProjectiveBilinearNormSq_eq_normSq_bilinear_h14' depends on axioms: [propext,
 Classical.choice,
 Quot.sound]
info: LogdetLean/GramHafnian/UltimateHiding/DenseScore/H14_SeparatedFactorIntegralBounds.lean:1277:0: 'LogdetLean.GramHafnian.UltimateHiding.DenseScore.complexProjectiveTracePair_mul_conjTranspose_eq_sum_normSq_h14' depends on axioms: [propext,
 Classical.choice,
 Quot.sound]
info: LogdetLean/GramHafnian/UltimateHiding/DenseScore/H14_SeparatedFactorIntegralBounds.lean:1278:0: 'LogdetLean.GramHafnian.UltimateHiding.DenseScore.complexProjectiveBilinearNormSq_re_le_tracePair_mul_conjTranspose_re_h14' depends on axioms: [propext,
 Classical.choice,
 Quot.sound]
info: LogdetLean/GramHafnian/UltimateHiding/DenseScore/H14_SeparatedFactorIntegralBounds.lean:1279:0: 'LogdetLean.GramHafnian.UltimateHiding.DenseScore.integral_posSemidef_complexProjectiveTracePair_re_sq_le_h14' depends on axioms: [propext,
 Classical.choice,
 Quot.sound]
info: LogdetLean/GramHafnian/UltimateHiding/DenseScore/H14_SeparatedFactorIntegralBounds.lean:1280:0: 'LogdetLean.GramHafnian.UltimateHiding.DenseScore.complexCenteredProjectiveConjugateSandwich_re_expansion_h14' depends on axioms: [propext,
 Classical.choice,
 Quot.sound]
info: LogdetLean/GramHafnian/UltimateHiding/DenseScore/H14_SeparatedFactorIntegralBounds.lean:1281:0: 'LogdetLean.GramHafnian.UltimateHiding.DenseScore.complexCenteredProjectiveConjugateSandwich_re_sq_pointwise_le_h14' depends on axioms: [propext,
 Classical.choice,
 Quot.sound]
info: LogdetLean/GramHafnian/UltimateHiding/DenseScore/H14_SeparatedFactorIntegralBounds.lean:1282:0: 'LogdetLean.GramHafnian.UltimateHiding.DenseScore.integral_complexCenteredProjectiveConjugateSandwich_re_sq_le_trace_sq_h14' depends on axioms: [propext,
 Classical.choice,
 Quot.sound]
info: LogdetLean/GramHafnian/UltimateHiding/DenseScore/H14_SeparatedFactorIntegralBounds.lean:1283:0: 'LogdetLean.GramHafnian.UltimateHiding.DenseScore.integral_concreteCOERMatrix_centeredConjugateSandwich_re_sq_le_h14' depends on axioms: [propext,
 Classical.choice,
 Quot.sound]
info: LogdetLean/GramHafnian/UltimateHiding/DenseScore/H14_SeparatedFactorIntegralBounds.lean:1284:0: 'LogdetLean.GramHafnian.UltimateHiding.DenseScore.complexCenteredProjectiveSandwich_fin_one_eq_zero_h14' depends on axioms: [propext,
 Classical.choice,
 Quot.sound]
info: LogdetLean/GramHafnian/UltimateHiding/DenseScore/H14_SeparatedFactorIntegralBounds.lean:1285:0: 'LogdetLean.GramHafnian.UltimateHiding.DenseScore.complexCenteredProjectiveConjugateSandwich_fin_one_eq_zero_h14' depends on axioms: [propext,
 Classical.choice,
 Quot.sound]
info: LogdetLean/GramHafnian/UltimateHiding/DenseScore/H14_SeparatedFactorIntegralBounds.lean:1286:0: 'LogdetLean.GramHafnian.UltimateHiding.DenseScore.h14_centeredEllTwoSeparatedFactorIntegralBounds_internal' depends on axioms: [propext,
 Classical.choice,
 Quot.sound]
info: LogdetLean/GramHafnian/UltimateHiding/DenseScore/H14_SeparatedFactorIntegralBounds.lean:1287:0: 'LogdetLean.GramHafnian.UltimateHiding.DenseScore.h14_centeredEllTwoProjectiveContraction_internal' depends on axioms: [propext,
 Classical.choice,
 Quot.sound]
info: LogdetLean/GramHafnian/UltimateHiding/DenseScore/H14_SeparatedFactorIntegralBounds.lean:1288:0: 'LogdetLean.GramHafnian.UltimateHiding.DenseScore.h14_fixedMatrix_projectiveCancellation_package_internal' depends on axioms: [propext,
 Classical.choice,
 Quot.sound]
✔ [9472/9585] Built LogdetLean.GramHafnian.UltimateHiding.H3H4Central.H3_Proof (6.3s)
✔ [9473/9585] Built LogdetLean.GramHafnian.UltimateHiding.DenseScore.H11_FourProjectiveTraceWord (77s)
✔ [9474/9585] Built LogdetLean.GramHafnian.UltimateHiding.DenseScore.H11_FourthDensityNormalization (6.2s)
✔ [9475/9585] Built LogdetLean.GramHafnian.ThreePaper.Verification.HidingAppendixCPaperFacing (6.5s)
⚠ [9476/9585] Built LogdetLean.GramHafnian.UltimateHiding.DenseScore.H13_PosSemidefProjectiveL4 (8.4s)
warning: LogdetLean/GramHafnian/UltimateHiding/DenseScore/H13_PosSemidefProjectiveL4.lean:165:2: Try this: 
  letI̵

The goal is a proposition, so `let` is preferred over `letI`.
The difference between `let` and `letI` is that `letI` inlines the value.
But this is not relevant for proofs because of proof irrelevance.

Note: This linter can be disabled with `set_option linter.style.haveILetI false`
warning: LogdetLean/GramHafnian/UltimateHiding/DenseScore/H13_PosSemidefProjectiveL4.lean:187:2: Try this: 
  letI̵

The goal is a proposition, so `let` is preferred over `letI`.
The difference between `let` and `letI` is that `letI` inlines the value.
But this is not relevant for proofs because of proof irrelevance.

Note: This linter can be disabled with `set_option linter.style.haveILetI false`
⚠ [9477/9585] Built LogdetLean.GramHafnian.UltimateHiding.DenseScore.H14_RadialBetaPrimeClosureConditional (7.3s)
warning: LogdetLean/GramHafnian/UltimateHiding/DenseScore/H14_RadialBetaPrimeClosureConditional.lean:81:18: This simp argument is unused:
  Matrix.smul_mul

Hint: Omit it from the simp argument list.
  [apply] simp [pow_succ, Matrix.mul_smul, Matrix.trace_smul, smul_smul, Complex.mul_re]

Note: This linter can be disabled with `set_option linter.unusedSimpArgs false`
warning: LogdetLean/GramHafnian/UltimateHiding/DenseScore/H14_RadialBetaPrimeClosureConditional.lean:81:35: This simp argument is unused:
  Matrix.mul_smul

Hint: Omit it from the simp argument list.
  [apply] simp [pow_succ, Matrix.smul_mul, Matrix.trace_smul, smul_smul, Complex.mul_re]

Note: This linter can be disabled with `set_option linter.unusedSimpArgs false`
warning: LogdetLean/GramHafnian/UltimateHiding/DenseScore/H14_RadialBetaPrimeClosureConditional.lean:258:8: Used `tac1 <;> tac2` where `(tac1; tac2)` would suffice

Note: This linter can be disabled with `set_option linter.unnecessarySeqFocus false`
warning: LogdetLean/GramHafnian/UltimateHiding/DenseScore/H14_RadialBetaPrimeClosureConditional.lean:277:4: Used `tac1 <;> tac2` where `(tac1; tac2)` would suffice

Note: This linter can be disabled with `set_option linter.unnecessarySeqFocus false`
✔ [9478/9585] Built LogdetLean.GramHafnian.UltimateHiding.H3H4Central.H4_Proof (6.4s)
⚠ [9479/9585] Built LogdetLean.GramHafnian.UltimateHiding.DenseScore.H11_FourthBellNormalizationReducer (7.3s)
warning: LogdetLean/GramHafnian/UltimateHiding/DenseScore/H11_FourthBellNormalizationReducer.lean:153:2: Try this: 
  letI̵

The goal is a proposition, so `let` is preferred over `letI`.
The difference between `let` and `letI` is that `letI` inlines the value.
But this is not relevant for proofs because of proof irrelevance.

Note: This linter can be disabled with `set_option linter.style.haveILetI false`
warning: LogdetLean/GramHafnian/UltimateHiding/DenseScore/H11_FourthBellNormalizationReducer.lean:155:2: Try this: 
  letI̵

The goal is a proposition, so `let` is preferred over `letI`.
The difference between `let` and `letI` is that `letI` inlines the value.
But this is not relevant for proofs because of proof irrelevance.

Note: This linter can be disabled with `set_option linter.style.haveILetI false`
⚠ [9480/9585] Built LogdetLean.GramHafnian.UltimateHiding.DenseScore.H14_DirectExactSharpEnvelopeBound (9.6s)
warning: LogdetLean/GramHafnian/UltimateHiding/DenseScore/H14_DirectExactSharpEnvelopeBound.lean:351:2: Try this: 
  letI̵

The goal is a proposition, so `let` is preferred over `letI`.
The difference between `let` and `letI` is that `letI` inlines the value.
But this is not relevant for proofs because of proof irrelevance.

Note: This linter can be disabled with `set_option linter.style.haveILetI false`
warning: LogdetLean/GramHafnian/UltimateHiding/DenseScore/H14_DirectExactSharpEnvelopeBound.lean:353:2: Try this: 
  letI̵

The goal is a proposition, so `let` is preferred over `letI`.
The difference between `let` and `letI` is that `letI` inlines the value.
But this is not relevant for proofs because of proof irrelevance.

Note: This linter can be disabled with `set_option linter.style.haveILetI false`
⚠ [9481/9585] Built LogdetLean.GramHafnian.UltimateHiding.DenseScore.U08.H14_CenteredEllTwoRadialIntegrationConditional (7.3s)
warning: LogdetLean/GramHafnian/UltimateHiding/DenseScore/U08/H14_CenteredEllTwoRadialIntegrationConditional.lean:141:2: Try this: 
  letI̵

The goal is a proposition, so `let` is preferred over `letI`.
The difference between `let` and `letI` is that `letI` inlines the value.
But this is not relevant for proofs because of proof irrelevance.

Note: This linter can be disabled with `set_option linter.style.haveILetI false`
warning: LogdetLean/GramHafnian/UltimateHiding/DenseScore/U08/H14_CenteredEllTwoRadialIntegrationConditional.lean:143:2: Try this: 
  letI̵

The goal is a proposition, so `let` is preferred over `letI`.
The difference between `let` and `letI` is that `letI` inlines the value.
But this is not relevant for proofs because of proof irrelevance.

Note: This linter can be disabled with `set_option linter.style.haveILetI false`
⚠ [9482/9585] Built LogdetLean.GramHafnian.UltimateHiding.DenseScore.U08.H14_FourthRadialProducerConditional (8.1s)
warning: LogdetLean/GramHafnian/UltimateHiding/DenseScore/U08/H14_FourthRadialProducerConditional.lean:204:13: This simp argument is unused:
  Function.uncurry

Hint: Omit it from the simp argument list.
  [apply] simp only [scaledInverseWishartDenominator, inverseWishartEntryProduct, Fin.prod_univ_four, Matrix.smul_apply,
    smul_eq_mul]

Note: This linter can be disabled with `set_option linter.unusedSimpArgs false`
warning: LogdetLean/GramHafnian/UltimateHiding/DenseScore/U08/H14_FourthRadialProducerConditional.lean:335:2: Try this: 
  letI̵

The goal is a proposition, so `let` is preferred over `letI`.
The difference between `let` and `letI` is that `letI` inlines the value.
But this is not relevant for proofs because of proof irrelevance.

Note: This linter can be disabled with `set_option linter.style.haveILetI false`
warning: LogdetLean/GramHafnian/UltimateHiding/DenseScore/U08/H14_FourthRadialProducerConditional.lean:337:2: Try this: 
  letI̵

The goal is a proposition, so `let` is preferred over `letI`.
The difference between `let` and `letI` is that `letI` inlines the value.
But this is not relevant for proofs because of proof irrelevance.

Note: This linter can be disabled with `set_option linter.style.haveILetI false`
warning: LogdetLean/GramHafnian/UltimateHiding/DenseScore/U08/H14_FourthRadialProducerConditional.lean:451:12: Unused tactic linter: `ring` does nothing

Note: This linter can be disabled with `set_option linter.unusedTactic false`
warning: LogdetLean/GramHafnian/UltimateHiding/DenseScore/U08/H14_FourthRadialProducerConditional.lean:457:12: Unused tactic linter: `ring` does nothing

Note: This linter can be disabled with `set_option linter.unusedTactic false`
warning: LogdetLean/GramHafnian/UltimateHiding/DenseScore/U08/H14_FourthRadialProducerConditional.lean:467:12: Unused tactic linter: `ring` does nothing

Note: This linter can be disabled with `set_option linter.unusedTactic false`
warning: LogdetLean/GramHafnian/UltimateHiding/DenseScore/U08/H14_FourthRadialProducerConditional.lean:473:12: Unused tactic linter: `ring` does nothing

Note: This linter can be disabled with `set_option linter.unusedTactic false`
warning: LogdetLean/GramHafnian/UltimateHiding/DenseScore/U08/H14_FourthRadialProducerConditional.lean:451:12: this tactic is never executed

Note: This linter can be disabled with `set_option linter.unreachableTactic false`
warning: LogdetLean/GramHafnian/UltimateHiding/DenseScore/U08/H14_FourthRadialProducerConditional.lean:457:12: this tactic is never executed

Note: This linter can be disabled with `set_option linter.unreachableTactic false`
warning: LogdetLean/GramHafnian/UltimateHiding/DenseScore/U08/H14_FourthRadialProducerConditional.lean:467:12: this tactic is never executed

Note: This linter can be disabled with `set_option linter.unreachableTactic false`
warning: LogdetLean/GramHafnian/UltimateHiding/DenseScore/U08/H14_FourthRadialProducerConditional.lean:473:12: this tactic is never executed

Note: This linter can be disabled with `set_option linter.unreachableTactic false`
⚠ [9483/9585] Built LogdetLean.GramHafnian.UltimateHiding.DenseLocalStep.ConcreteCentralEventScore (6.6s)
info: LogdetLean/GramHafnian/UltimateHiding/DenseLocalStep/ConcreteCentralEventScore.lean:32:2: Try this:
  [apply] ring_nf
  
  The `ring` tactic failed to close the goal. Use `ring_nf` to obtain a normal form.
    
  Note that `ring` works primarily in *commutative* rings. If you have a noncommutative ring, abelian group or module, consider using `noncomm_ring`, `abel` or `module` instead.
warning: LogdetLean/GramHafnian/UltimateHiding/DenseLocalStep/ConcreteCentralEventScore.lean:31:36: This simp argument is unused:
  Finset.mul_sum

Hint: Omit it from the simp argument list.
  [apply] simp [concreteCentralMatrixUpdate, concreteCentralFactor, Matrix.mul_apply, Real.exp_add, Finset.sum_mul]

Note: This linter can be disabled with `set_option linter.unusedSimpArgs false`
warning: LogdetLean/GramHafnian/UltimateHiding/DenseLocalStep/ConcreteCentralEventScore.lean:31:52: This simp argument is unused:
  Finset.sum_mul

Hint: Omit it from the simp argument list.
  [apply] simp [concreteCentralMatrixUpdate, concreteCentralFactor, Matrix.mul_apply, Real.exp_add, Finset.mul_sum]

Note: This linter can be disabled with `set_option linter.unusedSimpArgs false`
✔ [9484/9585] Built LogdetLean.GramHafnian.UltimateHiding.DenseScore.H11_COEBlockLiteralSign (7.1s)
✔ [9485/9585] Built LogdetLean.GramHafnian.UltimateHiding.DenseScore.H11_OneSidedFourthBellNormalizationReducer (7.1s)
✔ [9486/9585] Built LogdetLean.GramHafnian.UltimateHiding.DenseScore.H11_BellLowerMomentAssembly (8.6s)
✔ [9487/9585] Built LogdetLean.GramHafnian.UltimateHiding.DenseScore.H14_ExactMomentClosure (6.4s)
✔ [9488/9585] Built LogdetLean.GramHafnian.UltimateHiding.DenseScore.H13_PureSixWordProjectiveExpansion (42s)
✔ [9489/9585] Built LogdetLean.GramHafnian.UltimateHiding.DenseScore.CenteredLogScoreOneSquareTwoInternalClosure (6.5s)
⚠ [9490/9585] Built LogdetLean.GramHafnian.UltimateHiding.DenseScore.H13_OneThreeProjectiveReductionA4 (6.5s)
warning: LogdetLean/GramHafnian/UltimateHiding/DenseScore/H13_OneThreeProjectiveReductionA4.lean:37:5: Variable name `hN` is not explicitly referenced.

Hint: The binding can be removed (if unused) or named `_` (if used implicitly). Alternatively, prefix the name with `_` to silence this warning:
  [apply] _hN

Note: This linter can be disabled with `set_option linter.unusedVariables false`
warning: LogdetLean/GramHafnian/UltimateHiding/DenseScore/H13_OneThreeProjectiveReductionA4.lean:37:18: Variable name `hgap` is not explicitly referenced.

Hint: The binding can be removed (if unused) or named `_` (if used implicitly). Alternatively, prefix the name with `_` to silence this warning:
  [apply] _hgap

Note: This linter can be disabled with `set_option linter.unusedVariables false`
warning: LogdetLean/GramHafnian/UltimateHiding/DenseScore/H13_OneThreeProjectiveReductionA4.lean:39:5: Variable name `hsymm` is not explicitly referenced.

Hint: The binding can be removed (if unused) or named `_` (if used implicitly). Alternatively, prefix the name with `_` to silence this warning:
  [apply] _hsymm

Note: This linter can be disabled with `set_option linter.unusedVariables false`
warning: LogdetLean/GramHafnian/UltimateHiding/DenseScore/H13_OneThreeProjectiveReductionA4.lean:40:5: Variable name `hsupport` is not explicitly referenced.

Hint: The binding can be removed (if unused) or named `_` (if used implicitly). Alternatively, prefix the name with `_` to silence this warning:
  [apply] _hsupport

Note: This linter can be disabled with `set_option linter.unusedVariables false`
✔ [9491/9585] Built LogdetLean.GramHafnian.UltimateHiding.DenseScore.H14_StrongProjectiveEnvelopeBound (6.3s)
⚠ [9492/9585] Built LogdetLean.GramHafnian.UltimateHiding.DenseScore.CenteredScoreFubiniLow (7.4s)
warning: LogdetLean/GramHafnian/UltimateHiding/DenseScore/CenteredScoreFubiniLow.lean:35:2: Try this: 
  letI̵

The goal is a proposition, so `let` is preferred over `letI`.
The difference between `let` and `letI` is that `letI` inlines the value.
But this is not relevant for proofs because of proof irrelevance.

Note: This linter can be disabled with `set_option linter.style.haveILetI false`
warning: LogdetLean/GramHafnian/UltimateHiding/DenseScore/CenteredScoreFubiniLow.lean:37:2: Try this: 
  letI̵

The goal is a proposition, so `let` is preferred over `letI`.
The difference between `let` and `letI` is that `letI` inlines the value.
But this is not relevant for proofs because of proof irrelevance.

Note: This linter can be disabled with `set_option linter.style.haveILetI false`
warning: LogdetLean/GramHafnian/UltimateHiding/DenseScore/CenteredScoreFubiniLow.lean:190:2: Try this: 
  letI̵

The goal is a proposition, so `let` is preferred over `letI`.
The difference between `let` and `letI` is that `letI` inlines the value.
But this is not relevant for proofs because of proof irrelevance.

Note: This linter can be disabled with `set_option linter.style.haveILetI false`
warning: LogdetLean/GramHafnian/UltimateHiding/DenseScore/CenteredScoreFubiniLow.lean:204:2: Try this: 
  letI̵

The goal is a proposition, so `let` is preferred over `letI`.
The difference between `let` and `letI` is that `letI` inlines the value.
But this is not relevant for proofs because of proof irrelevance.

Note: This linter can be disabled with `set_option linter.style.haveILetI false`
⚠ [9493/9585] Built LogdetLean.GramHafnian.UltimateHiding.DenseScore.H14_StrongTwoSquareProductBound (8.4s)
warning: LogdetLean/GramHafnian/UltimateHiding/DenseScore/H14_StrongTwoSquareProductBound.lean:42:2: Try this: 
  letI̵

The goal is a proposition, so `let` is preferred over `letI`.
The difference between `let` and `letI` is that `letI` inlines the value.
But this is not relevant for proofs because of proof irrelevance.

Note: This linter can be disabled with `set_option linter.style.haveILetI false`
warning: LogdetLean/GramHafnian/UltimateHiding/DenseScore/H14_StrongTwoSquareProductBound.lean:44:2: Try this: 
  letI̵

The goal is a proposition, so `let` is preferred over `letI`.
The difference between `let` and `letI` is that `letI` inlines the value.
But this is not relevant for proofs because of proof irrelevance.

Note: This linter can be disabled with `set_option linter.style.haveILetI false`
✔ [9494/9585] Built LogdetLean.GramHafnian.UltimateHiding.DenseScore.H13_ScaledH14Envelope (6.0s)
✔ [9495/9585] Built LogdetLean.GramHafnian.UltimateHiding.DenseScore.H13_RelaxedProjectiveEnvelopeTransport (6.6s)
⚠ [9496/9585] Built LogdetLean.GramHafnian.UltimateHiding.DenseScore.H14_UltraSharpProjectiveEnvelopeBound (8.3s)
warning: LogdetLean/GramHafnian/UltimateHiding/DenseScore/H14_UltraSharpProjectiveEnvelopeBound.lean:114:32: Unused tactic linter: `ring` does nothing

Note: This linter can be disabled with `set_option linter.unusedTactic false`
warning: LogdetLean/GramHafnian/UltimateHiding/DenseScore/H14_UltraSharpProjectiveEnvelopeBound.lean:119:32: Unused tactic linter: `ring` does nothing

Note: This linter can be disabled with `set_option linter.unusedTactic false`
warning: LogdetLean/GramHafnian/UltimateHiding/DenseScore/H14_UltraSharpProjectiveEnvelopeBound.lean:129:32: Unused tactic linter: `ring` does nothing

Note: This linter can be disabled with `set_option linter.unusedTactic false`
warning: LogdetLean/GramHafnian/UltimateHiding/DenseScore/H14_UltraSharpProjectiveEnvelopeBound.lean:134:32: Unused tactic linter: `ring` does nothing

Note: This linter can be disabled with `set_option linter.unusedTactic false`
warning: LogdetLean/GramHafnian/UltimateHiding/DenseScore/H14_UltraSharpProjectiveEnvelopeBound.lean:114:32: this tactic is never executed

Note: This linter can be disabled with `set_option linter.unreachableTactic false`
warning: LogdetLean/GramHafnian/UltimateHiding/DenseScore/H14_UltraSharpProjectiveEnvelopeBound.lean:119:32: this tactic is never executed

Note: This linter can be disabled with `set_option linter.unreachableTactic false`
warning: LogdetLean/GramHafnian/UltimateHiding/DenseScore/H14_UltraSharpProjectiveEnvelopeBound.lean:129:32: this tactic is never executed

Note: This linter can be disabled with `set_option linter.unreachableTactic false`
warning: LogdetLean/GramHafnian/UltimateHiding/DenseScore/H14_UltraSharpProjectiveEnvelopeBound.lean:134:32: this tactic is never executed

Note: This linter can be disabled with `set_option linter.unreachableTactic false`
warning: LogdetLean/GramHafnian/UltimateHiding/DenseScore/H14_UltraSharpProjectiveEnvelopeBound.lean:282:2: Try this: 
  letI̵

The goal is a proposition, so `let` is preferred over `letI`.
The difference between `let` and `letI` is that `letI` inlines the value.
But this is not relevant for proofs because of proof irrelevance.

Note: This linter can be disabled with `set_option linter.style.haveILetI false`
warning: LogdetLean/GramHafnian/UltimateHiding/DenseScore/H14_UltraSharpProjectiveEnvelopeBound.lean:284:2: Try this: 
  letI̵

The goal is a proposition, so `let` is preferred over `letI`.
The difference between `let` and `letI` is that `letI` inlines the value.
But this is not relevant for proofs because of proof irrelevance.

Note: This linter can be disabled with `set_option linter.style.haveILetI false`
info: LogdetLean/GramHafnian/UltimateHiding/DenseScore/H14_UltraSharpProjectiveEnvelopeBound.lean:355:0: 'LogdetLean.GramHafnian.UltimateHiding.DenseScore.integral_h14BetaPrimeNormalizedFourthRemainder_le_ultra' depends on axioms: [propext,
 Classical.choice,
 Quot.sound]
info: LogdetLean/GramHafnian/UltimateHiding/DenseScore/H14_UltraSharpProjectiveEnvelopeBound.lean:356:0: 'LogdetLean.GramHafnian.UltimateHiding.DenseScore.centeredLogScore_twoSquare_momentPackage_ultra_A1A2A3' depends on axioms: [propext,
 Classical.choice,
 Quot.sound,
 A2Prime_complexSymmetricTakagiWeyl_symmetricIntegration,
 A3_edelmanSutton_proposition_1_2,
 FriedmanMelloA1.matrixLaw_external]
✔ [9497/9585] Built LogdetLean.GramHafnian.UltimateHiding.DenseScore.H11_BellLowerPackageFromRelaxedH13 (6.6s)
⚠ [9498/9585] Built LogdetLean.GramHafnian.UltimateHiding.DenseScore.H14_HyperSharpProjectiveEnvelopeBound (7.6s)
warning: LogdetLean/GramHafnian/UltimateHiding/DenseScore/H14_HyperSharpProjectiveEnvelopeBound.lean:91:8: Used `tac1 <;> tac2` where `(tac1; tac2)` would suffice

Note: This linter can be disabled with `set_option linter.unnecessarySeqFocus false`
warning: LogdetLean/GramHafnian/UltimateHiding/DenseScore/H14_HyperSharpProjectiveEnvelopeBound.lean:110:4: Used `tac1 <;> tac2` where `(tac1; tac2)` would suffice

Note: This linter can be disabled with `set_option linter.unnecessarySeqFocus false`
warning: LogdetLean/GramHafnian/UltimateHiding/DenseScore/H14_HyperSharpProjectiveEnvelopeBound.lean:208:32: Unused tactic linter: `ring` does nothing

Note: This linter can be disabled with `set_option linter.unusedTactic false`
warning: LogdetLean/GramHafnian/UltimateHiding/DenseScore/H14_HyperSharpProjectiveEnvelopeBound.lean:219:32: Unused tactic linter: `ring` does nothing

Note: This linter can be disabled with `set_option linter.unusedTactic false`
warning: LogdetLean/GramHafnian/UltimateHiding/DenseScore/H14_HyperSharpProjectiveEnvelopeBound.lean:208:32: this tactic is never executed

Note: This linter can be disabled with `set_option linter.unreachableTactic false`
warning: LogdetLean/GramHafnian/UltimateHiding/DenseScore/H14_HyperSharpProjectiveEnvelopeBound.lean:219:32: this tactic is never executed

Note: This linter can be disabled with `set_option linter.unreachableTactic false`
warning: LogdetLean/GramHafnian/UltimateHiding/DenseScore/H14_HyperSharpProjectiveEnvelopeBound.lean:364:2: Try this: 
  letI̵

The goal is a proposition, so `let` is preferred over `letI`.
The difference between `let` and `letI` is that `letI` inlines the value.
But this is not relevant for proofs because of proof irrelevance.

Note: This linter can be disabled with `set_option linter.style.haveILetI false`
warning: LogdetLean/GramHafnian/UltimateHiding/DenseScore/H14_HyperSharpProjectiveEnvelopeBound.lean:366:2: Try this: 
  letI̵

The goal is a proposition, so `let` is preferred over `letI`.
The difference between `let` and `letI` is that `letI` inlines the value.
But this is not relevant for proofs because of proof irrelevance.

Note: This linter can be disabled with `set_option linter.style.haveILetI false`
info: LogdetLean/GramHafnian/UltimateHiding/DenseScore/H14_HyperSharpProjectiveEnvelopeBound.lean:437:0: 'LogdetLean.GramHafnian.UltimateHiding.DenseScore.integral_h14BetaPrimeProjectiveLowerEnvelope_le_hyper' depends on axioms: [propext,
 Classical.choice,
 Quot.sound]
info: LogdetLean/GramHafnian/UltimateHiding/DenseScore/H14_HyperSharpProjectiveEnvelopeBound.lean:438:0: 'LogdetLean.GramHafnian.UltimateHiding.DenseScore.integral_h14BetaPrimeNormalizedFourthRemainder_le_hyper' depends on axioms: [propext,
 Classical.choice,
 Quot.sound]
info: LogdetLean/GramHafnian/UltimateHiding/DenseScore/H14_HyperSharpProjectiveEnvelopeBound.lean:439:0: 'LogdetLean.GramHafnian.UltimateHiding.DenseScore.centeredLogScore_twoSquare_momentPackage_hyper_A1A2A3' depends on axioms: [propext,
 Classical.choice,
 Quot.sound,
 A2Prime_complexSymmetricTakagiWeyl_symmetricIntegration,
 A3_edelmanSutton_proposition_1_2,
 FriedmanMelloA1.matrixLaw_external]
⚠ [9499/9585] Built LogdetLean.GramHafnian.UltimateHiding.DenseScore.H13_OneThreeSupportOperatorBound (102s)
warning: LogdetLean/GramHafnian/UltimateHiding/DenseScore/H13_OneThreeSupportOperatorBound.lean:83:2: Try this: 
  letI̵

The goal is a proposition, so `let` is preferred over `letI`.
The difference between `let` and `letI` is that `letI` inlines the value.
But this is not relevant for proofs because of proof irrelevance.

Note: This linter can be disabled with `set_option linter.style.haveILetI false`
warning: LogdetLean/GramHafnian/UltimateHiding/DenseScore/H13_OneThreeSupportOperatorBound.lean:133:20: Variable name `hb₅` is not explicitly referenced.

Hint: The binding can be removed (if unused) or named `_` (if used implicitly). Alternatively, prefix the name with `_` to silence this warning:
  [apply] _hb₅

Note: This linter can be disabled with `set_option linter.unusedVariables false`
warning: LogdetLean/GramHafnian/UltimateHiding/DenseScore/H13_OneThreeSupportOperatorBound.lean:157:2: Try this: 
  letI̵

The goal is a proposition, so `let` is preferred over `letI`.
The difference between `let` and `letI` is that `letI` inlines the value.
But this is not relevant for proofs because of proof irrelevance.

Note: This linter can be disabled with `set_option linter.style.haveILetI false`
✔ [9500/9585] Built LogdetLean.GramHafnian.UltimateHiding.DenseScore.H13_BilinearSupportGram (6.7s)
✔ [9501/9585] Built LogdetLean.GramHafnian.UltimateHiding.DenseScore.H13_BilinearSupportTraceLedger (4.4s)
✔ [9502/9585] Built LogdetLean.GramHafnian.UltimateHiding.DenseScore.H13_MixedSixWordProjectiveExpansion (43s)
✔ [9503/9585] Built LogdetLean.GramHafnian.UltimateHiding.DenseScore.H13_BilinearSupportGramComparison (4.5s)
✔ [9504/9585] Built LogdetLean.GramHafnian.UltimateHiding.DenseScore.H13_DoubleTransposeSixWordProjectiveExpansion (9.9s)
✔ [9505/9585] Built LogdetLean.GramHafnian.UltimateHiding.DenseScore.H13_FullSixWordProjectivePolynomial (4.7s)
✔ [9506/9585] Built LogdetLean.GramHafnian.UltimateHiding.DenseScore.H13_MixedSupportPositiveFactors (4.8s)
✔ [9507/9585] Built LogdetLean.GramHafnian.UltimateHiding.DenseScore.H13_MixedPairBilinearFactorization (4.5s)
✔ [9508/9585] Built LogdetLean.GramHafnian.UltimateHiding.DenseScore.H13_SixWordSupportSimplification (6.6s)
✔ [9509/9585] Built LogdetLean.GramHafnian.UltimateHiding.DenseScore.H13_BilinearProjectiveL4 (4.6s)
✔ [9510/9585] Built LogdetLean.GramHafnian.UltimateHiding.DenseScore.H13_SharpBilinearProjectiveL4 (4.7s)
✔ [9511/9585] Built LogdetLean.GramHafnian.UltimateHiding.DenseScore.H13_ProjectiveBilinearHolderConsumption (5.4s)
⚠ [9512/9585] Built LogdetLean.GramHafnian.UltimateHiding.DenseScore.H13_SharpCenteredPosSemidefProjectiveL4 (4.1s)
warning: LogdetLean/GramHafnian/UltimateHiding/DenseScore/H13_SharpCenteredPosSemidefProjectiveL4.lean:115:31: This simp argument is unused:
  zero_mul

Hint: Omit it from the simp argument list.
  [apply] simp only [Complex.sub_re, Complex.mul_re, Complex.ofReal_re, Complex.ofReal_im, htim, mul_zero, sub_zero,
    add_zero]

Note: This linter can be disabled with `set_option linter.unusedSimpArgs false`
warning: LogdetLean/GramHafnian/UltimateHiding/DenseScore/H13_SharpCenteredPosSemidefProjectiveL4.lean:115:61: This simp argument is unused:
  add_zero

Hint: Omit it from the simp argument list.
  [apply] simp only [Complex.sub_re, Complex.mul_re, Complex.ofReal_re, Complex.ofReal_im, htim, zero_mul, mul_zero,
    sub_zero]

Note: This linter can be disabled with `set_option linter.unusedSimpArgs false`
⚠ [9513/9585] Built LogdetLean.GramHafnian.UltimateHiding.DenseScore.H13_SharpBilinearGramHolder (5.9s)
warning: LogdetLean/GramHafnian/UltimateHiding/DenseScore/H13_SharpBilinearGramHolder.lean:193:2: Try this: 
  letI̵

The goal is a proposition, so `let` is preferred over `letI`.
The difference between `let` and `letI` is that `letI` inlines the value.
But this is not relevant for proofs because of proof irrelevance.

Note: This linter can be disabled with `set_option linter.style.haveILetI false`
✔ [9514/9585] Built LogdetLean.GramHafnian.UltimateHiding.DenseScore.H13_MixedSupportProjectiveNormalForm (11s)
⚠ [9515/9585] Built LogdetLean.GramHafnian.UltimateHiding.DenseScore.H13_PureProjectiveHolderContraction (194s)
warning: LogdetLean/GramHafnian/UltimateHiding/DenseScore/H13_PureProjectiveHolderContraction.lean:230:2: Try this: 
  letI̵

The goal is a proposition, so `let` is preferred over `letI`.
The difference between `let` and `letI` is that `letI` inlines the value.
But this is not relevant for proofs because of proof irrelevance.

Note: This linter can be disabled with `set_option linter.style.haveILetI false`
warning: LogdetLean/GramHafnian/UltimateHiding/DenseScore/H13_PureProjectiveHolderContraction.lean:294:2: Try this: 
  letI̵

The goal is a proposition, so `let` is preferred over `letI`.
The difference between `let` and `letI` is that `letI` inlines the value.
But this is not relevant for proofs because of proof irrelevance.

Note: This linter can be disabled with `set_option linter.style.haveILetI false`
warning: LogdetLean/GramHafnian/UltimateHiding/DenseScore/H13_PureProjectiveHolderContraction.lean:348:2: Try this: 
  letI̵

The goal is a proposition, so `let` is preferred over `letI`.
The difference between `let` and `letI` is that `letI` inlines the value.
But this is not relevant for proofs because of proof irrelevance.

Note: This linter can be disabled with `set_option linter.style.haveILetI false`
warning: LogdetLean/GramHafnian/UltimateHiding/DenseScore/H13_PureProjectiveHolderContraction.lean:368:11: Used `tac1 <;> tac2` where `(tac1; tac2)` would suffice

Note: This linter can be disabled with `set_option linter.unnecessarySeqFocus false`
warning: LogdetLean/GramHafnian/UltimateHiding/DenseScore/H13_PureProjectiveHolderContraction.lean:409:2: Try this: 
  letI̵

The goal is a proposition, so `let` is preferred over `letI`.
The difference between `let` and `letI` is that `letI` inlines the value.
But this is not relevant for proofs because of proof irrelevance.

Note: This linter can be disabled with `set_option linter.style.haveILetI false`
warning: LogdetLean/GramHafnian/UltimateHiding/DenseScore/H13_PureProjectiveHolderContraction.lean:544:2: Try this: 
  letI̵

The goal is a proposition, so `let` is preferred over `letI`.
The difference between `let` and `letI` is that `letI` inlines the value.
But this is not relevant for proofs because of proof irrelevance.

Note: This linter can be disabled with `set_option linter.style.haveILetI false`
warning: LogdetLean/GramHafnian/UltimateHiding/DenseScore/H13_PureProjectiveHolderContraction.lean:670:2: Try this: 
  letI̵

The goal is a proposition, so `let` is preferred over `letI`.
The difference between `let` and `letI` is that `letI` inlines the value.
But this is not relevant for proofs because of proof irrelevance.

Note: This linter can be disabled with `set_option linter.style.haveILetI false`
✔ [9516/9585] Built LogdetLean.GramHafnian.UltimateHiding.DenseScore.H13_MixedProjectiveHolderContraction (12s)
⚠ [9517/9585] Built LogdetLean.GramHafnian.UltimateHiding.DenseScore.H13_OneThreeRelaxedProjectiveClosure (7.6s)
warning: LogdetLean/GramHafnian/UltimateHiding/DenseScore/H13_OneThreeRelaxedProjectiveClosure.lean:33:5: Variable name `hN` is not explicitly referenced.

Hint: The binding can be removed (if unused) or named `_` (if used implicitly). Alternatively, prefix the name with `_` to silence this warning:
  [apply] _hN

Note: This linter can be disabled with `set_option linter.unusedVariables false`
warning: LogdetLean/GramHafnian/UltimateHiding/DenseScore/H13_OneThreeRelaxedProjectiveClosure.lean:33:18: Variable name `hgap` is not explicitly referenced.

Hint: The binding can be removed (if unused) or named `_` (if used implicitly). Alternatively, prefix the name with `_` to silence this warning:
  [apply] _hgap

Note: This linter can be disabled with `set_option linter.unusedVariables false`
warning: LogdetLean/GramHafnian/UltimateHiding/DenseScore/H13_OneThreeRelaxedProjectiveClosure.lean:35:5: Variable name `hsymm` is not explicitly referenced.

Hint: The binding can be removed (if unused) or named `_` (if used implicitly). Alternatively, prefix the name with `_` to silence this warning:
  [apply] _hsymm

Note: This linter can be disabled with `set_option linter.unusedVariables false`
warning: LogdetLean/GramHafnian/UltimateHiding/DenseScore/H13_OneThreeRelaxedProjectiveClosure.lean:36:5: Variable name `hsupport` is not explicitly referenced.

Hint: The binding can be removed (if unused) or named `_` (if used implicitly). Alternatively, prefix the name with `_` to silence this warning:
  [apply] _hsupport

Note: This linter can be disabled with `set_option linter.unusedVariables false`
warning: LogdetLean/GramHafnian/UltimateHiding/DenseScore/H13_OneThreeRelaxedProjectiveClosure.lean:213:24: Variable name `hd` is not explicitly referenced.

Hint: The binding can be removed (if unused) or named `_` (if used implicitly). Alternatively, prefix the name with `_` to silence this warning:
  [apply] _hd

Note: This linter can be disabled with `set_option linter.unusedVariables false`
warning: LogdetLean/GramHafnian/UltimateHiding/DenseScore/H13_OneThreeRelaxedProjectiveClosure.lean:405:2: Try this: 
  letI̵

The goal is a proposition, so `let` is preferred over `letI`.
The difference between `let` and `letI` is that `letI` inlines the value.
But this is not relevant for proofs because of proof irrelevance.

Note: This linter can be disabled with `set_option linter.style.haveILetI false`
warning: LogdetLean/GramHafnian/UltimateHiding/DenseScore/H13_OneThreeRelaxedProjectiveClosure.lean:407:2: Try this: 
  letI̵

The goal is a proposition, so `let` is preferred over `letI`.
The difference between `let` and `letI` is that `letI` inlines the value.
But this is not relevant for proofs because of proof irrelevance.

Note: This linter can be disabled with `set_option linter.style.haveILetI false`
✔ [9518/9585] Built LogdetLean.GramHafnian.UltimateHiding.DenseScore.H11_FourthMomentClosureA1A4 (4.6s)
⚠ [9519/9585] Built LogdetLean.GramHafnian.UltimateHiding.DenseScore.H13_ScaleTwoProjectiveBound (7.4s)
warning: LogdetLean/GramHafnian/UltimateHiding/DenseScore/H13_ScaleTwoProjectiveBound.lean:355:5: Variable name `hsupport` is not explicitly referenced.

Hint: The binding can be removed (if unused) or named `_` (if used implicitly). Alternatively, prefix the name with `_` to silence this warning:
  [apply] _hsupport

Note: This linter can be disabled with `set_option linter.unusedVariables false`
warning: LogdetLean/GramHafnian/UltimateHiding/DenseScore/H13_ScaleTwoProjectiveBound.lean:542:2: Try this: 
  letI̵

The goal is a proposition, so `let` is preferred over `letI`.
The difference between `let` and `letI` is that `letI` inlines the value.
But this is not relevant for proofs because of proof irrelevance.

Note: This linter can be disabled with `set_option linter.style.haveILetI false`
warning: LogdetLean/GramHafnian/UltimateHiding/DenseScore/H13_ScaleTwoProjectiveBound.lean:544:2: Try this: 
  letI̵

The goal is a proposition, so `let` is preferred over `letI`.
The difference between `let` and `letI` is that `letI` inlines the value.
But this is not relevant for proofs because of proof irrelevance.

Note: This linter can be disabled with `set_option linter.style.haveILetI false`
✔ [9520/9585] Built LogdetLean.GramHafnian.UltimateHiding.DenseScore.ConcreteCenteredFourthScore (4.9s)
⚠ [9521/9585] Built LogdetLean.GramHafnian.UltimateHiding.DenseScore.H13_CombinedSharpProjectiveBound (5.5s)
warning: LogdetLean/GramHafnian/UltimateHiding/DenseScore/H13_CombinedSharpProjectiveBound.lean:409:2: Try this: 
  letI̵

The goal is a proposition, so `let` is preferred over `letI`.
The difference between `let` and `letI` is that `letI` inlines the value.
But this is not relevant for proofs because of proof irrelevance.

Note: This linter can be disabled with `set_option linter.style.haveILetI false`
warning: LogdetLean/GramHafnian/UltimateHiding/DenseScore/H13_CombinedSharpProjectiveBound.lean:411:2: Try this: 
  letI̵

The goal is a proposition, so `let` is preferred over `letI`.
The difference between `let` and `letI` is that `letI` inlines the value.
But this is not relevant for proofs because of proof irrelevance.

Note: This linter can be disabled with `set_option linter.style.haveILetI false`
✔ [9522/9585] Built LogdetLean.GramHafnian.UltimateHiding.DenseScore.CenteredScoreFubiniFourth (4.6s)
✔ [9523/9585] Built LogdetLean.GramHafnian.UltimateHiding.DenseScore.CenteredScoreFubiniFinite (3.3s)
⚠ [9524/9585] Built LogdetLean.GramHafnian.UltimateHiding.DenseScore.CenteredCOERawExternal (3.7s)
warning: LogdetLean/GramHafnian/UltimateHiding/DenseScore/CenteredCOERawExternal.lean:179:2: Try this: 
  letI̵

The goal is a proposition, so `let` is preferred over `letI`.
The difference between `let` and `letI` is that `letI` inlines the value.
But this is not relevant for proofs because of proof irrelevance.

Note: This linter can be disabled with `set_option linter.style.haveILetI false`
warning: LogdetLean/GramHafnian/UltimateHiding/DenseScore/CenteredCOERawExternal.lean:399:5: Variable name `hYtwo` is not explicitly referenced.

Hint: The binding can be removed (if unused) or named `_` (if used implicitly). Alternatively, prefix the name with `_` to silence this warning:
  [apply] _hYtwo

Note: This linter can be disabled with `set_option linter.unusedVariables false`
warning: LogdetLean/GramHafnian/UltimateHiding/DenseScore/CenteredCOERawExternal.lean:424:54: This simp argument is unused:
  htOne

Hint: Omit it from the simp argument list.
  [apply] simp only [concreteProjectiveAveragedSecondDensity, htTwo, hWone, hWY, hRR, concreteCenteredQuadraticDensity,
    concreteCenteredQuadraticTraceBracket, centeredQuadraticTraceBracket]

Note: This linter can be disabled with `set_option linter.unusedSimpArgs false`
warning: LogdetLean/GramHafnian/UltimateHiding/DenseScore/CenteredCOERawExternal.lean:424:61: This simp argument is unused:
  htTwo

Hint: Omit it from the simp argument list.
  [apply] simp only [concreteProjectiveAveragedSecondDensity, htOne, hWone, hWY, hRR, concreteCenteredQuadraticDensity,
    concreteCenteredQuadraticTraceBracket, centeredQuadraticTraceBracket]

Note: This linter can be disabled with `set_option linter.unusedSimpArgs false`
✔ [9525/9585] Built LogdetLean.GramHafnian.UltimateHiding.DenseScore.CenteredScoreFubiniThirdInternal (5.6s)
⚠ [9526/9585] Built LogdetLean.GramHafnian.UltimateHiding.DenseScore.ConcreteCenteredQuadraticScore (5.9s)
warning: LogdetLean/GramHafnian/UltimateHiding/DenseScore/ConcreteCenteredQuadraticScore.lean:128:2: Try this: 
  letI̵

The goal is a proposition, so `let` is preferred over `letI`.
The difference between `let` and `letI` is that `letI` inlines the value.
But this is not relevant for proofs because of proof irrelevance.

Note: This linter can be disabled with `set_option linter.style.haveILetI false`
⚠ [9527/9585] Built LogdetLean.GramHafnian.UltimateHiding.DenseLocalStep.ProjectiveCenteredPathAt (6.3s)
warning: LogdetLean/GramHafnian/UltimateHiding/DenseLocalStep/ProjectiveCenteredPathAt.lean:108:2: Try this: 
  letI̵

The goal is a proposition, so `let` is preferred over `letI`.
The difference between `let` and `letI` is that `letI` inlines the value.
But this is not relevant for proofs because of proof irrelevance.

Note: This linter can be disabled with `set_option linter.style.haveILetI false`
warning: LogdetLean/GramHafnian/UltimateHiding/DenseLocalStep/ProjectiveCenteredPathAt.lean:110:2: Try this: 
  letI̵

The goal is a proposition, so `let` is preferred over `letI`.
The difference between `let` and `letI` is that `letI` inlines the value.
But this is not relevant for proofs because of proof irrelevance.

Note: This linter can be disabled with `set_option linter.style.haveILetI false`
✔ [9528/9585] Built LogdetLean.GramHafnian.UltimateHiding.DenseScore.ConcreteMixedCubicDefinitions (6.5s)
⚠ [9529/9585] Built LogdetLean.GramHafnian.UltimateHiding.DenseLocalStep.ConcreteOrbitalOriginScore (7.0s)
warning: LogdetLean/GramHafnian/UltimateHiding/DenseLocalStep/ConcreteOrbitalOriginScore.lean:101:2: Try this: 
  letI̵

The goal is a proposition, so `let` is preferred over `letI`.
The difference between `let` and `letI` is that `letI` inlines the value.
But this is not relevant for proofs because of proof irrelevance.

Note: This linter can be disabled with `set_option linter.style.haveILetI false`
⚠ [9530/9585] Built LogdetLean.GramHafnian.UltimateHiding.DenseScore.OptimizedFourthScoreBound (8.0s)
warning: LogdetLean/GramHafnian/UltimateHiding/DenseScore/OptimizedFourthScoreBound.lean:210:2: Try this: 
  letI̵

The goal is a proposition, so `let` is preferred over `letI`.
The difference between `let` and `letI` is that `letI` inlines the value.
But this is not relevant for proofs because of proof irrelevance.

Note: This linter can be disabled with `set_option linter.style.haveILetI false`
warning: LogdetLean/GramHafnian/UltimateHiding/DenseScore/OptimizedFourthScoreBound.lean:212:2: Try this: 
  letI̵

The goal is a proposition, so `let` is preferred over `letI`.
The difference between `let` and `letI` is that `letI` inlines the value.
But this is not relevant for proofs because of proof irrelevance.

Note: This linter can be disabled with `set_option linter.style.haveILetI false`
✔ [9531/9585] Built LogdetLean.GramHafnian.UltimateHiding.DenseScore.H14_CanonicalFourthScoreRewire (9.0s)
✔ [9532/9585] Built LogdetLean.GramHafnian.UltimateHiding.DenseScore.ConcreteCubicWitnessCore (6.0s)
✔ [9533/9585] Built LogdetLean.GramHafnian.UltimateHiding.DenseScore.ConcreteCenteredCubicDefinitions (6.4s)
⚠ [9534/9585] Built LogdetLean.GramHafnian.UltimateHiding.DenseScore.H7CentralTraceDerivative (10s)
warning: LogdetLean/GramHafnian/UltimateHiding/DenseScore/H7CentralTraceDerivative.lean:37:8: Definition `LogdetLean.GramHafnian.UltimateHiding.DenseScore.h7MixedMatrixAddCommGroup` of class type is semireducible. Most type class instances should be instance-reducible, so consider marking this
definition with `@[instance_reducible]`. If it is intentionally semireducible, this warning can be disabled with `set_option warn.classDefReducibility false`.
warning: LogdetLean/GramHafnian/UltimateHiding/DenseScore/H7CentralTraceDerivative.lean:42:8: Definition `LogdetLean.GramHafnian.UltimateHiding.DenseScore.h7MixedMatrixModule` of class type is semireducible. Most type class instances should be instance-reducible, so consider marking this
definition with `@[instance_reducible]`. If it is intentionally semireducible, this warning can be disabled with `set_option warn.classDefReducibility false`.
warning: LogdetLean/GramHafnian/UltimateHiding/DenseScore/H7CentralTraceDerivative.lean:47:8: Definition `LogdetLean.GramHafnian.UltimateHiding.DenseScore.h7MixedMatrixRealModule` of class type is semireducible. Most type class instances should be instance-reducible, so consider marking this
definition with `@[instance_reducible]`. If it is intentionally semireducible, this warning can be disabled with `set_option warn.classDefReducibility false`.
warning: LogdetLean/GramHafnian/UltimateHiding/DenseScore/H7CentralTraceDerivative.lean:52:8: Definition `LogdetLean.GramHafnian.UltimateHiding.DenseScore.h7MixedMatrixPseudoMetricSpace` of class type is semireducible. Most type class instances should be instance-reducible, so consider marking this
definition with `@[instance_reducible]`. If it is intentionally semireducible, this warning can be disabled with `set_option warn.classDefReducibility false`.
warning: LogdetLean/GramHafnian/UltimateHiding/DenseScore/H7CentralTraceDerivative.lean:57:8: Definition `LogdetLean.GramHafnian.UltimateHiding.DenseScore.h7MixedMatrixUniformSpace` of class type is semireducible. Most type class instances should be instance-reducible, so consider marking this
definition with `@[instance_reducible]`. If it is intentionally semireducible, this warning can be disabled with `set_option warn.classDefReducibility false`.
warning: LogdetLean/GramHafnian/UltimateHiding/DenseScore/H7CentralTraceDerivative.lean:62:8: Definition `LogdetLean.GramHafnian.UltimateHiding.DenseScore.h7MixedMatrixTopologicalSpace` of class type is semireducible. Most type class instances should be instance-reducible, so consider marking this
definition with `@[instance_reducible]`. If it is intentionally semireducible, this warning can be disabled with `set_option warn.classDefReducibility false`.
warning: LogdetLean/GramHafnian/UltimateHiding/DenseScore/H7CentralTraceDerivative.lean:127:15: `ContinuousLinearMap.neg_apply` has been deprecated: Use `_root_.neg_apply` instead

Note: The updated constant is in a different namespace. Dot notation may need to be changed (e.g., from `x.neg_apply` to `_root_.neg_apply x`).
warning: LogdetLean/GramHafnian/UltimateHiding/DenseScore/H7CentralTraceDerivative.lean:274:15: This simp argument is unused:
  Complex.reCLM_apply

Hint: Omit it from the simp argument list.
  [apply] simp only [Matrix.trace_smul, Matrix.trace_add, Matrix.smul_mul, Matrix.mul_smul, smul_eq_mul, Complex.mul_re,
    Complex.add_re, Complex.sub_re, Complex.neg_re, Complex.ofReal_re, Complex.ofReal_im, zero_mul, sub_zero]

Note: This linter can be disabled with `set_option linter.unusedSimpArgs false`
warning: LogdetLean/GramHafnian/UltimateHiding/DenseScore/H7CentralTraceDerivative.lean:276:6: This simp argument is unused:
  Complex.add_re

Hint: Omit it from the simp argument list.
  [apply] simp only [Complex.reCLM_apply, Matrix.trace_smul, Matrix.trace_add, Matrix.smul_mul, Matrix.mul_smul,
    smul_eq_mul, Complex.mul_re, Complex.sub_re, Complex.neg_re, Complex.ofReal_re, Complex.ofReal_im, zero_mul,
    sub_zero]

Note: This linter can be disabled with `set_option linter.unusedSimpArgs false`
warning: LogdetLean/GramHafnian/UltimateHiding/DenseScore/H7CentralTraceDerivative.lean:276:22: This simp argument is unused:
  Complex.sub_re

Hint: Omit it from the simp argument list.
  [apply] simp only [Complex.reCLM_apply, Matrix.trace_smul, Matrix.trace_add, Matrix.smul_mul, Matrix.mul_smul,
    smul_eq_mul, Complex.mul_re, Complex.add_re, Complex.neg_re, Complex.ofReal_re, Complex.ofReal_im, zero_mul,
    sub_zero]

Note: This linter can be disabled with `set_option linter.unusedSimpArgs false`
warning: LogdetLean/GramHafnian/UltimateHiding/DenseScore/H7CentralTraceDerivative.lean:276:38: This simp argument is unused:
  Complex.neg_re

Hint: Omit it from the simp argument list.
  [apply] simp only [Complex.reCLM_apply, Matrix.trace_smul, Matrix.trace_add, Matrix.smul_mul, Matrix.mul_smul,
    smul_eq_mul, Complex.mul_re, Complex.add_re, Complex.sub_re, Complex.ofReal_re, Complex.ofReal_im, zero_mul,
    sub_zero]

Note: This linter can be disabled with `set_option linter.unusedSimpArgs false`
warning: LogdetLean/GramHafnian/UltimateHiding/DenseScore/H7CentralTraceDerivative.lean:268:4: Unused tactic linter: `change
  (Matrix.trace
        ((((concreteCOEExponent N K : ℝ) : ℂ)) •
          ((-4 : ℝ) • (concreteCOEZ K A + concreteCOEZ K A * concreteCOEZ K A)))).re =
    _` does nothing

Note: This linter can be disabled with `set_option linter.unusedTactic false`
warning: LogdetLean/GramHafnian/UltimateHiding/DenseScore/H7CentralTraceDerivative.lean:344:15: This simp argument is unused:
  Complex.reCLM_apply

Hint: Omit it from the simp argument list.
  [apply] simp only [Matrix.trace_add, Matrix.trace_smul, Matrix.smul_mul, Matrix.mul_smul, Matrix.add_mul,
    Matrix.mul_add, mul_assoc, smul_eq_mul, Complex.add_re, Complex.sub_re, Complex.neg_re, Complex.mul_re,
    Complex.ofReal_re, Complex.ofReal_im, zero_mul, sub_zero]

Note: This linter can be disabled with `set_option linter.unusedSimpArgs false`
warning: LogdetLean/GramHafnian/UltimateHiding/DenseScore/H7CentralTraceDerivative.lean:347:22: This simp argument is unused:
  Complex.sub_re

Hint: Omit it from the simp argument list.
  [apply] simp only [Complex.reCLM_apply, Matrix.trace_add, Matrix.trace_smul, Matrix.smul_mul, Matrix.mul_smul,
    Matrix.add_mul, Matrix.mul_add, mul_assoc, smul_eq_mul, Complex.add_re, Complex.neg_re, Complex.mul_re,
    Complex.ofReal_re, Complex.ofReal_im, zero_mul, sub_zero]

Note: This linter can be disabled with `set_option linter.unusedSimpArgs false`
warning: LogdetLean/GramHafnian/UltimateHiding/DenseScore/H7CentralTraceDerivative.lean:347:38: This simp argument is unused:
  Complex.neg_re

Hint: Omit it from the simp argument list.
  [apply] simp only [Complex.reCLM_apply, Matrix.trace_add, Matrix.trace_smul, Matrix.smul_mul, Matrix.mul_smul,
    Matrix.add_mul, Matrix.mul_add, mul_assoc, smul_eq_mul, Complex.add_re, Complex.sub_re, Complex.mul_re,
    Complex.ofReal_re, Complex.ofReal_im, zero_mul, sub_zero]

Note: This linter can be disabled with `set_option linter.unusedSimpArgs false`
warning: LogdetLean/GramHafnian/UltimateHiding/DenseScore/H7CentralTraceDerivative.lean:339:4: Unused tactic linter: `change (Matrix.trace (dY * concreteCOEY N K A + concreteCOEY N K A * dY)).re = _` does nothing

Note: This linter can be disabled with `set_option linter.unusedTactic false`
⚠ [9535/9585] Built LogdetLean.GramHafnian.UltimateHiding.DenseScore.UltraSharpFourthScoreBound (9.2s)
warning: LogdetLean/GramHafnian/UltimateHiding/DenseScore/UltraSharpFourthScoreBound.lean:109:2: Try this: 
  letI̵

The goal is a proposition, so `let` is preferred over `letI`.
The difference between `let` and `letI` is that `letI` inlines the value.
But this is not relevant for proofs because of proof irrelevance.

Note: This linter can be disabled with `set_option linter.style.haveILetI false`
warning: LogdetLean/GramHafnian/UltimateHiding/DenseScore/UltraSharpFourthScoreBound.lean:111:2: Try this: 
  letI̵

The goal is a proposition, so `let` is preferred over `letI`.
The difference between `let` and `letI` is that `letI` inlines the value.
But this is not relevant for proofs because of proof irrelevance.

Note: This linter can be disabled with `set_option linter.style.haveILetI false`
warning: LogdetLean/GramHafnian/UltimateHiding/DenseScore/UltraSharpFourthScoreBound.lean:293:2: Try this: 
  letI̵

The goal is a proposition, so `let` is preferred over `letI`.
The difference between `let` and `letI` is that `letI` inlines the value.
But this is not relevant for proofs because of proof irrelevance.

Note: This linter can be disabled with `set_option linter.style.haveILetI false`
warning: LogdetLean/GramHafnian/UltimateHiding/DenseScore/UltraSharpFourthScoreBound.lean:295:2: Try this: 
  letI̵

The goal is a proposition, so `let` is preferred over `letI`.
The difference between `let` and `letI` is that `letI` inlines the value.
But this is not relevant for proofs because of proof irrelevance.

Note: This linter can be disabled with `set_option linter.style.haveILetI false`
info: LogdetLean/GramHafnian/UltimateHiding/DenseScore/UltraSharpFourthScoreBound.lean:467:0: 'LogdetLean.GramHafnian.UltimateHiding.DenseScore.centeredLogScore_oneThree_momentPackage_relaxed_ultra_A1A2A3A4' depends on axioms: [propext,
 Classical.choice,
 Quot.sound,
 A2Prime_complexSymmetricTakagiWeyl_symmetricIntegration,
 A3_edelmanSutton_proposition_1_2,
 FriedmanMelloA1.matrixLaw_external]
info: LogdetLean/GramHafnian/UltimateHiding/DenseScore/UltraSharpFourthScoreBound.lean:468:0: 'LogdetLean.GramHafnian.UltimateHiding.DenseScore.concreteCenteredDensityScoreFourProduct_lpNorm_one_le_ultra' depends on axioms: [propext,
 Classical.choice,
 MatsumotoPaper.A4_matsumoto_theorem_3,
 Quot.sound,
 A2Prime_complexSymmetricTakagiWeyl_symmetricIntegration,
 A3_edelmanSutton_proposition_1_2,
 FriedmanMelloA1.matrixLaw_external]
info: LogdetLean/GramHafnian/UltimateHiding/DenseScore/UltraSharpFourthScoreBound.lean:469:0: 'LogdetLean.GramHafnian.UltimateHiding.DenseScore.abs_iteratedDeriv_four_concreteSharedBetaOrbitalEventPath_le_ultra' depends on axioms: [propext,
 Classical.choice,
 MatsumotoPaper.A4_matsumoto_theorem_3,
 Quot.sound,
 A2Prime_complexSymmetricTakagiWeyl_symmetricIntegration,
 A3_edelmanSutton_proposition_1_2,
 FriedmanMelloA1.matrixLaw_external]
✔ [9536/9585] Built LogdetLean.GramHafnian.UltimateHiding.DenseScore.H11H13_CanonicalFourthScoreRewireCore (6.9s)
⚠ [9537/9585] Built LogdetLean.GramHafnian.UltimateHiding.DenseScore.H14_CanonicalQuadraticScoreRewire (7.5s)
warning: LogdetLean/GramHafnian/UltimateHiding/DenseScore/H14_CanonicalQuadraticScoreRewire.lean:32:2: Try this: 
  letI̵

The goal is a proposition, so `let` is preferred over `letI`.
The difference between `let` and `letI` is that `letI` inlines the value.
But this is not relevant for proofs because of proof irrelevance.

Note: This linter can be disabled with `set_option linter.style.haveILetI false`
warning: LogdetLean/GramHafnian/UltimateHiding/DenseScore/H14_CanonicalQuadraticScoreRewire.lean:34:2: Try this: 
  letI̵

The goal is a proposition, so `let` is preferred over `letI`.
The difference between `let` and `letI` is that `letI` inlines the value.
But this is not relevant for proofs because of proof irrelevance.

Note: This linter can be disabled with `set_option linter.style.haveILetI false`
warning: LogdetLean/GramHafnian/UltimateHiding/DenseScore/H14_CanonicalQuadraticScoreRewire.lean:117:2: Try this: 
  letI̵

The goal is a proposition, so `let` is preferred over `letI`.
The difference between `let` and `letI` is that `letI` inlines the value.
But this is not relevant for proofs because of proof irrelevance.

Note: This linter can be disabled with `set_option linter.style.haveILetI false`
warning: LogdetLean/GramHafnian/UltimateHiding/DenseScore/H14_CanonicalQuadraticScoreRewire.lean:373:2: Try this: 
  letI̵

The goal is a proposition, so `let` is preferred over `letI`.
The difference between `let` and `letI` is that `letI` inlines the value.
But this is not relevant for proofs because of proof irrelevance.

Note: This linter can be disabled with `set_option linter.style.haveILetI false`
✔ [9538/9585] Built LogdetLean.GramHafnian.UltimateHiding.DenseScore.H7WitnessConditional (6.6s)
✔ [9539/9585] Built LogdetLean.GramHafnian.UltimateHiding.DenseScore.H7CentralShiftCocycle (7.3s)
⚠ [9540/9585] Built LogdetLean.GramHafnian.UltimateHiding.DenseScore.HyperSharpFourthScoreBound (8.3s)
warning: LogdetLean/GramHafnian/UltimateHiding/DenseScore/HyperSharpFourthScoreBound.lean:107:2: Try this: 
  letI̵

The goal is a proposition, so `let` is preferred over `letI`.
The difference between `let` and `letI` is that `letI` inlines the value.
But this is not relevant for proofs because of proof irrelevance.

Note: This linter can be disabled with `set_option linter.style.haveILetI false`
warning: LogdetLean/GramHafnian/UltimateHiding/DenseScore/HyperSharpFourthScoreBound.lean:109:2: Try this: 
  letI̵

The goal is a proposition, so `let` is preferred over `letI`.
The difference between `let` and `letI` is that `letI` inlines the value.
But this is not relevant for proofs because of proof irrelevance.

Note: This linter can be disabled with `set_option linter.style.haveILetI false`
warning: LogdetLean/GramHafnian/UltimateHiding/DenseScore/HyperSharpFourthScoreBound.lean:274:2: Try this: 
  letI̵

The goal is a proposition, so `let` is preferred over `letI`.
The difference between `let` and `letI` is that `letI` inlines the value.
But this is not relevant for proofs because of proof irrelevance.

Note: This linter can be disabled with `set_option linter.style.haveILetI false`
warning: LogdetLean/GramHafnian/UltimateHiding/DenseScore/HyperSharpFourthScoreBound.lean:276:2: Try this: 
  letI̵

The goal is a proposition, so `let` is preferred over `letI`.
The difference between `let` and `letI` is that `letI` inlines the value.
But this is not relevant for proofs because of proof irrelevance.

Note: This linter can be disabled with `set_option linter.style.haveILetI false`
info: LogdetLean/GramHafnian/UltimateHiding/DenseScore/HyperSharpFourthScoreBound.lean:437:0: 'LogdetLean.GramHafnian.UltimateHiding.DenseScore.centeredLogScore_oneThree_momentPackage_relaxed_hyper_A1A2A3A4' depends on axioms: [propext,
 Classical.choice,
 Quot.sound,
 A2Prime_complexSymmetricTakagiWeyl_symmetricIntegration,
 A3_edelmanSutton_proposition_1_2,
 FriedmanMelloA1.matrixLaw_external]
info: LogdetLean/GramHafnian/UltimateHiding/DenseScore/HyperSharpFourthScoreBound.lean:438:0: 'LogdetLean.GramHafnian.UltimateHiding.DenseScore.concreteCenteredDensityScoreFourProduct_lpNorm_one_le_hyper' depends on axioms: [propext,
 Classical.choice,
 MatsumotoPaper.A4_matsumoto_theorem_3,
 Quot.sound,
 A2Prime_complexSymmetricTakagiWeyl_symmetricIntegration,
 A3_edelmanSutton_proposition_1_2,
 FriedmanMelloA1.matrixLaw_external]
info: LogdetLean/GramHafnian/UltimateHiding/DenseScore/HyperSharpFourthScoreBound.lean:439:0: 'LogdetLean.GramHafnian.UltimateHiding.DenseScore.abs_iteratedDeriv_four_concreteSharedBetaOrbitalEventPath_le_hyper' depends on axioms: [propext,
 Classical.choice,
 MatsumotoPaper.A4_matsumoto_theorem_3,
 Quot.sound,
 A2Prime_complexSymmetricTakagiWeyl_symmetricIntegration,
 A3_edelmanSutton_proposition_1_2,
 FriedmanMelloA1.matrixLaw_external]
✔ [9541/9585] Built LogdetLean.GramHafnian.UltimateHiding.DenseScore.H11H13_CanonicalMomentPackageA1A4 (5.0s)
⚠ [9542/9585] Built LogdetLean.GramHafnian.UltimateHiding.DenseScore.H7ProjectiveHessian (8.8s)
warning: LogdetLean/GramHafnian/UltimateHiding/DenseScore/H7ProjectiveHessian.lean:119:2: Try this: 
  letI̵

The goal is a proposition, so `let` is preferred over `letI`.
The difference between `let` and `letI` is that `letI` inlines the value.
But this is not relevant for proofs because of proof irrelevance.

Note: This linter can be disabled with `set_option linter.style.haveILetI false`
⚠ [9543/9585] Built LogdetLean.GramHafnian.UltimateHiding.DenseScore.ExactSharpFourthScoreBound (6.0s)
warning: LogdetLean/GramHafnian/UltimateHiding/DenseScore/ExactSharpFourthScoreBound.lean:157:2: Try this: 
  letI̵

The goal is a proposition, so `let` is preferred over `letI`.
The difference between `let` and `letI` is that `letI` inlines the value.
But this is not relevant for proofs because of proof irrelevance.

Note: This linter can be disabled with `set_option linter.style.haveILetI false`
warning: LogdetLean/GramHafnian/UltimateHiding/DenseScore/ExactSharpFourthScoreBound.lean:159:2: Try this: 
  letI̵

The goal is a proposition, so `let` is preferred over `letI`.
The difference between `let` and `letI` is that `letI` inlines the value.
But this is not relevant for proofs because of proof irrelevance.

Note: This linter can be disabled with `set_option linter.style.haveILetI false`
✔ [9544/9585] Built LogdetLean.GramHafnian.UltimateHiding.DenseScore.H7MixedProjectiveDerived (5.4s)
⚠ [9545/9585] Built LogdetLean.GramHafnian.UltimateHiding.DenseScore.CombinedSharperFourthScoreBound (8.3s)
warning: LogdetLean/GramHafnian/UltimateHiding/DenseScore/CombinedSharperFourthScoreBound.lean:161:2: Try this: 
  letI̵

The goal is a proposition, so `let` is preferred over `letI`.
The difference between `let` and `letI` is that `letI` inlines the value.
But this is not relevant for proofs because of proof irrelevance.

Note: This linter can be disabled with `set_option linter.style.haveILetI false`
warning: LogdetLean/GramHafnian/UltimateHiding/DenseScore/CombinedSharperFourthScoreBound.lean:163:2: Try this: 
  letI̵

The goal is a proposition, so `let` is preferred over `letI`.
The difference between `let` and `letI` is that `letI` inlines the value.
But this is not relevant for proofs because of proof irrelevance.

Note: This linter can be disabled with `set_option linter.style.haveILetI false`
✔ [9546/9585] Built LogdetLean.GramHafnian.UltimateHiding.DenseScore.H7_ExactProof (4.2s)
⚠ [9547/9585] Built LogdetLean.GramHafnian.UltimateHiding.DenseScore.H7ExactConcreteCenteredCubicIdentification (3.8s)
warning: LogdetLean/GramHafnian/UltimateHiding/DenseScore/H7ExactConcreteCenteredCubicIdentification.lean:35:2: Try this: 
  letI̵

The goal is a proposition, so `let` is preferred over `letI`.
The difference between `let` and `letI` is that `letI` inlines the value.
But this is not relevant for proofs because of proof irrelevance.

Note: This linter can be disabled with `set_option linter.style.haveILetI false`
⚠ [9548/9585] Built LogdetLean.GramHafnian.UltimateHiding.DenseScore.CubicTraceThreeNormalizationRoute (3.7s)
warning: LogdetLean/GramHafnian/UltimateHiding/DenseScore/CubicTraceThreeNormalizationRoute.lean:186:2: Try this: 
  letI̵

The goal is a proposition, so `let` is preferred over `letI`.
The difference between `let` and `letI` is that `letI` inlines the value.
But this is not relevant for proofs because of proof irrelevance.

Note: This linter can be disabled with `set_option linter.style.haveILetI false`
warning: LogdetLean/GramHafnian/UltimateHiding/DenseScore/CubicTraceThreeNormalizationRoute.lean:188:2: Try this: 
  letI̵

The goal is a proposition, so `let` is preferred over `letI`.
The difference between `let` and `letI` is that `letI` inlines the value.
But this is not relevant for proofs because of proof irrelevance.

Note: This linter can be disabled with `set_option linter.style.haveILetI false`
warning: LogdetLean/GramHafnian/UltimateHiding/DenseScore/CubicTraceThreeNormalizationRoute.lean:255:2: Try this: 
  letI̵

The goal is a proposition, so `let` is preferred over `letI`.
The difference between `let` and `letI` is that `letI` inlines the value.
But this is not relevant for proofs because of proof irrelevance.

Note: This linter can be disabled with `set_option linter.style.haveILetI false`
⚠ [9549/9585] Built LogdetLean.GramHafnian.UltimateHiding.DenseScore.CubicTraceThreeRemainderBound (7.2s)
warning: LogdetLean/GramHafnian/UltimateHiding/DenseScore/CubicTraceThreeRemainderBound.lean:454:2: Try this: 
  letI̵

The goal is a proposition, so `let` is preferred over `letI`.
The difference between `let` and `letI` is that `letI` inlines the value.
But this is not relevant for proofs because of proof irrelevance.

Note: This linter can be disabled with `set_option linter.style.haveILetI false`
warning: LogdetLean/GramHafnian/UltimateHiding/DenseScore/CubicTraceThreeRemainderBound.lean:533:2: Try this: 
  letI̵

The goal is a proposition, so `let` is preferred over `letI`.
The difference between `let` and `letI` is that `letI` inlines the value.
But this is not relevant for proofs because of proof irrelevance.

Note: This linter can be disabled with `set_option linter.style.haveILetI false`
warning: LogdetLean/GramHafnian/UltimateHiding/DenseScore/CubicTraceThreeRemainderBound.lean:545:2: Try this: 
  letI̵

The goal is a proposition, so `let` is preferred over `letI`.
The difference between `let` and `letI` is that `letI` inlines the value.
But this is not relevant for proofs because of proof irrelevance.

Note: This linter can be disabled with `set_option linter.style.haveILetI false`
✔ [9550/9585] Built LogdetLean.GramHafnian.UltimateHiding.DenseLocalStep.ConcreteOrbitalCubicScore (5.6s)
⚠ [9551/9585] Built LogdetLean.GramHafnian.UltimateHiding.DenseScore.OptimizedLowerTraceMomentBounds (6.4s)
warning: LogdetLean/GramHafnian/UltimateHiding/DenseScore/OptimizedLowerTraceMomentBounds.lean:87:2: Try this: 
  letI̵

The goal is a proposition, so `let` is preferred over `letI`.
The difference between `let` and `letI` is that `letI` inlines the value.
But this is not relevant for proofs because of proof irrelevance.

Note: This linter can be disabled with `set_option linter.style.haveILetI false`
warning: LogdetLean/GramHafnian/UltimateHiding/DenseScore/OptimizedLowerTraceMomentBounds.lean:159:2: Try this: 
  letI̵

The goal is a proposition, so `let` is preferred over `letI`.
The difference between `let` and `letI` is that `letI` inlines the value.
But this is not relevant for proofs because of proof irrelevance.

Note: This linter can be disabled with `set_option linter.style.haveILetI false`
warning: LogdetLean/GramHafnian/UltimateHiding/DenseScore/OptimizedLowerTraceMomentBounds.lean:178:2: Try this: 
  letI̵

The goal is a proposition, so `let` is preferred over `letI`.
The difference between `let` and `letI` is that `letI` inlines the value.
But this is not relevant for proofs because of proof irrelevance.

Note: This linter can be disabled with `set_option linter.style.haveILetI false`
warning: LogdetLean/GramHafnian/UltimateHiding/DenseScore/OptimizedLowerTraceMomentBounds.lean:264:2: Try this: 
  letI̵

The goal is a proposition, so `let` is preferred over `letI`.
The difference between `let` and `letI` is that `letI` inlines the value.
But this is not relevant for proofs because of proof irrelevance.

Note: This linter can be disabled with `set_option linter.style.haveILetI false`
warning: LogdetLean/GramHafnian/UltimateHiding/DenseScore/OptimizedLowerTraceMomentBounds.lean:276:2: Try this: 
  letI̵

The goal is a proposition, so `let` is preferred over `letI`.
The difference between `let` and `letI` is that `letI` inlines the value.
But this is not relevant for proofs because of proof irrelevance.

Note: This linter can be disabled with `set_option linter.style.haveILetI false`
warning: LogdetLean/GramHafnian/UltimateHiding/DenseScore/OptimizedLowerTraceMomentBounds.lean:327:2: Try this: 
  letI̵

The goal is a proposition, so `let` is preferred over `letI`.
The difference between `let` and `letI` is that `letI` inlines the value.
But this is not relevant for proofs because of proof irrelevance.

Note: This linter can be disabled with `set_option linter.style.haveILetI false`
warning: LogdetLean/GramHafnian/UltimateHiding/DenseScore/OptimizedLowerTraceMomentBounds.lean:339:2: Try this: 
  letI̵

The goal is a proposition, so `let` is preferred over `letI`.
The difference between `let` and `letI` is that `letI` inlines the value.
But this is not relevant for proofs because of proof irrelevance.

Note: This linter can be disabled with `set_option linter.style.haveILetI false`
warning: LogdetLean/GramHafnian/UltimateHiding/DenseScore/OptimizedLowerTraceMomentBounds.lean:476:2: Try this: 
  letI̵

The goal is a proposition, so `let` is preferred over `letI`.
The difference between `let` and `letI` is that `letI` inlines the value.
But this is not relevant for proofs because of proof irrelevance.

Note: This linter can be disabled with `set_option linter.style.haveILetI false`
warning: LogdetLean/GramHafnian/UltimateHiding/DenseScore/OptimizedLowerTraceMomentBounds.lean:495:2: Try this: 
  letI̵

The goal is a proposition, so `let` is preferred over `letI`.
The difference between `let` and `letI` is that `letI` inlines the value.
But this is not relevant for proofs because of proof irrelevance.

Note: This linter can be disabled with `set_option linter.style.haveILetI false`
info: LogdetLean/GramHafnian/UltimateHiding/DenseScore/OptimizedLowerTraceMomentBounds.lean:566:0: 'LogdetLean.GramHafnian.UltimateHiding.DenseScore.betaPrimeYTraceOne_centered_three_momentPackage_optimized' depends on axioms: [propext,
 Classical.choice,
 Quot.sound]
info: LogdetLean/GramHafnian/UltimateHiding/DenseScore/OptimizedLowerTraceMomentBounds.lean:567:0: 'LogdetLean.GramHafnian.UltimateHiding.DenseScore.betaPrimeYTraceOneCube_momentPackage_optimized' depends on axioms: [propext,
 Classical.choice,
 Quot.sound]
info: LogdetLean/GramHafnian/UltimateHiding/DenseScore/OptimizedLowerTraceMomentBounds.lean:568:0: 'LogdetLean.GramHafnian.UltimateHiding.DenseScore.betaPrimeYTraceTwo_centered_two_momentPackage_optimized' depends on axioms: [propext,
 Classical.choice,
 Quot.sound]
info: LogdetLean/GramHafnian/UltimateHiding/DenseScore/OptimizedLowerTraceMomentBounds.lean:569:0: 'LogdetLean.GramHafnian.UltimateHiding.DenseScore.betaPrimeYTraceOneSquare_centered_two_momentPackage_optimized' depends on axioms: [propext,
 Classical.choice,
 Quot.sound]
info: LogdetLean/GramHafnian/UltimateHiding/DenseScore/OptimizedLowerTraceMomentBounds.lean:570:0: 'LogdetLean.GramHafnian.UltimateHiding.DenseScore.betaPrimeYTraceTwo_lpNorm_one_le_optimized' depends on axioms: [propext,
 Classical.choice,
 Quot.sound,
 A2Prime_complexSymmetricTakagiWeyl_symmetricIntegration,
 A3_edelmanSutton_proposition_1_2,
 FriedmanMelloA1.matrixLaw_external]
info: LogdetLean/GramHafnian/UltimateHiding/DenseScore/OptimizedLowerTraceMomentBounds.lean:571:0: 'LogdetLean.GramHafnian.UltimateHiding.DenseScore.betaPrimeYTraceOneTwo_momentPackage_optimized' depends on axioms: [propext,
 Classical.choice,
 Quot.sound]
⚠ [9552/9585] Built LogdetLean.GramHafnian.ThreePaper.Verification.HidingTraceVarianceCentered (10s)
warning: LogdetLean/GramHafnian/ThreePaper/Verification/HidingTraceVarianceCentered.lean:52:2: Try this: 
  letI̵

The goal is a proposition, so `let` is preferred over `letI`.
The difference between `let` and `letI` is that `letI` inlines the value.
But this is not relevant for proofs because of proof irrelevance.

Note: This linter can be disabled with `set_option linter.style.haveILetI false`
warning: LogdetLean/GramHafnian/ThreePaper/Verification/HidingTraceVarianceCentered.lean:120:2: Try this: 
  letI̵

The goal is a proposition, so `let` is preferred over `letI`.
The difference between `let` and `letI` is that `letI` inlines the value.
But this is not relevant for proofs because of proof irrelevance.

Note: This linter can be disabled with `set_option linter.style.haveILetI false`
info: LogdetLean/GramHafnian/ThreePaper/Verification/HidingTraceVarianceCentered.lean:340:0: 'LogdetLean.GramHafnian.ThreePaper.Verification.hiding_S_traceOne_betaPrime' depends on axioms: [propext,
 Classical.choice,
 Quot.sound]
info: LogdetLean/GramHafnian/ThreePaper/Verification/HidingTraceVarianceCentered.lean:341:0: 'LogdetLean.GramHafnian.ThreePaper.Verification.hiding_S_traceTwo_betaPrime' depends on axioms: [propext,
 Classical.choice,
 Quot.sound]
info: LogdetLean/GramHafnian/ThreePaper/Verification/HidingTraceVarianceCentered.lean:342:0: 'LogdetLean.GramHafnian.ThreePaper.Verification.hiding_S_traceThree_betaPrime' depends on axioms: [propext,
 Classical.choice,
 MatsumotoPaper.A4_matsumoto_theorem_3,
 Quot.sound,
 A2Prime_complexSymmetricTakagiWeyl_symmetricIntegration,
 A3_edelmanSutton_proposition_1_2,
 FriedmanMelloA1.matrixLaw_external]
info: LogdetLean/GramHafnian/ThreePaper/Verification/HidingTraceVarianceCentered.lean:343:0: 'LogdetLean.GramHafnian.ThreePaper.Verification.hiding_S_traceOne_concrete' depends on axioms: [propext,
 Classical.choice,
 Quot.sound,
 A2Prime_complexSymmetricTakagiWeyl_symmetricIntegration,
 A3_edelmanSutton_proposition_1_2,
 FriedmanMelloA1.matrixLaw_external]
info: LogdetLean/GramHafnian/ThreePaper/Verification/HidingTraceVarianceCentered.lean:344:0: 'LogdetLean.GramHafnian.ThreePaper.Verification.hiding_S_traceTwo_concrete' depends on axioms: [propext,
 Classical.choice,
 Quot.sound,
 A2Prime_complexSymmetricTakagiWeyl_symmetricIntegration,
 A3_edelmanSutton_proposition_1_2,
 FriedmanMelloA1.matrixLaw_external]
info: LogdetLean/GramHafnian/ThreePaper/Verification/HidingTraceVarianceCentered.lean:345:0: 'LogdetLean.GramHafnian.ThreePaper.Verification.hiding_S_traceThree_concrete' depends on axioms: [propext,
 Classical.choice,
 MatsumotoPaper.A4_matsumoto_theorem_3,
 Quot.sound,
 A2Prime_complexSymmetricTakagiWeyl_symmetricIntegration,
 A3_edelmanSutton_proposition_1_2,
 FriedmanMelloA1.matrixLaw_external]
info: LogdetLean/GramHafnian/ThreePaper/Verification/HidingTraceVarianceCentered.lean:346:0: 'LogdetLean.GramHafnian.ThreePaper.Verification.hiding_S_moments_literal' depends on axioms: [propext,
 Classical.choice,
 MatsumotoPaper.A4_matsumoto_theorem_3,
 Quot.sound,
 A2Prime_complexSymmetricTakagiWeyl_symmetricIntegration,
 A3_edelmanSutton_proposition_1_2,
 FriedmanMelloA1.matrixLaw_external]
info: LogdetLean/GramHafnian/ThreePaper/Verification/HidingTraceVarianceCentered.lean:347:0: 'LogdetLean.GramHafnian.ThreePaper.Verification.hiding_S_moments_literal_memLp' depends on axioms: [propext,
 Classical.choice,
 MatsumotoPaper.A4_matsumoto_theorem_3,
 Quot.sound,
 A2Prime_complexSymmetricTakagiWeyl_symmetricIntegration,
 A3_edelmanSutton_proposition_1_2,
 FriedmanMelloA1.matrixLaw_external]
info: LogdetLean/GramHafnian/ThreePaper/Verification/HidingTraceVarianceCentered.lean:348:0: 'LogdetLean.GramHafnian.ThreePaper.Verification.hiding_S_moments_literal_commonConstant' depends on axioms: [propext,
 Classical.choice,
 MatsumotoPaper.A4_matsumoto_theorem_3,
 Quot.sound,
 A2Prime_complexSymmetricTakagiWeyl_symmetricIntegration,
 A3_edelmanSutton_proposition_1_2,
 FriedmanMelloA1.matrixLaw_external]
✔ [9553/9585] Built LogdetLean.GramHafnian.UltimateHiding.DenseScore.OptimizedCubicNormalizationBound (6.5s)
⚠ [9554/9585] Built LogdetLean.GramHafnian.UltimateHiding.DenseScore.OptimizedCentralAndQuadraticScoreBounds (6.9s)
warning: LogdetLean/GramHafnian/UltimateHiding/DenseScore/OptimizedCentralAndQuadraticScoreBounds.lean:191:2: Try this: 
  letI̵

The goal is a proposition, so `let` is preferred over `letI`.
The difference between `let` and `letI` is that `letI` inlines the value.
But this is not relevant for proofs because of proof irrelevance.

Note: This linter can be disabled with `set_option linter.style.haveILetI false`
warning: LogdetLean/GramHafnian/UltimateHiding/DenseScore/OptimizedCentralAndQuadraticScoreBounds.lean:223:2: Try this: 
  letI̵

The goal is a proposition, so `let` is preferred over `letI`.
The difference between `let` and `letI` is that `letI` inlines the value.
But this is not relevant for proofs because of proof irrelevance.

Note: This linter can be disabled with `set_option linter.style.haveILetI false`
warning: LogdetLean/GramHafnian/UltimateHiding/DenseScore/OptimizedCentralAndQuadraticScoreBounds.lean:338:4: Unused tactic linter: `change
  concreteCentralLogScoreOne N K A ^ 2 + concreteCentralLogScoreTwo N K A = ellOne A ^ 2 + ellTwo A` does nothing

Note: This linter can be disabled with `set_option linter.unusedTactic false`
warning: LogdetLean/GramHafnian/UltimateHiding/DenseScore/OptimizedCentralAndQuadraticScoreBounds.lean:432:2: Try this: 
  letI̵

The goal is a proposition, so `let` is preferred over `letI`.
The difference between `let` and `letI` is that `letI` inlines the value.
But this is not relevant for proofs because of proof irrelevance.

Note: This linter can be disabled with `set_option linter.style.haveILetI false`
⚠ [9555/9585] Built LogdetLean.GramHafnian.UltimateHiding.DenseLocalStep.OptimizedLowOrderEventScore (4.8s)
warning: LogdetLean/GramHafnian/UltimateHiding/DenseLocalStep/OptimizedLowOrderEventScore.lean:86:2: Try this: 
  letI̵

The goal is a proposition, so `let` is preferred over `letI`.
The difference between `let` and `letI` is that `letI` inlines the value.
But this is not relevant for proofs because of proof irrelevance.

Note: This linter can be disabled with `set_option linter.style.haveILetI false`
✔ [9556/9585] Built LogdetLean.GramHafnian.UltimateHiding.DenseScore.UltraDenseCubicCoefficientBounds (6.5s)
⚠ [9557/9585] Built LogdetLean.GramHafnian.UltimateHiding.DenseScore.Sharp34LowOrderScoreBounds (5.2s)
warning: LogdetLean/GramHafnian/UltimateHiding/DenseScore/Sharp34LowOrderScoreBounds.lean:37:2: Try this: 
  letI̵

The goal is a proposition, so `let` is preferred over `letI`.
The difference between `let` and `letI` is that `letI` inlines the value.
But this is not relevant for proofs because of proof irrelevance.

Note: This linter can be disabled with `set_option linter.style.haveILetI false`
warning: LogdetLean/GramHafnian/UltimateHiding/DenseScore/Sharp34LowOrderScoreBounds.lean:57:2: Try this: 
  letI̵

The goal is a proposition, so `let` is preferred over `letI`.
The difference between `let` and `letI` is that `letI` inlines the value.
But this is not relevant for proofs because of proof irrelevance.

Note: This linter can be disabled with `set_option linter.style.haveILetI false`
warning: LogdetLean/GramHafnian/UltimateHiding/DenseScore/Sharp34LowOrderScoreBounds.lean:298:2: Try this: 
  letI̵

The goal is a proposition, so `let` is preferred over `letI`.
The difference between `let` and `letI` is that `letI` inlines the value.
But this is not relevant for proofs because of proof irrelevance.

Note: This linter can be disabled with `set_option linter.style.haveILetI false`
warning: LogdetLean/GramHafnian/UltimateHiding/DenseScore/Sharp34LowOrderScoreBounds.lean:343:2: Try this: 
  letI̵

The goal is a proposition, so `let` is preferred over `letI`.
The difference between `let` and `letI` is that `letI` inlines the value.
But this is not relevant for proofs because of proof irrelevance.

Note: This linter can be disabled with `set_option linter.style.haveILetI false`
⚠ [9558/9585] Built LogdetLean.GramHafnian.UltimateHiding.DenseScore.UltraNGeTwoCubicNormalizationBound (5.2s)
warning: LogdetLean/GramHafnian/UltimateHiding/DenseScore/UltraNGeTwoCubicNormalizationBound.lean:52:2: Try this: 
  letI̵

The goal is a proposition, so `let` is preferred over `letI`.
The difference between `let` and `letI` is that `letI` inlines the value.
But this is not relevant for proofs because of proof irrelevance.

Note: This linter can be disabled with `set_option linter.style.haveILetI false`
⚠ [9559/9585] Built LogdetLean.GramHafnian.UltimateHiding.DenseScore.ExactVarianceLowOrderScoreBounds (5.8s)
warning: LogdetLean/GramHafnian/UltimateHiding/DenseScore/ExactVarianceLowOrderScoreBounds.lean:172:2: Try this: 
  letI̵

The goal is a proposition, so `let` is preferred over `letI`.
The difference between `let` and `letI` is that `letI` inlines the value.
But this is not relevant for proofs because of proof irrelevance.

Note: This linter can be disabled with `set_option linter.style.haveILetI false`
warning: LogdetLean/GramHafnian/UltimateHiding/DenseScore/ExactVarianceLowOrderScoreBounds.lean:371:2: Try this: 
  letI̵

The goal is a proposition, so `let` is preferred over `letI`.
The difference between `let` and `letI` is that `letI` inlines the value.
But this is not relevant for proofs because of proof irrelevance.

Note: This linter can be disabled with `set_option linter.style.haveILetI false`
warning: LogdetLean/GramHafnian/UltimateHiding/DenseScore/ExactVarianceLowOrderScoreBounds.lean:403:2: Try this: 
  letI̵

The goal is a proposition, so `let` is preferred over `letI`.
The difference between `let` and `letI` is that `letI` inlines the value.
But this is not relevant for proofs because of proof irrelevance.

Note: This linter can be disabled with `set_option linter.style.haveILetI false`
warning: LogdetLean/GramHafnian/UltimateHiding/DenseScore/ExactVarianceLowOrderScoreBounds.lean:505:4: Unused tactic linter: `change
  concreteCentralLogScoreOne N K A ^ 2 + concreteCentralLogScoreTwo N K A = ellOne A ^ 2 + ellTwo A` does nothing

Note: This linter can be disabled with `set_option linter.unusedTactic false`
warning: LogdetLean/GramHafnian/UltimateHiding/DenseScore/ExactVarianceLowOrderScoreBounds.lean:600:2: Try this: 
  letI̵

The goal is a proposition, so `let` is preferred over `letI`.
The difference between `let` and `letI` is that `letI` inlines the value.
But this is not relevant for proofs because of proof irrelevance.

Note: This linter can be disabled with `set_option linter.style.haveILetI false`
warning: LogdetLean/GramHafnian/UltimateHiding/DenseScore/ExactVarianceLowOrderScoreBounds.lean:682:2: Try this: 
  letI̵

The goal is a proposition, so `let` is preferred over `letI`.
The difference between `let` and `letI` is that `letI` inlines the value.
But this is not relevant for proofs because of proof irrelevance.

Note: This linter can be disabled with `set_option linter.style.haveILetI false`
✔ [9560/9585] Built LogdetLean.GramHafnian.UltimateHiding.DenseLocalStep.CombinedSharperCanonicalScoreCertificate (3.5s)
✔ [9561/9585] Built LogdetLean.GramHafnian.UltimateHiding.DenseLocalStep.ConcreteCanonicalMatrixEndpoints (5.6s)
⚠ [9562/9585] Built LogdetLean.GramHafnian.ThreePaper.Verification.HidingLemmaIII3PaperFacing (7.0s)
warning: LogdetLean/GramHafnian/ThreePaper/Verification/HidingLemmaIII3PaperFacing.lean:233:4: Try this: 
  letI̵

The goal is a proposition, so `let` is preferred over `letI`.
The difference between `let` and `letI` is that `letI` inlines the value.
But this is not relevant for proofs because of proof irrelevance.

Note: This linter can be disabled with `set_option linter.style.haveILetI false`
warning: LogdetLean/GramHafnian/ThreePaper/Verification/HidingLemmaIII3PaperFacing.lean:268:2: Try this: 
  letI̵

The goal is a proposition, so `let` is preferred over `letI`.
The difference between `let` and `letI` is that `letI` inlines the value.
But this is not relevant for proofs because of proof irrelevance.

Note: This linter can be disabled with `set_option linter.style.haveILetI false`
warning: LogdetLean/GramHafnian/ThreePaper/Verification/HidingLemmaIII3PaperFacing.lean:270:2: Try this: 
  letI̵

The goal is a proposition, so `let` is preferred over `letI`.
The difference between `let` and `letI` is that `letI` inlines the value.
But this is not relevant for proofs because of proof irrelevance.

Note: This linter can be disabled with `set_option linter.style.haveILetI false`
info: LogdetLean/GramHafnian/ThreePaper/Verification/HidingLemmaIII3PaperFacing.lean:467:0: 'LogdetLean.GramHafnian.ThreePaper.Verification.hidingLemmaIII3_eventwise_A1A2A3A4' depends on axioms: [propext,
 Classical.choice,
 MatsumotoPaper.A4_matsumoto_theorem_3,
 Quot.sound,
 A2Prime_complexSymmetricTakagiWeyl_symmetricIntegration,
 A3_edelmanSutton_proposition_1_2,
 FriedmanMelloA1.matrixLaw_external]
info: LogdetLean/GramHafnian/ThreePaper/Verification/HidingLemmaIII3PaperFacing.lean:468:0: 'LogdetLean.GramHafnian.ThreePaper.Verification.hidingOneColumnComponentTVBounds_A1A2A3A4' depends on axioms: [propext,
 Classical.choice,
 MatsumotoPaper.A4_matsumoto_theorem_3,
 Quot.sound,
 A2Prime_complexSymmetricTakagiWeyl_symmetricIntegration,
 A3_edelmanSutton_proposition_1_2,
 FriedmanMelloA1.matrixLaw_external]
info: LogdetLean/GramHafnian/ThreePaper/Verification/HidingLemmaIII3PaperFacing.lean:469:0: 'LogdetLean.GramHafnian.ThreePaper.Verification.hidingOneColumnTVLE_615138_A1A2A3A4' depends on axioms: [propext,
 Classical.choice,
 MatsumotoPaper.A4_matsumoto_theorem_3,
 Quot.sound,
 A2Prime_complexSymmetricTakagiWeyl_symmetricIntegration,
 A3_edelmanSutton_proposition_1_2,
 FriedmanMelloA1.matrixLaw_external]
info: LogdetLean/GramHafnian/ThreePaper/Verification/HidingLemmaIII3PaperFacing.lean:470:0: 'LogdetLean.GramHafnian.ThreePaper.Verification.eq_hide_one_step_taylor_decomposition_A1A2A3A4' depends on axioms: [propext,
 Classical.choice,
 MatsumotoPaper.A4_matsumoto_theorem_3,
 Quot.sound,
 A2Prime_complexSymmetricTakagiWeyl_symmetricIntegration,
 A3_edelmanSutton_proposition_1_2,
 FriedmanMelloA1.matrixLaw_external]
info: LogdetLean/GramHafnian/ThreePaper/Verification/HidingLemmaIII3PaperFacing.lean:471:0: 'LogdetLean.GramHafnian.ThreePaper.Verification.eq_hide_fourth_ell_one_fourth_moment_A1A2A3A4' depends on axioms: [propext,
 Classical.choice,
 Quot.sound,
 A2Prime_complexSymmetricTakagiWeyl_symmetricIntegration,
 A3_edelmanSutton_proposition_1_2,
 FriedmanMelloA1.matrixLaw_external]
info: LogdetLean/GramHafnian/ThreePaper/Verification/HidingLemmaIII3PaperFacing.lean:472:0: 'LogdetLean.GramHafnian.ThreePaper.Verification.eq_hide_fourth_ell_two_square_moment_A1A2A3' depends on axioms: [propext,
 Classical.choice,
 Quot.sound,
 A2Prime_complexSymmetricTakagiWeyl_symmetricIntegration,
 A3_edelmanSutton_proposition_1_2,
 FriedmanMelloA1.matrixLaw_external]
info: LogdetLean/GramHafnian/ThreePaper/Verification/HidingLemmaIII3PaperFacing.lean:473:0: 'LogdetLean.GramHafnian.ThreePaper.Verification.eq_hide_fourth_ell_one_three_moment_A1A2A3A4' depends on axioms: [propext,
 Classical.choice,
 Quot.sound,
 A2Prime_complexSymmetricTakagiWeyl_symmetricIntegration,
 A3_edelmanSutton_proposition_1_2,
 FriedmanMelloA1.matrixLaw_external]
info: LogdetLean/GramHafnian/ThreePaper/Verification/HidingLemmaIII3PaperFacing.lean:474:0: 'LogdetLean.GramHafnian.ThreePaper.Verification.eq_hide_congruence_action' depends on axioms: [propext,
 Classical.choice,
 Quot.sound]
info: LogdetLean/GramHafnian/ThreePaper/Verification/HidingLemmaIII3PaperFacing.lean:475:0: 'LogdetLean.GramHafnian.ThreePaper.Verification.eq_hide_radial_one_column_commute' depends on axioms: [propext,
 Classical.choice,
 Quot.sound]
info: LogdetLean/GramHafnian/ThreePaper/Verification/HidingLemmaIII3PaperFacing.lean:476:0: 'LogdetLean.GramHafnian.ThreePaper.Verification.eq_hide_radial_TV' depends on axioms: [propext,
 Classical.choice,
 Quot.sound]
ℹ [9563/9585] Built LogdetLean.GramHafnian.UltimateHiding.UniformlyHidingA1A4Only (5.2s)
info: LogdetLean/GramHafnian/UltimateHiding/UniformlyHidingA1A4Only.lean:72:0: 'LogdetLean.GramHafnian.UltimateHiding.uniformlyHidingSquaredAt_explicitConstant_A1A4Only' depends on axioms: [propext,
 Classical.choice,
 MatsumotoPaper.A4_matsumoto_theorem_3,
 Quot.sound,
 LogdetLean.GramHafnian.UltimateHiding.DenseScore.A2Prime_complexSymmetricTakagiWeyl_symmetricIntegration,
 LogdetLean.GramHafnian.UltimateHiding.DenseScore.A3_edelmanSutton_proposition_1_2,
 LogdetLean.GramHafnian.UltimateHiding.DenseScore.FriedmanMelloA1.matrixLaw_external]
info: LogdetLean/GramHafnian/UltimateHiding/UniformlyHidingA1A4Only.lean:73:0: 'LogdetLean.GramHafnian.UltimateHiding.uniformlyHiding_A1A4Only' depends on axioms: [propext,
 Classical.choice,
 MatsumotoPaper.A4_matsumoto_theorem_3,
 Quot.sound,
 LogdetLean.GramHafnian.UltimateHiding.DenseScore.A2Prime_complexSymmetricTakagiWeyl_symmetricIntegration,
 LogdetLean.GramHafnian.UltimateHiding.DenseScore.A3_edelmanSutton_proposition_1_2,
 LogdetLean.GramHafnian.UltimateHiding.DenseScore.FriedmanMelloA1.matrixLaw_external]
✔ [9564/9585] Built LogdetLean.GramHafnian.MatrixLawEndpoints.EquationEndpoints (5.4s)
ℹ [9565/9585] Built LogdetLean.GramHafnian.ThreePaper.DisjointGaussianRows (3.6s)
info: LogdetLean/GramHafnian/ThreePaper/DisjointGaussianRows.lean:208:0: 'LogdetLean.GramHafnian.ThreePaper.DisjointGaussianRows.iIndepFun_orderedRowBlocks' depends on axioms: [propext,
 Classical.choice,
 Quot.sound]
info: LogdetLean/GramHafnian/ThreePaper/DisjointGaussianRows.lean:209:0: 'LogdetLean.GramHafnian.ThreePaper.DisjointGaussianRows.iIndepFun_orderedNormalizedGrams' depends on axioms: [propext,
 Classical.choice,
 Quot.sound]
info: LogdetLean/GramHafnian/ThreePaper/DisjointGaussianRows.lean:210:0: 'LogdetLean.GramHafnian.ThreePaper.DisjointGaussianRows.map_orderedNormalizedGram' depends on axioms: [propext,
 Classical.choice,
 Quot.sound]
info: LogdetLean/GramHafnian/ThreePaper/DisjointGaussianRows.lean:211:0: 'LogdetLean.GramHafnian.ThreePaper.DisjointGaussianRows.normalizedGaussianTransposeGramLaw_eq_map_source' depends on axioms: [propext,
 Classical.choice,
 Quot.sound]
⚠ [9566/9585] Built LogdetLean.GramHafnian.ThreePaper.UniformMatrixHiding (5.2s)
warning: LogdetLean/GramHafnian/ThreePaper/UniformMatrixHiding.lean:42:2: Try this: 
  letI̵

The goal is a proposition, so `let` is preferred over `letI`.
The difference between `let` and `letI` is that `letI` inlines the value.
But this is not relevant for proofs because of proof irrelevance.

Note: This linter can be disabled with `set_option linter.style.haveILetI false`
warning: LogdetLean/GramHafnian/ThreePaper/UniformMatrixHiding.lean:304:8: Variable name `j` is not explicitly referenced.

Hint: The binding can be removed (if unused) or named `_` (if used implicitly). Alternatively, prefix the name with `_` to silence this warning:
  [apply] _j

Note: This linter can be disabled with `set_option linter.unusedVariables false`
warning: LogdetLean/GramHafnian/ThreePaper/UniformMatrixHiding.lean:641:2: Try this: 
  letI̵

The goal is a proposition, so `let` is preferred over `letI`.
The difference between `let` and `letI` is that `letI` inlines the value.
But this is not relevant for proofs because of proof irrelevance.

Note: This linter can be disabled with `set_option linter.style.haveILetI false`
warning: LogdetLean/GramHafnian/ThreePaper/UniformMatrixHiding.lean:688:2: Try this: 
  letI̵

The goal is a proposition, so `let` is preferred over `letI`.
The difference between `let` and `letI` is that `letI` inlines the value.
But this is not relevant for proofs because of proof irrelevance.

Note: This linter can be disabled with `set_option linter.style.haveILetI false`
warning: LogdetLean/GramHafnian/ThreePaper/UniformMatrixHiding.lean:729:2: Try this: 
  letI̵

The goal is a proposition, so `let` is preferred over `letI`.
The difference between `let` and `letI` is that `letI` inlines the value.
But this is not relevant for proofs because of proof irrelevance.

Note: This linter can be disabled with `set_option linter.style.haveILetI false`
warning: LogdetLean/GramHafnian/ThreePaper/UniformMatrixHiding.lean:731:2: Try this: 
  letI̵

The goal is a proposition, so `let` is preferred over `letI`.
The difference between `let` and `letI` is that `letI` inlines the value.
But this is not relevant for proofs because of proof irrelevance.

Note: This linter can be disabled with `set_option linter.style.haveILetI false`
warning: LogdetLean/GramHafnian/ThreePaper/UniformMatrixHiding.lean:733:2: Try this: 
  letI̵

The goal is a proposition, so `let` is preferred over `letI`.
The difference between `let` and `letI` is that `letI` inlines the value.
But this is not relevant for proofs because of proof irrelevance.

Note: This linter can be disabled with `set_option linter.style.haveILetI false`
warning: LogdetLean/GramHafnian/ThreePaper/UniformMatrixHiding.lean:735:2: Try this: 
  letI̵

The goal is a proposition, so `let` is preferred over `letI`.
The difference between `let` and `letI` is that `letI` inlines the value.
But this is not relevant for proofs because of proof irrelevance.

Note: This linter can be disabled with `set_option linter.style.haveILetI false`
warning: LogdetLean/GramHafnian/ThreePaper/UniformMatrixHiding.lean:821:2: Try this: 
  letI̵

The goal is a proposition, so `let` is preferred over `letI`.
The difference between `let` and `letI` is that `letI` inlines the value.
But this is not relevant for proofs because of proof irrelevance.

Note: This linter can be disabled with `set_option linter.style.haveILetI false`
warning: LogdetLean/GramHafnian/ThreePaper/UniformMatrixHiding.lean:823:2: Try this: 
  letI̵

The goal is a proposition, so `let` is preferred over `letI`.
The difference between `let` and `letI` is that `letI` inlines the value.
But this is not relevant for proofs because of proof irrelevance.

Note: This linter can be disabled with `set_option linter.style.haveILetI false`
warning: LogdetLean/GramHafnian/ThreePaper/UniformMatrixHiding.lean:918:2: Try this: 
  letI̵

The goal is a proposition, so `let` is preferred over `letI`.
The difference between `let` and `letI` is that `letI` inlines the value.
But this is not relevant for proofs because of proof irrelevance.

Note: This linter can be disabled with `set_option linter.style.haveILetI false`
warning: LogdetLean/GramHafnian/ThreePaper/UniformMatrixHiding.lean:920:2: Try this: 
  letI̵

The goal is a proposition, so `let` is preferred over `letI`.
The difference between `let` and `letI` is that `letI` inlines the value.
But this is not relevant for proofs because of proof irrelevance.

Note: This linter can be disabled with `set_option linter.style.haveILetI false`
warning: LogdetLean/GramHafnian/ThreePaper/UniformMatrixHiding.lean:923:2: Try this: 
  letI̵

The goal is a proposition, so `let` is preferred over `letI`.
The difference between `let` and `letI` is that `letI` inlines the value.
But this is not relevant for proofs because of proof irrelevance.

Note: This linter can be disabled with `set_option linter.style.haveILetI false`
warning: LogdetLean/GramHafnian/ThreePaper/UniformMatrixHiding.lean:1151:2: Try this: 
  letI̵

The goal is a proposition, so `let` is preferred over `letI`.
The difference between `let` and `letI` is that `letI` inlines the value.
But this is not relevant for proofs because of proof irrelevance.

Note: This linter can be disabled with `set_option linter.style.haveILetI false`
warning: LogdetLean/GramHafnian/ThreePaper/UniformMatrixHiding.lean:1155:2: Try this: 
  letI̵

The goal is a proposition, so `let` is preferred over `letI`.
The difference between `let` and `letI` is that `letI` inlines the value.
But this is not relevant for proofs because of proof irrelevance.

Note: This linter can be disabled with `set_option linter.style.haveILetI false`
warning: LogdetLean/GramHafnian/ThreePaper/UniformMatrixHiding.lean:1158:2: Try this: 
  letI̵

The goal is a proposition, so `let` is preferred over `letI`.
The difference between `let` and `letI` is that `letI` inlines the value.
But this is not relevant for proofs because of proof irrelevance.

Note: This linter can be disabled with `set_option linter.style.haveILetI false`
warning: LogdetLean/GramHafnian/ThreePaper/UniformMatrixHiding.lean:1162:2: Try this: 
  letI̵

The goal is a proposition, so `let` is preferred over `letI`.
The difference between `let` and `letI` is that `letI` inlines the value.
But this is not relevant for proofs because of proof irrelevance.

Note: This linter can be disabled with `set_option linter.style.haveILetI false`
warning: LogdetLean/GramHafnian/ThreePaper/UniformMatrixHiding.lean:1302:2: Try this: 
  letI̵

The goal is a proposition, so `let` is preferred over `letI`.
The difference between `let` and `letI` is that `letI` inlines the value.
But this is not relevant for proofs because of proof irrelevance.

Note: This linter can be disabled with `set_option linter.style.haveILetI false`
warning: LogdetLean/GramHafnian/ThreePaper/UniformMatrixHiding.lean:1304:2: Try this: 
  letI̵

The goal is a proposition, so `let` is preferred over `letI`.
The difference between `let` and `letI` is that `letI` inlines the value.
But this is not relevant for proofs because of proof irrelevance.

Note: This linter can be disabled with `set_option linter.style.haveILetI false`
warning: LogdetLean/GramHafnian/ThreePaper/UniformMatrixHiding.lean:1306:2: Try this: 
  letI̵

The goal is a proposition, so `let` is preferred over `letI`.
The difference between `let` and `letI` is that `letI` inlines the value.
But this is not relevant for proofs because of proof irrelevance.

Note: This linter can be disabled with `set_option linter.style.haveILetI false`
warning: LogdetLean/GramHafnian/ThreePaper/UniformMatrixHiding.lean:1309:2: Try this: 
  letI̵

The goal is a proposition, so `let` is preferred over `letI`.
The difference between `let` and `letI` is that `letI` inlines the value.
But this is not relevant for proofs because of proof irrelevance.

Note: This linter can be disabled with `set_option linter.style.haveILetI false`
warning: LogdetLean/GramHafnian/ThreePaper/UniformMatrixHiding.lean:1312:2: Try this: 
  letI̵

The goal is a proposition, so `let` is preferred over `letI`.
The difference between `let` and `letI` is that `letI` inlines the value.
But this is not relevant for proofs because of proof irrelevance.

Note: This linter can be disabled with `set_option linter.style.haveILetI false`
warning: LogdetLean/GramHafnian/ThreePaper/UniformMatrixHiding.lean:1314:2: Try this: 
  letI̵

The goal is a proposition, so `let` is preferred over `letI`.
The difference between `let` and `letI` is that `letI` inlines the value.
But this is not relevant for proofs because of proof irrelevance.

Note: This linter can be disabled with `set_option linter.style.haveILetI false`
warning: LogdetLean/GramHafnian/ThreePaper/UniformMatrixHiding.lean:1361:50: Unused tactic linter: `ring` does nothing

Note: This linter can be disabled with `set_option linter.unusedTactic false`
warning: LogdetLean/GramHafnian/ThreePaper/UniformMatrixHiding.lean:1372:50: Unused tactic linter: `ring` does nothing

Note: This linter can be disabled with `set_option linter.unusedTactic false`
warning: LogdetLean/GramHafnian/ThreePaper/UniformMatrixHiding.lean:1361:50: this tactic is never executed

Note: This linter can be disabled with `set_option linter.unreachableTactic false`
warning: LogdetLean/GramHafnian/ThreePaper/UniformMatrixHiding.lean:1372:50: this tactic is never executed

Note: This linter can be disabled with `set_option linter.unreachableTactic false`
warning: LogdetLean/GramHafnian/ThreePaper/UniformMatrixHiding.lean:1360:22: Used `tac1 <;> tac2` where `(tac1; tac2)` would suffice

Note: This linter can be disabled with `set_option linter.unnecessarySeqFocus false`
warning: LogdetLean/GramHafnian/ThreePaper/UniformMatrixHiding.lean:1361:31: Used `tac1 <;> tac2` where `(tac1; tac2)` would suffice

Note: This linter can be disabled with `set_option linter.unnecessarySeqFocus false`
warning: LogdetLean/GramHafnian/ThreePaper/UniformMatrixHiding.lean:1371:22: Used `tac1 <;> tac2` where `(tac1; tac2)` would suffice

Note: This linter can be disabled with `set_option linter.unnecessarySeqFocus false`
warning: LogdetLean/GramHafnian/ThreePaper/UniformMatrixHiding.lean:1372:31: Used `tac1 <;> tac2` where `(tac1; tac2)` would suffice

Note: This linter can be disabled with `set_option linter.unnecessarySeqFocus false`
info: LogdetLean/GramHafnian/ThreePaper/UniformMatrixHiding.lean:1489:0: 'LogdetLean.GramHafnian.ThreePaper.UniformMatrixHiding.matrixLaw' depends on axioms: [propext,
 Classical.choice,
 MatsumotoPaper.A4_matsumoto_theorem_3,
 Quot.sound,
 LogdetLean.GramHafnian.UltimateHiding.DenseScore.A2Prime_complexSymmetricTakagiWeyl_symmetricIntegration,
 LogdetLean.GramHafnian.UltimateHiding.DenseScore.A3_edelmanSutton_proposition_1_2,
 LogdetLean.GramHafnian.UltimateHiding.DenseScore.FriedmanMelloA1.matrixLaw_external]
info: LogdetLean/GramHafnian/ThreePaper/UniformMatrixHiding.lean:1490:0: 'LogdetLean.GramHafnian.ThreePaper.UniformMatrixHiding.normalizedMatrixLaw' depends on axioms: [propext,
 Classical.choice,
 MatsumotoPaper.A4_matsumoto_theorem_3,
 Quot.sound,
 LogdetLean.GramHafnian.UltimateHiding.DenseScore.A2Prime_complexSymmetricTakagiWeyl_symmetricIntegration,
 LogdetLean.GramHafnian.UltimateHiding.DenseScore.A3_edelmanSutton_proposition_1_2,
 LogdetLean.GramHafnian.UltimateHiding.DenseScore.FriedmanMelloA1.matrixLaw_external]
info: LogdetLean/GramHafnian/ThreePaper/UniformMatrixHiding.lean:1491:0: 'LogdetLean.GramHafnian.ThreePaper.UniformMatrixHiding.certifiedHidingError_of_ambient' depends on axioms: [propext,
 Classical.choice,
 Quot.sound]
info: LogdetLean/GramHafnian/ThreePaper/UniformMatrixHiding.lean:1492:0: 'LogdetLean.GramHafnian.ThreePaper.UniformMatrixHiding.observableLaw' depends on axioms: [propext,
 Classical.choice,
 MatsumotoPaper.A4_matsumoto_theorem_3,
 Quot.sound,
 LogdetLean.GramHafnian.UltimateHiding.DenseScore.A2Prime_complexSymmetricTakagiWeyl_symmetricIntegration,
 LogdetLean.GramHafnian.UltimateHiding.DenseScore.A3_edelmanSutton_proposition_1_2,
 LogdetLean.GramHafnian.UltimateHiding.DenseScore.FriedmanMelloA1.matrixLaw_external]
info: LogdetLean/GramHafnian/ThreePaper/UniformMatrixHiding.lean:1493:0: 'LogdetLean.GramHafnian.ThreePaper.UniformMatrixHiding.eventTransfer' depends on axioms: [propext,
 Classical.choice,
 MatsumotoPaper.A4_matsumoto_theorem_3,
 Quot.sound,
 LogdetLean.GramHafnian.UltimateHiding.DenseScore.A2Prime_complexSymmetricTakagiWeyl_symmetricIntegration,
 LogdetLean.GramHafnian.UltimateHiding.DenseScore.A3_edelmanSutton_proposition_1_2,
 LogdetLean.GramHafnian.UltimateHiding.DenseScore.FriedmanMelloA1.matrixLaw_external]
info: LogdetLean/GramHafnian/ThreePaper/UniformMatrixHiding.lean:1494:0: 'LogdetLean.GramHafnian.ThreePaper.UniformMatrixHiding.observableEventTransfer' depends on axioms: [propext,
 Classical.choice,
 MatsumotoPaper.A4_matsumoto_theorem_3,
 Quot.sound,
 LogdetLean.GramHafnian.UltimateHiding.DenseScore.A2Prime_complexSymmetricTakagiWeyl_symmetricIntegration,
 LogdetLean.GramHafnian.UltimateHiding.DenseScore.A3_edelmanSutton_proposition_1_2,
 LogdetLean.GramHafnian.UltimateHiding.DenseScore.FriedmanMelloA1.matrixLaw_external]
info: LogdetLean/GramHafnian/ThreePaper/UniformMatrixHiding.lean:1495:0: 'LogdetLean.GramHafnian.ThreePaper.UniformMatrixHiding.reverseObservableEventTransfer' depends on axioms: [propext,
 Classical.choice,
 MatsumotoPaper.A4_matsumoto_theorem_3,
 Quot.sound,
 LogdetLean.GramHafnian.UltimateHiding.DenseScore.A2Prime_complexSymmetricTakagiWeyl_symmetricIntegration,
 LogdetLean.GramHafnian.UltimateHiding.DenseScore.A3_edelmanSutton_proposition_1_2,
 LogdetLean.GramHafnian.UltimateHiding.DenseScore.FriedmanMelloA1.matrixLaw_external]
info: LogdetLean/GramHafnian/ThreePaper/UniformMatrixHiding.lean:1496:0: 'LogdetLean.GramHafnian.ThreePaper.UniformMatrixHiding.reverseEventTransfer' depends on axioms: [propext,
 Classical.choice,
 MatsumotoPaper.A4_matsumoto_theorem_3,
 Quot.sound,
 LogdetLean.GramHafnian.UltimateHiding.DenseScore.A2Prime_complexSymmetricTakagiWeyl_symmetricIntegration,
 LogdetLean.GramHafnian.UltimateHiding.DenseScore.A3_edelmanSutton_proposition_1_2,
 LogdetLean.GramHafnian.UltimateHiding.DenseScore.FriedmanMelloA1.matrixLaw_external]
info: LogdetLean/GramHafnian/ThreePaper/UniformMatrixHiding.lean:1497:0: 'LogdetLean.GramHafnian.ThreePaper.UniformMatrixHiding.boundedStatisticExpectationTransfer' depends on axioms: [propext,
 Classical.choice,
 MatsumotoPaper.A4_matsumoto_theorem_3,
 Quot.sound,
 LogdetLean.GramHafnian.UltimateHiding.DenseScore.A2Prime_complexSymmetricTakagiWeyl_symmetricIntegration,
 LogdetLean.GramHafnian.UltimateHiding.DenseScore.A3_edelmanSutton_proposition_1_2,
 LogdetLean.GramHafnian.UltimateHiding.DenseScore.FriedmanMelloA1.matrixLaw_external]
info: LogdetLean/GramHafnian/ThreePaper/UniformMatrixHiding.lean:1498:0: 'LogdetLean.GramHafnian.ThreePaper.UniformMatrixHiding.markovKernelPostprocessingLaw' depends on axioms: [propext,
 Classical.choice,
 MatsumotoPaper.A4_matsumoto_theorem_3,
 Quot.sound,
 LogdetLean.GramHafnian.UltimateHiding.DenseScore.A2Prime_complexSymmetricTakagiWeyl_symmetricIntegration,
 LogdetLean.GramHafnian.UltimateHiding.DenseScore.A3_edelmanSutton_proposition_1_2,
 LogdetLean.GramHafnian.UltimateHiding.DenseScore.FriedmanMelloA1.matrixLaw_external]
info: LogdetLean/GramHafnian/ThreePaper/UniformMatrixHiding.lean:1499:0: 'LogdetLean.GramHafnian.ThreePaper.UniformMatrixHiding.measurable_hafnianObservable' depends on axioms: [propext,
 Classical.choice,
 Quot.sound]
info: LogdetLean/GramHafnian/ThreePaper/UniformMatrixHiding.lean:1500:0: 'LogdetLean.GramHafnian.ThreePaper.UniformMatrixHiding.hafnianObservableLaw' depends on axioms: [propext,
 Classical.choice,
 MatsumotoPaper.A4_matsumoto_theorem_3,
 Quot.sound,
 LogdetLean.GramHafnian.UltimateHiding.DenseScore.A2Prime_complexSymmetricTakagiWeyl_symmetricIntegration,
 LogdetLean.GramHafnian.UltimateHiding.DenseScore.A3_edelmanSutton_proposition_1_2,
 LogdetLean.GramHafnian.UltimateHiding.DenseScore.FriedmanMelloA1.matrixLaw_external]
info: LogdetLean/GramHafnian/ThreePaper/UniformMatrixHiding.lean:1501:0: 'LogdetLean.GramHafnian.ThreePaper.UniformMatrixHiding.measurable_preselectedPrincipalSubmatrixTuple' depends on axioms: [propext,
 Classical.choice,
 Quot.sound]
info: LogdetLean/GramHafnian/ThreePaper/UniformMatrixHiding.lean:1502:0: 'LogdetLean.GramHafnian.ThreePaper.UniformMatrixHiding.jointPreselectedPatternLaw' depends on axioms: [propext,
 Classical.choice,
 MatsumotoPaper.A4_matsumoto_theorem_3,
 Quot.sound,
 LogdetLean.GramHafnian.UltimateHiding.DenseScore.A2Prime_complexSymmetricTakagiWeyl_symmetricIntegration,
 LogdetLean.GramHafnian.UltimateHiding.DenseScore.A3_edelmanSutton_proposition_1_2,
 LogdetLean.GramHafnian.UltimateHiding.DenseScore.FriedmanMelloA1.matrixLaw_external]
info: LogdetLean/GramHafnian/ThreePaper/UniformMatrixHiding.lean:1503:0: 'LogdetLean.GramHafnian.ThreePaper.UniformMatrixHiding.orderedGaussianPatternPanelLaw' depends on axioms: [propext,
 Classical.choice,
 Quot.sound]
info: LogdetLean/GramHafnian/ThreePaper/UniformMatrixHiding.lean:1504:0: 'LogdetLean.GramHafnian.ThreePaper.DisjointGaussianRows.iIndepFun_orderedRowBlocks' depends on axioms: [propext,
 Classical.choice,
 Quot.sound]
info: LogdetLean/GramHafnian/ThreePaper/UniformMatrixHiding.lean:1505:0: 'LogdetLean.GramHafnian.ThreePaper.DisjointGaussianRows.iIndepFun_orderedNormalizedGrams' depends on axioms: [propext,
 Classical.choice,
 Quot.sound]
info: LogdetLean/GramHafnian/ThreePaper/UniformMatrixHiding.lean:1506:0: 'LogdetLean.GramHafnian.ThreePaper.UniformMatrixHiding.orderedDisjointGaussianPatternProductLaw' depends on axioms: [propext,
 Classical.choice,
 Quot.sound]
info: LogdetLean/GramHafnian/ThreePaper/UniformMatrixHiding.lean:1507:0: 'LogdetLean.GramHafnian.ThreePaper.UniformMatrixHiding.orderedDisjointPatternProductHiding' depends on axioms: [propext,
 Classical.choice,
 MatsumotoPaper.A4_matsumoto_theorem_3,
 Quot.sound,
 LogdetLean.GramHafnian.UltimateHiding.DenseScore.A2Prime_complexSymmetricTakagiWeyl_symmetricIntegration,
 LogdetLean.GramHafnian.UltimateHiding.DenseScore.A3_edelmanSutton_proposition_1_2,
 LogdetLean.GramHafnian.UltimateHiding.DenseScore.FriedmanMelloA1.matrixLaw_external]
info: LogdetLean/GramHafnian/ThreePaper/UniformMatrixHiding.lean:1508:0: 'LogdetLean.GramHafnian.ThreePaper.UniformMatrixHiding.disjointPatternIidPanelHiding' depends on axioms: [propext,
 Classical.choice,
 MatsumotoPaper.A4_matsumoto_theorem_3,
 Quot.sound,
 LogdetLean.GramHafnian.UltimateHiding.DenseScore.A2Prime_complexSymmetricTakagiWeyl_symmetricIntegration,
 LogdetLean.GramHafnian.UltimateHiding.DenseScore.A3_edelmanSutton_proposition_1_2,
 LogdetLean.GramHafnian.UltimateHiding.DenseScore.FriedmanMelloA1.matrixLaw_external]
info: LogdetLean/GramHafnian/ThreePaper/UniformMatrixHiding.lean:1509:0: 'LogdetLean.GramHafnian.ThreePaper.UniformMatrixHiding.maxScoreCdfTransfer_iid' depends on axioms: [propext,
 Classical.choice,
 MatsumotoPaper.A4_matsumoto_theorem_3,
 Quot.sound,
 LogdetLean.GramHafnian.UltimateHiding.DenseScore.A2Prime_complexSymmetricTakagiWeyl_symmetricIntegration,
 LogdetLean.GramHafnian.UltimateHiding.DenseScore.A3_edelmanSutton_proposition_1_2,
 LogdetLean.GramHafnian.UltimateHiding.DenseScore.FriedmanMelloA1.matrixLaw_external]
info: LogdetLean/GramHafnian/ThreePaper/UniformMatrixHiding.lean:1510:0: 'LogdetLean.GramHafnian.ThreePaper.UniformMatrixHiding.heavyCountBinomialTransfer_iid' depends on axioms: [propext,
 Classical.choice,
 MatsumotoPaper.A4_matsumoto_theorem_3,
 Quot.sound,
 LogdetLean.GramHafnian.UltimateHiding.DenseScore.A2Prime_complexSymmetricTakagiWeyl_symmetricIntegration,
 LogdetLean.GramHafnian.UltimateHiding.DenseScore.A3_edelmanSutton_proposition_1_2,
 LogdetLean.GramHafnian.UltimateHiding.DenseScore.FriedmanMelloA1.matrixLaw_external]
info: LogdetLean/GramHafnian/ThreePaper/UniformMatrixHiding.lean:1511:0: 'LogdetLean.GramHafnian.ThreePaper.UniformMatrixHiding.orderedDisjointMaxScoreCdfTransfer' depends on axioms: [propext,
 Classical.choice,
 MatsumotoPaper.A4_matsumoto_theorem_3,
 Quot.sound,
 LogdetLean.GramHafnian.UltimateHiding.DenseScore.A2Prime_complexSymmetricTakagiWeyl_symmetricIntegration,
 LogdetLean.GramHafnian.UltimateHiding.DenseScore.A3_edelmanSutton_proposition_1_2,
 LogdetLean.GramHafnian.UltimateHiding.DenseScore.FriedmanMelloA1.matrixLaw_external]
info: LogdetLean/GramHafnian/ThreePaper/UniformMatrixHiding.lean:1512:0: 'LogdetLean.GramHafnian.ThreePaper.UniformMatrixHiding.orderedDisjointHeavyCountBinomialTransfer' depends on axioms: [propext,
 Classical.choice,
 MatsumotoPaper.A4_matsumoto_theorem_3,
 Quot.sound,
 LogdetLean.GramHafnian.UltimateHiding.DenseScore.A2Prime_complexSymmetricTakagiWeyl_symmetricIntegration,
 LogdetLean.GramHafnian.UltimateHiding.DenseScore.A3_edelmanSutton_proposition_1_2,
 LogdetLean.GramHafnian.UltimateHiding.DenseScore.FriedmanMelloA1.matrixLaw_external]
info: LogdetLean/GramHafnian/ThreePaper/UniformMatrixHiding.lean:1513:0: 'LogdetLean.GramHafnian.ThreePaper.UniformMatrixHiding.overlapGraphConcentrationTransfer_colored' depends on axioms: [propext,
 Classical.choice,
 MatsumotoPaper.A4_matsumoto_theorem_3,
 Quot.sound,
 LogdetLean.GramHafnian.UltimateHiding.DenseScore.A2Prime_complexSymmetricTakagiWeyl_symmetricIntegration,
 LogdetLean.GramHafnian.UltimateHiding.DenseScore.A3_edelmanSutton_proposition_1_2,
 LogdetLean.GramHafnian.UltimateHiding.DenseScore.FriedmanMelloA1.matrixLaw_external]
info: LogdetLean/GramHafnian/ThreePaper/UniformMatrixHiding.lean:1514:0: 'LogdetLean.GramHafnian.ThreePaper.UniformMatrixHiding.orderedOverlapGraphConcentrationTransfer_colored_canonicalMean' depends on axioms: [propext,
 Classical.choice,
 MatsumotoPaper.A4_matsumoto_theorem_3,
 Quot.sound,
 LogdetLean.GramHafnian.UltimateHiding.DenseScore.A2Prime_complexSymmetricTakagiWeyl_symmetricIntegration,
 LogdetLean.GramHafnian.UltimateHiding.DenseScore.A3_edelmanSutton_proposition_1_2,
 LogdetLean.GramHafnian.UltimateHiding.DenseScore.FriedmanMelloA1.matrixLaw_external]
info: LogdetLean/GramHafnian/ThreePaper/UniformMatrixHiding.lean:1515:0: 'LogdetLean.GramHafnian.ThreePaper.UniformMatrixHiding.hardSourceMaskFiniteMixtureHiding' depends on axioms: [propext,
 Classical.choice,
 Quot.sound]
info: LogdetLean/GramHafnian/ThreePaper/UniformMatrixHiding.lean:1516:0: 'LogdetLean.GramHafnian.ThreePaper.UniformMatrixHiding.canonicalVariableKHardSourceMaskHiding' depends on axioms: [propext,
 Classical.choice,
 MatsumotoPaper.A4_matsumoto_theorem_3,
 Quot.sound,
 LogdetLean.GramHafnian.UltimateHiding.DenseScore.A2Prime_complexSymmetricTakagiWeyl_symmetricIntegration,
 LogdetLean.GramHafnian.UltimateHiding.DenseScore.A3_edelmanSutton_proposition_1_2,
 LogdetLean.GramHafnian.UltimateHiding.DenseScore.FriedmanMelloA1.matrixLaw_external]
info: LogdetLean/GramHafnian/ThreePaper/UniformMatrixHiding.lean:1517:0: 'LogdetLean.GramHafnian.ThreePaper.UniformMatrixHiding.hardSourceMaskFiniteMixtureBadProbability' depends on axioms: [propext,
 Classical.choice,
 Quot.sound]
info: LogdetLean/GramHafnian/ThreePaper/UniformMatrixHiding.lean:1518:0: 'LogdetLean.GramHafnian.ThreePaper.UniformMatrixHiding.hardSourceMaskFiniteMixtureCommonFailure' depends on axioms: [propext,
 Classical.choice,
 Quot.sound]
info: LogdetLean/GramHafnian/ThreePaper/UniformMatrixHiding.lean:1519:0: 'LogdetLean.GramHafnian.ThreePaper.UniformMatrixHiding.ensembleConsistencyTriangle' depends on axioms: [propext,
 Classical.choice,
 MatsumotoPaper.A4_matsumoto_theorem_3,
 Quot.sound,
 LogdetLean.GramHafnian.UltimateHiding.DenseScore.A2Prime_complexSymmetricTakagiWeyl_symmetricIntegration,
 LogdetLean.GramHafnian.UltimateHiding.DenseScore.A3_edelmanSutton_proposition_1_2,
 LogdetLean.GramHafnian.UltimateHiding.DenseScore.FriedmanMelloA1.matrixLaw_external]
info: LogdetLean/GramHafnian/ThreePaper/UniformMatrixHiding.lean:1520:0: 'LogdetLean.GramHafnian.ThreePaper.UniformMatrixHiding.iidBoundedScoreHoeffding' depends on axioms: [propext,
 Classical.choice,
 Quot.sound]
info: LogdetLean/GramHafnian/ThreePaper/UniformMatrixHiding.lean:1521:0: 'LogdetLean.GramHafnian.ThreePaper.UniformMatrixHiding.ensembleConsistencyRerandomizedScoreConcentration' depends on axioms: [propext,
 Classical.choice,
 MatsumotoPaper.A4_matsumoto_theorem_3,
 Quot.sound,
 LogdetLean.GramHafnian.UltimateHiding.DenseScore.A2Prime_complexSymmetricTakagiWeyl_symmetricIntegration,
 LogdetLean.GramHafnian.UltimateHiding.DenseScore.A3_edelmanSutton_proposition_1_2,
 LogdetLean.GramHafnian.UltimateHiding.DenseScore.FriedmanMelloA1.matrixLaw_external]
⚠ [9567/9585] Built LogdetLean.GramHafnian.ThreePaper.GBSDefinitions (5.2s)
warning: LogdetLean/GramHafnian/ThreePaper/GBSDefinitions.lean:171:2: Try this: 
  letI̵

The goal is a proposition, so `let` is preferred over `letI`.
The difference between `let` and `letI` is that `letI` inlines the value.
But this is not relevant for proofs because of proof irrelevance.

Note: This linter can be disabled with `set_option linter.style.haveILetI false`
warning: LogdetLean/GramHafnian/ThreePaper/GBSDefinitions.lean:196:49: `Set.mem_setOf_eq` has been deprecated: Use `Set.mem_ofPred_eq` instead
warning: LogdetLean/GramHafnian/ThreePaper/GBSDefinitions.lean:205:13: `Set.mem_setOf_eq` has been deprecated: Use `Set.mem_ofPred_eq` instead
warning: LogdetLean/GramHafnian/ThreePaper/GBSDefinitions.lean:287:5: Variable name `heta` is not explicitly referenced.

Hint: The binding can be removed (if unused) or named `_` (if used implicitly). Alternatively, prefix the name with `_` to silence this warning:
  [apply] _heta

Note: This linter can be disabled with `set_option linter.unusedVariables false`
warning: LogdetLean/GramHafnian/ThreePaper/GBSDefinitions.lean:287:22: Variable name `hrho` is not explicitly referenced.

Hint: The binding can be removed (if unused) or named `_` (if used implicitly). Alternatively, prefix the name with `_` to silence this warning:
  [apply] _hrho

Note: This linter can be disabled with `set_option linter.unusedVariables false`
warning: LogdetLean/GramHafnian/ThreePaper/GBSDefinitions.lean:287:39: Variable name `hgamma` is not explicitly referenced.

Hint: The binding can be removed (if unused) or named `_` (if used implicitly). Alternatively, prefix the name with `_` to silence this warning:
  [apply] _hgamma

Note: This linter can be disabled with `set_option linter.unusedVariables false`
warning: LogdetLean/GramHafnian/ThreePaper/GBSDefinitions.lean:391:8: This simp argument is unused:
  Fintype.card_pos

Hint: Omit it from the simp argument list.
  [apply] simp

Note: This linter can be disabled with `set_option linter.unusedSimpArgs false`
⚠ [9568/9585] Built LogdetLean.GramHafnian.ThreePaper.Verification.HidingOutsideCDPaperFacing (5.5s)
warning: LogdetLean/GramHafnian/ThreePaper/Verification/HidingOutsideCDPaperFacing.lean:296:24: Used `tac1 <;> tac2` where `(tac1; tac2)` would suffice

Note: This linter can be disabled with `set_option linter.unnecessarySeqFocus false`
warning: LogdetLean/GramHafnian/ThreePaper/Verification/HidingOutsideCDPaperFacing.lean:346:8: This simp argument is unused:
  Function.comp_def

Hint: Omit it from the simp argument list.
  [apply] simp [jiangUnscaledTallHaarCornerMatrix, sqrtScaledHaarBlockMatrix]

Note: This linter can be disabled with `set_option linter.unusedSimpArgs false`
warning: LogdetLean/GramHafnian/ThreePaper/Verification/HidingOutsideCDPaperFacing.lean:397:32: Variable name `hKM` is not explicitly referenced.

Hint: The binding can be removed (if unused) or named `_` (if used implicitly). Alternatively, prefix the name with `_` to silence this warning:
  [apply] _hKM

Note: This linter can be disabled with `set_option linter.unusedVariables false`
info: LogdetLean/GramHafnian/ThreePaper/Verification/HidingOutsideCDPaperFacing.lean:454:0: 'LogdetLean.GramHafnian.ThreePaper.Verification.normalizedHaarTransposeGram_targetConvergence_A1A2A3A4' depends on axioms: [propext,
 Classical.choice,
 Quot.sound]
info: LogdetLean/GramHafnian/ThreePaper/Verification/HidingOutsideCDPaperFacing.lean:455:0: 'LogdetLean.GramHafnian.ThreePaper.Verification.concreteDenseSquaredLocalStepAt_615138_A1A2A3A4' depends on axioms: [propext,
 Classical.choice,
 MatsumotoPaper.A4_matsumoto_theorem_3,
 Quot.sound,
 A2Prime_complexSymmetricTakagiWeyl_symmetricIntegration,
 A3_edelmanSutton_proposition_1_2,
 FriedmanMelloA1.matrixLaw_external]
info: LogdetLean/GramHafnian/ThreePaper/Verification/HidingOutsideCDPaperFacing.lean:456:0: 'LogdetLean.GramHafnian.ThreePaper.Verification.normalizedHaarTransposeGram_oneColumnTVLE_615138_A1A2A3A4' depends on axioms: [propext,
 Classical.choice,
 MatsumotoPaper.A4_matsumoto_theorem_3,
 Quot.sound,
 A2Prime_complexSymmetricTakagiWeyl_symmetricIntegration,
 A3_edelmanSutton_proposition_1_2,
 FriedmanMelloA1.matrixLaw_external]
info: LogdetLean/GramHafnian/ThreePaper/Verification/HidingOutsideCDPaperFacing.lean:457:0: 'LogdetLean.GramHafnian.ThreePaper.Verification.concreteCanonicalDenseHidingSquaredConstant_eq_615138' depends on axioms: [propext,
 Classical.choice,
 Quot.sound]
info: LogdetLean/GramHafnian/ThreePaper/Verification/HidingOutsideCDPaperFacing.lean:458:0: 'LogdetLean.GramHafnian.ThreePaper.Verification.normalizedDenseProductHidingTVLE_615138_A1A2A3A4' depends on axioms: [propext,
 Classical.choice,
 MatsumotoPaper.A4_matsumoto_theorem_3,
 Quot.sound,
 A2Prime_complexSymmetricTakagiWeyl_symmetricIntegration,
 A3_edelmanSutton_proposition_1_2,
 FriedmanMelloA1.matrixLaw_external]
info: LogdetLean/GramHafnian/ThreePaper/Verification/HidingOutsideCDPaperFacing.lean:459:0: 'LogdetLean.GramHafnian.ThreePaper.Verification.oneColumnParameterDictionary' depends on axioms: [propext,
 Classical.choice,
 Quot.sound]
info: LogdetLean/GramHafnian/ThreePaper/Verification/HidingOutsideCDPaperFacing.lean:460:0: 'LogdetLean.GramHafnian.ThreePaper.Verification.concreteOneColumnParameterLaw_eq_beta_prod_sphere' depends on axioms: [propext,
 Classical.choice,
 Quot.sound]
info: LogdetLean/GramHafnian/ThreePaper/Verification/HidingOutsideCDPaperFacing.lean:461:0: 'LogdetLean.GramHafnian.ThreePaper.Verification.concreteHaarOneColumnRecursion_eq_map_product_A1A2A3A4' depends on axioms: [propext,
 Classical.choice,
 Quot.sound]
info: LogdetLean/GramHafnian/ThreePaper/Verification/HidingOutsideCDPaperFacing.lean:462:0: 'LogdetLean.GramHafnian.ThreePaper.Verification.concreteHaarOneColumnRecursion_event_A1A2A3A4' depends on axioms: [propext,
 Classical.choice,
 Quot.sound]
info: LogdetLean/GramHafnian/ThreePaper/Verification/HidingOutsideCDPaperFacing.lean:463:0: 'LogdetLean.GramHafnian.ThreePaper.Verification.toReal_klDiv_jiangTall_le_three_quarters_A1A2A3A4' depends on axioms: [propext,
 Classical.choice,
 Quot.sound]
info: LogdetLean/GramHafnian/ThreePaper/Verification/HidingOutsideCDPaperFacing.lean:464:0: 'LogdetLean.GramHafnian.ThreePaper.Verification.jiangTall_probabilityTotalVariationLE_A1A2A3A4' depends on axioms: [propext,
 Classical.choice,
 Quot.sound]
info: LogdetLean/GramHafnian/ThreePaper/Verification/HidingOutsideCDPaperFacing.lean:465:0: 'LogdetLean.GramHafnian.ThreePaper.Verification.jiangSqrtScaledTallHaarCornerLaw_eq_canonicalBlock' depends on axioms: [propext,
 Classical.choice,
 Quot.sound]
info: LogdetLean/GramHafnian/ThreePaper/Verification/HidingOutsideCDPaperFacing.lean:466:0: 'LogdetLean.GramHafnian.ThreePaper.Verification.toReal_klDiv_sqrtScaledHaarBlock_le_three_quarters_A1A2A3A4' depends on axioms: [propext,
 Classical.choice,
 Quot.sound]
info: LogdetLean/GramHafnian/ThreePaper/Verification/HidingOutsideCDPaperFacing.lean:467:0: 'LogdetLean.GramHafnian.ThreePaper.Verification.sqrtScaledHaarBlock_probabilityTotalVariationLE_A1A2A3A4' depends on axioms: [propext,
 Classical.choice,
 Quot.sound]
info: LogdetLean/GramHafnian/ThreePaper/Verification/HidingOutsideCDPaperFacing.lean:468:0: 'LogdetLean.GramHafnian.ThreePaper.Verification.normalizedTransposeGram_probabilityTotalVariationLE_sparse_A1A2A3A4' depends on axioms: [propext,
 Classical.choice,
 Quot.sound]
info: LogdetLean/GramHafnian/ThreePaper/Verification/HidingOutsideCDPaperFacing.lean:469:0: 'LogdetLean.GramHafnian.ThreePaper.Verification.normalizedSparseStitchTVLE_68_A1A2A3A4' depends on axioms: [propext,
 Classical.choice,
 Quot.sound]
info: LogdetLean/GramHafnian/ThreePaper/Verification/HidingOutsideCDPaperFacing.lean:470:0: 'LogdetLean.GramHafnian.ThreePaper.Verification.orderedFixedPatternPanelLaw_A1A2A3A4' depends on axioms: [propext,
 Classical.choice,
 MatsumotoPaper.A4_matsumoto_theorem_3,
 Quot.sound,
 A2Prime_complexSymmetricTakagiWeyl_symmetricIntegration,
 A3_edelmanSutton_proposition_1_2,
 FriedmanMelloA1.matrixLaw_external]
⚠ [9569/9585] Built LogdetLean.GramHafnian.LocalAnticoncentration.RowSymmetry (7.3s)
warning: LogdetLean/GramHafnian/LocalAnticoncentration/RowSymmetry.lean:110:2: try 'simp' instead of 'simpa'

Note: This linter can be disabled with `set_option linter.unnecessarySimpa false`
warning: LogdetLean/GramHafnian/LocalAnticoncentration/RowSymmetry.lean:128:2: Try this: 
  letI̵

The goal is a proposition, so `let` is preferred over `letI`.
The difference between `let` and `letI` is that `letI` inlines the value.
But this is not relevant for proofs because of proof irrelevance.

Note: This linter can be disabled with `set_option linter.style.haveILetI false`
warning: LogdetLean/GramHafnian/LocalAnticoncentration/RowSymmetry.lean:129:2: Try this: 
  letI̵

The goal is a proposition, so `let` is preferred over `letI`.
The difference between `let` and `letI` is that `letI` inlines the value.
But this is not relevant for proofs because of proof irrelevance.

Note: This linter can be disabled with `set_option linter.style.haveILetI false`
⚠ [9570/9585] Built LogdetLean.GramHafnian.UltimateHiding.SquaredGBS (7.3s)
warning: LogdetLean/GramHafnian/UltimateHiding/SquaredGBS.lean:41:2: Try this: 
  letI̵

The goal is a proposition, so `let` is preferred over `letI`.
The difference between `let` and `letI` is that `letI` inlines the value.
But this is not relevant for proofs because of proof irrelevance.

Note: This linter can be disabled with `set_option linter.style.haveILetI false`
ℹ [9571/9585] Built LogdetLean.GramHafnian.ThreePaper.UniformMatrixHidingEndpointsAudit (7.4s)
info: LogdetLean/GramHafnian/ThreePaper/UniformMatrixHidingEndpointsAudit.lean:48:0: LogdetLean.GramHafnian.ThreePaper.UniformMatrixHiding.hidingRemainder (M N : ℕ) : ℝ
info: LogdetLean/GramHafnian/ThreePaper/UniformMatrixHidingEndpointsAudit.lean:50:0: LogdetLean.GramHafnian.ThreePaper.UniformMatrixHiding.normalizedMatrixLaw (H : UnitaryHaarProbabilityFamily) (M N K : ℕ)
  (hN : 1 ≤ N) (hNK : N ≤ K) (hKM : K ≤ M) :
  LocalAnticoncentration.probabilityTotalVariationLE (normalizedHaarTransposeGramLaw H M N K)
    (normalizedGaussianTransposeGramLaw N K) (min 1 (615172 * ultimateSquaredHidingRate M N))
info: LogdetLean/GramHafnian/ThreePaper/UniformMatrixHidingEndpointsAudit.lean:52:0: LogdetLean.GramHafnian.MatrixLawEndpoints.eq_uniform_product_hiding_unscaled (H : UnitaryHaarProbabilityFamily)
  {M N K : ℕ} (hN : 1 ≤ N) (hNK : N ≤ K) (hKM : K ≤ M) :
  LocalAnticoncentration.probabilityTotalVariationLE (scaledHaarTransposeGramLaw H M N K) (gaussianTransposeGramLaw N K)
    (min 1 (concreteCanonicalHidingSquaredConstant * ultimateSquaredHidingRate M N))
info: LogdetLean/GramHafnian/ThreePaper/UniformMatrixHidingEndpointsAudit.lean:54:0: LogdetLean.GramHafnian.ThreePaper.UniformMatrixHiding.certifiedHidingError_of_ambient (M N : ℕ) (hN : 1 ≤ N)
  (hNM : N ≤ M) {delta : ℝ} (hdelta : 0 < delta) (hambient : 615172 * ↑N ^ 2 / delta ≤ ↑M) : hidingRemainder M N ≤ delta
info: LogdetLean/GramHafnian/ThreePaper/UniformMatrixHidingEndpointsAudit.lean:57:0: LogdetLean.GramHafnian.LocalAnticoncentration.rectangularTransposeGram {N K : ℕ} (G : Matrix (Fin N) (Fin K) ℂ) :
  Matrix (Fin N) (Fin N) ℂ
info: LogdetLean/GramHafnian/ThreePaper/UniformMatrixHidingEndpointsAudit.lean:58:0: LogdetLean.GramHafnian.UltimateHiding.normalizeTransposeGram (N K : ℕ) :
  Matrix (Fin N) (Fin N) ℂ → Matrix (Fin N) (Fin N) ℂ
info: LogdetLean/GramHafnian/ThreePaper/UniformMatrixHidingEndpointsAudit.lean:59:0: LogdetLean.GramHafnian.MatrixLawEndpoints.normalizedTransposeGramMatrix {N K : ℕ} (Y : Matrix (Fin N) (Fin K) ℂ) :
  Matrix (Fin N) (Fin N) ℂ
info: LogdetLean/GramHafnian/ThreePaper/UniformMatrixHidingEndpointsAudit.lean:60:0: LogdetLean.GramHafnian.UltimateHiding.Dense.complexGLTransposeCongruence (N : ℕ) (g : ComplexMatrixGL N)
  (A : ConcreteMatrixState N) : ConcreteMatrixState N
info: LogdetLean/GramHafnian/ThreePaper/UniformMatrixHidingEndpointsAudit.lean:62:0: LogdetLean.GramHafnian.MatrixLawEndpoints.eq_hide_covariance {N K : ℕ} (g : Matrix (Fin N) (Fin N) ℂ)
  (Y : Matrix (Fin N) (Fin K) ℂ) :
  normalizedTransposeGramMatrix (g * Y) = g * normalizedTransposeGramMatrix Y * g.transpose
info: LogdetLean/GramHafnian/ThreePaper/UniformMatrixHidingEndpointsAudit.lean:67:0: LogdetLean.GramHafnian.UltimateHiding.Dense.concreteHaarAmbientLaw (H : UnitaryHaarProbabilityFamily) (N K m : ℕ) :
  Measure (Matrix (Fin N) (Fin N) ℂ)
info: LogdetLean/GramHafnian/ThreePaper/UniformMatrixHidingEndpointsAudit.lean:68:0: LogdetLean.GramHafnian.UltimateHiding.Dense.concreteHaarAmbientLaw_eq_map_normalizedBlock (N K M : ℕ) (hNM : N ≤ M)
  (hKM : K ≤ M) :
  concreteHaarAmbientLaw canonicalUnitaryHaarProbabilityFamily N K M =
    Measure.map (normalizedBlockTransposeGram N K) (sqrtScaledHaarBlockLaw canonicalUnitaryHaarProbabilityFamily M N K)
info: LogdetLean/GramHafnian/ThreePaper/UniformMatrixHidingEndpointsAudit.lean:70:0: LogdetLean.GramHafnian.UltimateHiding.normalizedGaussianTransposeGramLaw (N K : ℕ) : Measure (Matrix (Fin N) (Fin N) ℂ)
info: LogdetLean/GramHafnian/ThreePaper/UniformMatrixHidingEndpointsAudit.lean:72:0: LogdetLean.GramHafnian.ThreePaper.Verification.concreteHaarOneColumnRecursion_eq_map_product_A1A2A3A4
  (H : UnitaryHaarProbabilityFamily) {N K m : ℕ} (hN : 1 ≤ N) (hNK : N ≤ K) (hKm : K ≤ m) :
  concreteHaarAmbientLaw H N K (m + 1) =
    Measure.map (fun p => concreteOneColumnMatrixUpdate m N p.2.1 p.2.2 p.1)
      ((concreteHaarAmbientLaw H N K m).prod (concreteOneColumnParameterLaw m N))
info: LogdetLean/GramHafnian/ThreePaper/UniformMatrixHidingEndpointsAudit.lean:73:0: LogdetLean.GramHafnian.ThreePaper.Verification.concreteOneColumnParameterLaw_eq_beta_prod_sphere (m N : ℕ) :
  concreteOneColumnParameterLaw m N = (betaMeasure (↑m - ↑N + 1) ↑N).prod (complexUnitSphereProbabilityMeasure N)
info: LogdetLean/GramHafnian/ThreePaper/UniformMatrixHidingEndpointsAudit.lean:74:0: LogdetLean.GramHafnian.ThreePaper.Verification.oneColumnParameterDictionary (m N : ℕ) (q : ℝ) :
  oneColumnBetaLaw m N = betaMeasure (↑m - ↑N + 1) ↑N ∧
    oneColumnScalarLog m = 1 / 2 * Real.log (1 + 1 / ↑m) ∧ oneColumnRankOneLog q = 1 / 2 * Real.log q
info: LogdetLean/GramHafnian/ThreePaper/UniformMatrixHidingEndpointsAudit.lean:76:0: LogdetLean.GramHafnian.ThreePaper.Verification.concreteHaarOneColumnRecursion_event_A1A2A3A4
  (H : UnitaryHaarProbabilityFamily) {N K m : ℕ} (hN : 1 ≤ N) (hNK : N ≤ K) (hKm : K ≤ m)
  (E : Set (Matrix (Fin N) (Fin N) ℂ)) (hE : MeasurableSet E) :
  (concreteHaarAmbientLaw H N K (m + 1)) E =
    ((concreteHaarAmbientLaw H N K m).prod (concreteOneColumnParameterLaw m N))
      ((fun p => concreteOneColumnMatrixUpdate m N p.2.1 p.2.2 p.1) ⁻¹' E)
info: LogdetLean/GramHafnian/ThreePaper/UniformMatrixHidingEndpointsAudit.lean:78:0: LogdetLean.GramHafnian.ThreePaper.Verification.oneColumnParameterDictionary (m N : ℕ) (q : ℝ) :
  oneColumnBetaLaw m N = betaMeasure (↑m - ↑N + 1) ↑N ∧
    oneColumnScalarLog m = 1 / 2 * Real.log (1 + 1 / ↑m) ∧ oneColumnRankOneLog q = 1 / 2 * Real.log q
info: LogdetLean/GramHafnian/ThreePaper/UniformMatrixHidingEndpointsAudit.lean:79:0: LogdetLean.GramHafnian.ThreePaper.Verification.concreteOneColumnParameterLaw_eq_beta_prod_sphere (m N : ℕ) :
  concreteOneColumnParameterLaw m N = (betaMeasure (↑m - ↑N + 1) ↑N).prod (complexUnitSphereProbabilityMeasure N)
info: LogdetLean/GramHafnian/ThreePaper/UniformMatrixHidingEndpointsAudit.lean:81:0: LogdetLean.GramHafnian.ThreePaper.Verification.normalizedHaarTransposeGram_targetConvergence_A1A2A3A4
  (H : UnitaryHaarProbabilityFamily) {N K start : ℕ} (hN : 0 < N) (hK : 0 < K) (hNK : N ≤ K) (epsilon : ℝ) :
  0 < epsilon →
    ∃ n,
      LocalAnticoncentration.probabilityTotalVariationLE (normalizedHaarTransposeGramLaw H (start + n) N K)
        (normalizedGaussianTransposeGramLaw N K) epsilon
info: LogdetLean/GramHafnian/ThreePaper/UniformMatrixHidingEndpointsAudit.lean:84:0: LogdetLean.GramHafnian.ThreePaper.Verification.eq_hide_congruence_action {N : ℕ} (xi : Measure (ComplexMatrixGL N))
  (eta : Measure (ConcreteMatrixState N)) :
  congruenceMeasureAction N xi eta = Measure.map (fun XG => complexGLTransposeCongruence N XG.2 XG.1) (eta.prod xi)
info: LogdetLean/GramHafnian/ThreePaper/UniformMatrixHidingEndpointsAudit.lean:86:0: LogdetLean.GramHafnian.UltimateHiding.Dense.concreteCenteredOrbitalDirection (N : ℕ) (v : ↑(ComplexUnitSphere N)) :
  ConcreteMatrixState N
info: LogdetLean/GramHafnian/ThreePaper/UniformMatrixHidingEndpointsAudit.lean:87:0: LogdetLean.GramHafnian.UltimateHiding.Dense.concreteOrbitalMatrixKernel (N : ℕ) (s : ℝ) :
  Kernel (ConcreteMatrixState N) (ConcreteMatrixState N)
info: LogdetLean/GramHafnian/ThreePaper/UniformMatrixHidingEndpointsAudit.lean:89:0: LogdetLean.GramHafnian.UltimateHiding.Dense.IsUnitaryConjugationInvariant.preservesUnitaryCongruenceInvariant {N : ℕ}
  {xi : Measure (ComplexMatrixGL N)} [IsProbabilityMeasure xi] (hxi : IsUnitaryConjugationInvariant N xi) :
  PreservesUnitaryCongruenceInvariant N xi
info: LogdetLean/GramHafnian/ThreePaper/UniformMatrixHidingEndpointsAudit.lean:90:0: LogdetLean.GramHafnian.UltimateHiding.Dense.congruenceMeasureActions_commute_of_unitary_invariant {N : ℕ}
  (xi eta : Measure (ComplexMatrixGL N)) (mu : Measure (ConcreteMatrixState N)) [IsProbabilityMeasure xi]
  [IsProbabilityMeasure eta] [IsProbabilityMeasure mu] (hmu : IsUnitaryCongruenceInvariant N mu)
  (hxi : PreservesUnitaryCongruenceInvariant N xi) (heta : PreservesUnitaryCongruenceInvariant N eta) :
  congruenceMeasureAction N xi (congruenceMeasureAction N eta mu) =
    congruenceMeasureAction N eta (congruenceMeasureAction N xi mu)
info: LogdetLean/GramHafnian/ThreePaper/UniformMatrixHidingEndpointsAudit.lean:91:0: LogdetLean.GramHafnian.UltimateHiding.Dense.glComplex_unitary_oneColumn_orbital_commutation_from_gelfand (N K m : ℕ)
  (s : ℝ) (hN : 1 ≤ N) (hNK : N ≤ K) (hKm : K ≤ m) :
  ⇑(concreteOrbitalMatrixKernel N s) ∘ₘ
      ⇑(concreteOneColumnMatrixKernel m N) ∘ₘ concreteHaarAmbientLaw canonicalUnitaryHaarProbabilityFamily N K m =
    ⇑(concreteOneColumnMatrixKernel m N) ∘ₘ
      ⇑(concreteOrbitalMatrixKernel N s) ∘ₘ concreteHaarAmbientLaw canonicalUnitaryHaarProbabilityFamily N K m
info: LogdetLean/GramHafnian/ThreePaper/UniformMatrixHidingEndpointsAudit.lean:93:0: LogdetLean.GramHafnian.ThreePaper.Verification.VariationMarkovOperator.eq_hide_commute_contraction.{u_1} {X : Type u_1}
  [MeasurableSpace X] (T : VariationMarkovOperator X) (s : VariationSignedMeasure X) : ‖T.toLinearMap s‖ ≤ ‖s‖
info: LogdetLean/GramHafnian/ThreePaper/UniformMatrixHidingEndpointsAudit.lean:95:0: LogdetLean.GramHafnian.ThreePaper.Verification.VariationMarkovOperator.eq_hide_commute_derivative.{u_1} {X : Type u_1}
  [MeasurableSpace X] (T : VariationMarkovOperator X) (f : ℝ → VariationSignedMeasure X) (I : Set ℝ) (hI : IsOpen I)
  (r j : ℕ) (hf : ContDiffOn ℝ (↑r) f I) (hj : j ≤ r) (s : ℝ) (hs : s ∈ I) :
  iteratedDerivWithin j (fun u => T.toLinearMap (f u)) I s = T.toLinearMap (iteratedDerivWithin j f I s) ∧
    ‖iteratedDerivWithin j (fun u => T.toLinearMap (f u)) I s‖ ≤ ‖iteratedDerivWithin j f I s‖
info: LogdetLean/GramHafnian/ThreePaper/UniformMatrixHidingEndpointsAudit.lean:97:0: LogdetLean.GramHafnian.ThreePaper.Verification.signedKernelAction_contractive.{u_1, u_2} {X : Type u_1} {Y : Type u_2}
  [MeasurableSpace X] [MeasurableSpace Y] (κ : Kernel X Y) [IsMarkovKernel κ] (s : VariationSignedMeasure X) :
  ‖signedKernelAction κ s‖ ≤ ‖s‖
info: LogdetLean/GramHafnian/ThreePaper/UniformMatrixHidingEndpointsAudit.lean:98:0: LogdetLean.GramHafnian.ThreePaper.Verification.signedKernelContinuousLinearMap_norm_le_one.{u_1, u_2} {X : Type u_1}
  {Y : Type u_2} [MeasurableSpace X] [MeasurableSpace Y] (κ : Kernel X Y) [IsMarkovKernel κ] :
  ‖signedKernelContinuousLinearMap κ‖ ≤ 1
info: LogdetLean/GramHafnian/ThreePaper/UniformMatrixHidingEndpointsAudit.lean:99:0: LogdetLean.GramHafnian.ThreePaper.Verification.ConcreteCongruenceKernelAdapter.congruenceUpdateKernel_comp_eq_congruenceMeasureAction
  (N : ℕ) (xi : Measure (ComplexMatrixGL N)) (mu : Measure (ConcreteMatrixState N)) [IsProbabilityMeasure xi]
  [IsProbabilityMeasure mu] :
  ⇑(ConcreteCongruenceKernelAdapter.congruenceUpdateKernel N xi) ∘ₘ mu = congruenceMeasureAction N xi mu
info: LogdetLean/GramHafnian/ThreePaper/UniformMatrixHidingEndpointsAudit.lean:100:0: LogdetLean.GramHafnian.ThreePaper.Verification.ConcreteCongruenceKernelAdapter.congruenceSignedKernelAction_toSignedMeasure
  (N : ℕ) (xi : Measure (ComplexMatrixGL N)) (mu : Measure (ConcreteMatrixState N)) [IsProbabilityMeasure xi]
  [IsProbabilityMeasure mu] :
  signedKernelAction (ConcreteCongruenceKernelAdapter.congruenceUpdateKernel N xi)
      (VariationSignedMeasure.ofSignedMeasure mu.toSignedMeasure) =
    VariationSignedMeasure.ofSignedMeasure (congruenceMeasureAction N xi mu).toSignedMeasure
info: LogdetLean/GramHafnian/ThreePaper/UniformMatrixHidingEndpointsAudit.lean:101:0: LogdetLean.GramHafnian.ThreePaper.Verification.ConcreteCongruenceKernelAdapter.congruenceKernelVariationMarkovOperator_contractive
  (N : ℕ) (xi : Measure (ComplexMatrixGL N)) [IsProbabilityMeasure xi]
  (s : VariationSignedMeasure (ConcreteMatrixState N)) :
  ‖(ConcreteCongruenceKernelAdapter.congruenceKernelVariationMarkovOperator N xi).toLinearMap s‖ ≤ ‖s‖
info: LogdetLean/GramHafnian/ThreePaper/UniformMatrixHidingEndpointsAudit.lean:103:0: LogdetLean.GramHafnian.ThreePaper.Verification.ConcreteCongruenceKernelAdapter.congruenceKernel_eq_hide_commute_derivative
  (N : ℕ) (xi : Measure (ComplexMatrixGL N)) (mu : Measure (ConcreteMatrixState N)) [IsProbabilityMeasure xi]
  [IsProbabilityMeasure mu] (hN : 1 ≤ N) (hmu : IsUnitaryCongruenceInvariant N mu)
  (hxi : IsUnitaryConjugationInvariant N xi) (I : Set ℝ) (hI : IsOpen I) (r j : ℕ)
  (hf : ContDiffOn ℝ (↑r) (ConcreteCongruenceKernelAdapter.orbitalVariationCurve N hN mu) I) (hj : j ≤ r) (s : ℝ)
  (hs : s ∈ I) :
  iteratedDerivWithin j (ConcreteCongruenceKernelAdapter.orbitalAfterCongruenceVariationCurve N hN xi mu) I s =
      (ConcreteCongruenceKernelAdapter.congruenceKernelVariationMarkovOperator N xi).toLinearMap
        (iteratedDerivWithin j (ConcreteCongruenceKernelAdapter.orbitalVariationCurve N hN mu) I s) ∧
    ‖iteratedDerivWithin j (ConcreteCongruenceKernelAdapter.orbitalAfterCongruenceVariationCurve N hN xi mu) I s‖ ≤
      ‖iteratedDerivWithin j (ConcreteCongruenceKernelAdapter.orbitalVariationCurve N hN mu) I s‖
info: LogdetLean/GramHafnian/ThreePaper/UniformMatrixHidingEndpointsAudit.lean:105:0: LogdetLean.GramHafnian.UltimateHiding.Dense.concreteHaarAmbientLaw_radialFactorization_fromCOE
  (H : UnitaryHaarProbabilityFamily) {N K m : ℕ} (hN : 1 ≤ N) (hNK : N ≤ K) (hKm : K ≤ m) :
  concreteHaarAmbientLaw H N K m =
    radialConvolution (concreteRadialKernelChain N K (m - K)) (concreteScaledCOECornerLaw H N K)
info: LogdetLean/GramHafnian/ThreePaper/UniformMatrixHidingEndpointsAudit.lean:107:0: LogdetLean.GramHafnian.UltimateHiding.Dense.concreteScaledCOECornerLaw (H : UnitaryHaarProbabilityFamily) (N K : ℕ) :
  Measure (ConcreteMatrixState N)
info: LogdetLean/GramHafnian/ThreePaper/UniformMatrixHidingEndpointsAudit.lean:109:0: LogdetLean.GramHafnian.ThreePaper.Verification.eq_hide_radial_one_column_commute (H : UnitaryHaarProbabilityFamily)
  {N K ambient step : ℕ} (hN : 1 ≤ N) (hNK : N ≤ K) (hKambient : K ≤ ambient) (hNstep : N ≤ step) :
  ⇑(concreteOneColumnMatrixKernel step N) ∘ₘ concreteHaarAmbientLaw H N K ambient =
    radialConvolution (concreteRadialKernelChain N K (ambient - K))
      (⇑(concreteOneColumnMatrixKernel step N) ∘ₘ concreteScaledCOECornerLaw H N K)
info: LogdetLean/GramHafnian/ThreePaper/UniformMatrixHidingEndpointsAudit.lean:111:0: LogdetLean.GramHafnian.ThreePaper.Verification.eq_hide_radial_TV (H : UnitaryHaarProbabilityFamily)
  {N K ambient step : ℕ} (hN : 1 ≤ N) (hNK : N ≤ K) (hKambient : K ≤ ambient) (hNstep : N ≤ step) {delta : ℝ}
  (hbase :
    ProbabilityTVLE (concreteScaledCOECornerLaw H N K)
      (⇑(concreteOneColumnMatrixKernel step N) ∘ₘ concreteScaledCOECornerLaw H N K) delta) :
  ProbabilityTVLE (concreteHaarAmbientLaw H N K ambient)
    (⇑(concreteOneColumnMatrixKernel step N) ∘ₘ concreteHaarAmbientLaw H N K ambient) delta
info: LogdetLean/GramHafnian/ThreePaper/UniformMatrixHidingEndpointsAudit.lean:115:0: LogdetLean.GramHafnian.UltimateHiding.DenseLocalStep.concreteCentralEventPath (N : ℕ)
  (mu : Measure (ConcreteMatrixState N)) (A : Set (ConcreteMatrixState N)) (s : ℝ) : ℝ
info: LogdetLean/GramHafnian/ThreePaper/UniformMatrixHidingEndpointsAudit.lean:116:0: LogdetLean.GramHafnian.UltimateHiding.DenseScore.concreteProjectiveAveragedCenteredCOEEventPath (N K : ℕ)
  (event : Set (ConcreteMatrixState N)) (t : ℝ) : ℝ
info: LogdetLean/GramHafnian/ThreePaper/UniformMatrixHidingEndpointsAudit.lean:118:0: LogdetLean.GramHafnian.ThreePaper.Verification.hidingLemmaIII3_eventwise_A1A2A3A4 {N K : ℕ} (hN : 1 ≤ N)
  (hdense : 16 * N ≤ K) : HidingLemmaIII3EventwiseScores N K
info: LogdetLean/GramHafnian/ThreePaper/UniformMatrixHidingEndpointsAudit.lean:120:0: LogdetLean.GramHafnian.ThreePaper.Verification.HidingLemmaIII3EventwiseScores.centralSmooth {N K : ℕ}
  (self : HidingLemmaIII3EventwiseScores N K) (event : Set (ConcreteMatrixState N)) :
  MeasurableSet event →
    ContDiff ℝ 2
      (concreteCentralEventPath N (concreteScaledCOECornerLaw canonicalUnitaryHaarProbabilityFamily N K) event)
info: LogdetLean/GramHafnian/ThreePaper/UniformMatrixHidingEndpointsAudit.lean:121:0: LogdetLean.GramHafnian.ThreePaper.Verification.HidingLemmaIII3EventwiseScores.scalarFirst {N K : ℕ}
  (self : HidingLemmaIII3EventwiseScores N K) (event : Set (ConcreteMatrixState N)) :
  MeasurableSet event →
    |iteratedDeriv 1
          (concreteCentralEventPath N (concreteScaledCOECornerLaw canonicalUnitaryHaarProbabilityFamily N K) event) 0| ≤
      5 * ↑N
info: LogdetLean/GramHafnian/ThreePaper/UniformMatrixHidingEndpointsAudit.lean:122:0: LogdetLean.GramHafnian.ThreePaper.Verification.HidingLemmaIII3EventwiseScores.scalarSecond {N K : ℕ}
  (self : HidingLemmaIII3EventwiseScores N K) (event : Set (ConcreteMatrixState N)) :
  MeasurableSet event →
    ∀ (s : ℝ),
      |iteratedDeriv 2
            (concreteCentralEventPath N (concreteScaledCOECornerLaw canonicalUnitaryHaarProbabilityFamily N K) event)
            s| ≤
        44 * ↑N ^ 2
info: LogdetLean/GramHafnian/ThreePaper/UniformMatrixHidingEndpointsAudit.lean:124:0: LogdetLean.GramHafnian.ThreePaper.Verification.HidingLemmaIII3EventwiseScores.orbitalSmooth {N K : ℕ}
  (self : HidingLemmaIII3EventwiseScores N K) (event : Set (ConcreteMatrixState N)) :
  MeasurableSet event → ContDiff ℝ 4 (concreteProjectiveAveragedCenteredCOEEventPath N K event)
info: LogdetLean/GramHafnian/ThreePaper/UniformMatrixHidingEndpointsAudit.lean:125:0: LogdetLean.GramHafnian.ThreePaper.Verification.HidingLemmaIII3EventwiseScores.orbitalFirst {N K : ℕ}
  (self : HidingLemmaIII3EventwiseScores N K) (event : Set (ConcreteMatrixState N)) :
  MeasurableSet event → iteratedDeriv 1 (concreteProjectiveAveragedCenteredCOEEventPath N K event) 0 = 0
info: LogdetLean/GramHafnian/ThreePaper/UniformMatrixHidingEndpointsAudit.lean:126:0: LogdetLean.GramHafnian.ThreePaper.Verification.HidingLemmaIII3EventwiseScores.orbitalSecond {N K : ℕ}
  (self : HidingLemmaIII3EventwiseScores N K) (event : Set (ConcreteMatrixState N)) :
  MeasurableSet event → |iteratedDeriv 2 (concreteProjectiveAveragedCenteredCOEEventPath N K event) 0| ≤ 573
info: LogdetLean/GramHafnian/ThreePaper/UniformMatrixHidingEndpointsAudit.lean:127:0: LogdetLean.GramHafnian.ThreePaper.Verification.HidingLemmaIII3EventwiseScores.orbitalThird {N K : ℕ}
  (self : HidingLemmaIII3EventwiseScores N K) (event : Set (ConcreteMatrixState N)) :
  MeasurableSet event →
    ∀ (s : ℝ),
      |s| ≤ 1 / ↑N → |iteratedDeriv 3 (concreteProjectiveAveragedCenteredCOEEventPath N K event) s| ≤ 306840 * ↑N
info: LogdetLean/GramHafnian/ThreePaper/UniformMatrixHidingEndpointsAudit.lean:129:0: LogdetLean.GramHafnian.UltimateHiding.Dense.oneColumn_logarithm_split.{u_1} {E : Type u_1} [AddCommGroup E] [Module ℝ E]
  {N : ℕ} (hN : 1 ≤ N) (m : ℕ) (q : ℝ) (identity rankOne : E) :
  oneColumnScalarLog m • identity + oneColumnRankOneLog q • rankOne =
    oneColumnCenteredScalarLog m N q • identity + oneColumnRankOneLog q • centeredRankOneDirection N identity rankOne
info: LogdetLean/GramHafnian/ThreePaper/UniformMatrixHidingEndpointsAudit.lean:131:0: LogdetLean.GramHafnian.ThreePaper.Verification.normalizedHaarTransposeGram_oneColumnTVLE_615172_A1A2A3A4
  (H : UnitaryHaarProbabilityFamily) {N K m : ℕ} (hN : 1 ≤ N) (hNK : N ≤ K) (hKm : K ≤ m) (hlarge : 24 * N ^ 2 ≤ m)
  (hdense : 16 * N ≤ K) :
  LocalAnticoncentration.probabilityTotalVariationLE (normalizedHaarTransposeGramLaw H m N K)
    (normalizedHaarTransposeGramLaw H (m + 1) N K) (615172 * ↑N ^ 2 / (↑m * ↑(m + 1)))
info: LogdetLean/GramHafnian/ThreePaper/UniformMatrixHidingEndpointsAudit.lean:133:0: LogdetLean.GramHafnian.ThreePaper.Verification.normalizedDenseProductHidingTVLE_615172_A1A2A3A4
  (H : UnitaryHaarProbabilityFamily) {M N K : ℕ} (hN : 1 ≤ N) (hNK : N ≤ K) (hKM : K ≤ M) (hlarge : 24 * N ^ 2 ≤ M)
  (hdense : 16 * N ≤ K) :
  LocalAnticoncentration.probabilityTotalVariationLE (normalizedHaarTransposeGramLaw H M N K)
    (normalizedGaussianTransposeGramLaw N K) (615172 * ↑N ^ 2 / ↑M)
info: LogdetLean/GramHafnian/ThreePaper/UniformMatrixHidingEndpointsAudit.lean:138:0: LogdetLean.GramHafnian.ThreePaper.Verification.toReal_klDiv_sqrtScaledHaarBlock_le_three_quarters_A1A2A3A4
  (H : UnitaryHaarProbabilityFamily) {M K N : ℕ} (hN : 0 < N) (hK : 0 < K) (hNK : N ≤ K) (hs : K + N < M) :
  (InformationTheory.klDiv (sqrtScaledHaarBlockLaw H M K N) (standardGaussianBlockLaw K N)).toReal ≤
    3 * (↑K * ↑N) * (↑K + ↑N) ^ 2 / (4 * ↑M ^ 2)
info: LogdetLean/GramHafnian/ThreePaper/UniformMatrixHidingEndpointsAudit.lean:139:0: LogdetLean.GramHafnian.ThreePaper.Verification.sqrtScaledHaarBlock_probabilityTotalVariationLE_A1A2A3A4
  (H : UnitaryHaarProbabilityFamily) {M K N : ℕ} (hN : 0 < N) (hK : 0 < K) (hNK : N ≤ K) (hs : K + N < M) :
  Sparse.probabilityTotalVariationLE (sqrtScaledHaarBlockLaw H M K N) (standardGaussianBlockLaw K N)
    ((↑K + ↑N) * √(↑K * ↑N) / ↑M)
info: LogdetLean/GramHafnian/ThreePaper/UniformMatrixHidingEndpointsAudit.lean:141:0: LogdetLean.GramHafnian.ThreePaper.Verification.toReal_klDiv_sqrtScaledHaarBlock_le_three_quarters_A1A2A3A4
  (H : UnitaryHaarProbabilityFamily) {M K N : ℕ} (hN : 0 < N) (hK : 0 < K) (hNK : N ≤ K) (hs : K + N < M) :
  (InformationTheory.klDiv (sqrtScaledHaarBlockLaw H M K N) (standardGaussianBlockLaw K N)).toReal ≤
    3 * (↑K * ↑N) * (↑K + ↑N) ^ 2 / (4 * ↑M ^ 2)
info: LogdetLean/GramHafnian/ThreePaper/UniformMatrixHidingEndpointsAudit.lean:143:0: LogdetLean.GramHafnian.ThreePaper.Verification.sqrtScaledHaarBlock_probabilityTotalVariationLE_A1A2A3A4
  (H : UnitaryHaarProbabilityFamily) {M K N : ℕ} (hN : 0 < N) (hK : 0 < K) (hNK : N ≤ K) (hs : K + N < M) :
  Sparse.probabilityTotalVariationLE (sqrtScaledHaarBlockLaw H M K N) (standardGaussianBlockLaw K N)
    ((↑K + ↑N) * √(↑K * ↑N) / ↑M)
info: LogdetLean/GramHafnian/ThreePaper/UniformMatrixHidingEndpointsAudit.lean:145:0: LogdetLean.GramHafnian.ThreePaper.Verification.normalizedSparseStitchTVLE_68_A1A2A3A4 (H : UnitaryHaarProbabilityFamily)
  {M N K : ℕ} (hN : 1 ≤ N) (hNK : N ≤ K) (hKM : K ≤ M) (hlarge : 24 * N ^ 2 ≤ M) (hsparse : K < 16 * N) :
  LocalAnticoncentration.probabilityTotalVariationLE (normalizedHaarTransposeGramLaw H M N K)
    (normalizedGaussianTransposeGramLaw N K) (68 * ↑N ^ 2 / ↑M)
info: LogdetLean/GramHafnian/ThreePaper/UniformMatrixHidingEndpointsAudit.lean:147:0: LogdetLean.GramHafnian.ThreePaper.Verification.normalizedTransposeGram_probabilityTotalVariationLE_sparse_A1A2A3A4
  (H : UnitaryHaarProbabilityFamily) {M N K : ℕ} (hN : 0 < N) (hK : 0 < K) (hNK : N ≤ K) (hs : K + N < M) :
  LocalAnticoncentration.probabilityTotalVariationLE (normalizedHaarTransposeGramLaw H M N K)
    (normalizedGaussianTransposeGramLaw N K) ((↑K + ↑N) * √(↑K * ↑N) / ↑M)
info: LogdetLean/GramHafnian/ThreePaper/UniformMatrixHidingEndpointsAudit.lean:149:0: LogdetLean.GramHafnian.ThreePaper.Verification.eq_rectangular_rn_density_ae {M K N : ℕ} (hN : 0 < N) (hK : 0 < K)
  (hNK : N ≤ K) (hs : K + N < M) :
  ∂jiangSqrtScaledTallHaarCornerLaw M K N/∂standardGaussianBlockLaw K N =ᵐ[standardGaussianBlockLaw K N] fun Z =>
    ENNReal.ofReal (rectangularRNFormulaStrict M K N Z)
info: LogdetLean/GramHafnian/ThreePaper/UniformMatrixHidingEndpointsAudit.lean:154:0: LogdetLean.GramHafnian.UltimateHiding.DenseScore.friedmanMello1985_unscaledCOECornerLaw_eq_determinantDensity_of_A1
  {N K : ℕ} (hN : 1 ≤ N) (h2NK : 2 * N ≤ K) :
  concreteUnscaledCOECornerLaw canonicalUnitaryHaarProbabilityFamily N K =
    coeCornerDeterminantDensityProbabilityMeasure N K
info: LogdetLean/GramHafnian/ThreePaper/UniformMatrixHidingEndpointsAudit.lean:156:0: LogdetLean.GramHafnian.UltimateHiding.Dense.concreteScaledCOECornerLaw (H : UnitaryHaarProbabilityFamily) (N K : ℕ) :
  Measure (ConcreteMatrixState N)
info: LogdetLean/GramHafnian/ThreePaper/UniformMatrixHidingEndpointsAudit.lean:157:0: LogdetLean.GramHafnian.UltimateHiding.DenseScore.unscaleCOECorner {N : ℕ} (K : ℕ) (A : ConcreteMatrixState N) :
  ConcreteMatrixState N
info: LogdetLean/GramHafnian/ThreePaper/UniformMatrixHidingEndpointsAudit.lean:158:0: LogdetLean.GramHafnian.UltimateHiding.DenseScore.concreteUnscaledCOECornerLaw (H : UnitaryHaarProbabilityFamily)
  (N K : ℕ) : Measure (ConcreteMatrixState N)
info: LogdetLean/GramHafnian/ThreePaper/UniformMatrixHidingEndpointsAudit.lean:160:0: LogdetLean.GramHafnian.UltimateHiding.DenseScore.concreteCOEExponent (N K : ℕ) : ℝ
info: LogdetLean/GramHafnian/ThreePaper/UniformMatrixHidingEndpointsAudit.lean:161:0: LogdetLean.GramHafnian.UltimateHiding.DenseScore.concreteCOEZ {N : ℕ} (K : ℕ) (A : ConcreteMatrixState N) :
  ConcreteMatrixState N
info: LogdetLean/GramHafnian/ThreePaper/UniformMatrixHidingEndpointsAudit.lean:162:0: LogdetLean.GramHafnian.UltimateHiding.DenseScore.concreteCOEY (N K : ℕ) (C : ConcreteMatrixState N) :
  ConcreteMatrixState N
info: LogdetLean/GramHafnian/ThreePaper/UniformMatrixHidingEndpointsAudit.lean:164:0: LogdetLean.GramHafnian.UltimateHiding.DenseScore.concreteCOEWMatrix_eq_one_add_Z {N K : ℕ} (A : ConcreteMatrixState N)
  (hc : concreteCOEExponent N K ≠ 0) : concreteCOEWMatrix N K A = 1 + concreteCOEZ K A
info: LogdetLean/GramHafnian/ThreePaper/UniformMatrixHidingEndpointsAudit.lean:165:0: LogdetLean.GramHafnian.UltimateHiding.DenseScore.concreteCOERMatrix_eq_sqrt_exponent_smul_one_add_Z_mul_unscale
  {N K : ℕ} (A : ConcreteMatrixState N) (hsupport : coeCornerSupport (unscaleCOECorner K A)) :
  concreteCOERMatrix N K A = ↑√(concreteCOEExponent N K) • ((1 + concreteCOEZ K A) * unscaleCOECorner K A)
info: LogdetLean/GramHafnian/ThreePaper/UniformMatrixHidingEndpointsAudit.lean:166:0: LogdetLean.GramHafnian.UltimateHiding.DenseScore.concreteCOERMatrix_mul_conjTranspose_eq_Y_mul_one_add_Z {N K : ℕ}
  (A : ConcreteMatrixState N) (hcpos : 0 < concreteCOEExponent N K)
  (hsupport : coeCornerSupport (unscaleCOECorner K A)) :
  concreteCOERMatrix N K A * Matrix.conjTranspose (concreteCOERMatrix N K A) =
    concreteCOEY N K A * (1 + concreteCOEZ K A)
info: LogdetLean/GramHafnian/ThreePaper/UniformMatrixHidingEndpointsAudit.lean:168:0: LogdetLean.GramHafnian.UltimateHiding.DenseScore.coeTakagiMuirhead_traceVector_betaPrime_A1A2PrimeA3 {r N K : ℕ}
  (hN : 1 ≤ N) (h2NK : 2 * N ≤ K) :
  Measure.map (concreteCOETracePowerVector r N K)
      (concreteScaledCOECornerLaw canonicalUnitaryHaarProbabilityFamily N K) =
    Measure.map (realBetaPrimeTracePowerVector r N K) (realBetaPrimeGaussianSourceLaw N K)
info: LogdetLean/GramHafnian/ThreePaper/UniformMatrixHidingEndpointsAudit.lean:170:0: LogdetLean.GramHafnian.UltimateHiding.DenseScore.integral_h9ScaledInverseTrace {N K : ℕ} (hgap : 2 * N + 8 ≤ K) :
  ∫ (B : H9InverseWishartSample N K), (h9ScaledInverseWishart N K B).trace ∂h9InverseWishartDenominatorLaw N K = ↑N
info: LogdetLean/GramHafnian/ThreePaper/UniformMatrixHidingEndpointsAudit.lean:172:0: LogdetLean.GramHafnian.UltimateHiding.DenseScore.coe_boundary_exponent_ge_seven_halves {N K : ℕ}
  (hboundary : 2 * N + 8 ≤ K) : 7 / 2 ≤ coeCornerDensityExponent N K
info: LogdetLean/GramHafnian/ThreePaper/UniformMatrixHidingEndpointsAudit.lean:173:0: LogdetLean.GramHafnian.UltimateHiding.DenseScore.coe_boundary_exponent_sub_fin4_pos {N K : ℕ}
  (hboundary : 2 * N + 8 ≤ K) (s : Fin 4) : 0 < coeCornerDensityExponent N K - ↑↑s
info: LogdetLean/GramHafnian/ThreePaper/UniformMatrixHidingEndpointsAudit.lean:174:0: LogdetLean.GramHafnian.UltimateHiding.DenseScore.coe_boundary_exponent_sub_four_gt_neg_one {N K : ℕ}
  (hboundary : 2 * N + 8 ≤ K) : -1 < coeCornerDensityExponent N K - 4
info: LogdetLean/GramHafnian/ThreePaper/UniformMatrixHidingEndpointsAudit.lean:176:0: LogdetLean.GramHafnian.UltimateHiding.DenseScore.integrable_coe_boundary_rpow_sub_four {N K : ℕ}
  (hboundary : 2 * N + 8 ≤ K) : IntegrableOn (fun u => u ^ (coeCornerDensityExponent N K - 4)) (Set.Ioc 0 1) ℙ
info: LogdetLean/GramHafnian/ThreePaper/UniformMatrixHidingEndpointsAudit.lean:178:0: LogdetLean.GramHafnian.UltimateHiding.DenseScore.h16CenteredCoordinateComplexJacobianFamily {N : ℕ} (hN : 1 ≤ N) :
  H16CenteredCoordinateComplexJacobianFamily N
info: LogdetLean/GramHafnian/ThreePaper/UniformMatrixHidingEndpointsAudit.lean:180:0: LogdetLean.GramHafnian.UltimateHiding.DenseScore.concreteProjectiveAveragedCenteredCOEEventPath (N K : ℕ)
  (event : Set (ConcreteMatrixState N)) (t : ℝ) : ℝ
info: LogdetLean/GramHafnian/ThreePaper/UniformMatrixHidingEndpointsAudit.lean:181:0: LogdetLean.GramHafnian.UltimateHiding.DenseLocalStep.concreteProjectiveAveragedCenteredCOEEventPath_eq_orbitalAction
  {N K : ℕ} (hN : 1 ≤ N) (hNK : N ≤ K) (event : Set (ConcreteMatrixState N)) (hevent : MeasurableSet event) (t : ℝ) :
  concreteProjectiveAveragedCenteredCOEEventPath N K event t =
    (⇑(concreteOrbitalMatrixKernel N t) ∘ₘ concreteScaledCOECornerLaw canonicalUnitaryHaarProbabilityFamily N K).real
      event
info: LogdetLean/GramHafnian/ThreePaper/UniformMatrixHidingEndpointsAudit.lean:183:0: LogdetLean.GramHafnian.UltimateHiding.DenseScore.coeCorner_centeredProjective_eventPath_contDiff_four_H17_proved_from_A1
  {N K : ℕ} (hN : 1 ≤ N) (hboundary : 2 * N + 8 ≤ K) (event : Set (ConcreteMatrixState N))
  (hevent : MeasurableSet event) : ContDiff ℝ 4 (concreteProjectiveAveragedCenteredCOEEventPath N K event)
info: LogdetLean/GramHafnian/ThreePaper/UniformMatrixHidingEndpointsAudit.lean:185:0: LogdetLean.GramHafnian.ThreePaper.Verification.eq_hide_fourth_secant_from_A1 {N K : ℕ} (hN : 1 ≤ N)
  (hboundary : 2 * N + 8 ≤ K) : H16CenteredDirectFourthL1DerivativeAtZero ⋯ hN hboundary
info: LogdetLean/GramHafnian/ThreePaper/UniformMatrixHidingEndpointsAudit.lean:187:0: LogdetLean.GramHafnian.UltimateHiding.DenseScore.transposeCongruenceFlow_baseTime_shift {N : ℕ}
  (A C : ComplexSquareMatrix N) (t0 h : ℝ) :
  NormedSpace.exp (↑(t0 + h) • A) * C * NormedSpace.exp (↑(t0 + h) • Matrix.transpose A) =
    NormedSpace.exp (↑h • A) *
      (NormedSpace.exp (↑t0 • A) * C * NormedSpace.exp (↑t0 • Matrix.transpose A) *
        NormedSpace.exp (↑h • Matrix.transpose A))
info: LogdetLean/GramHafnian/ThreePaper/UniformMatrixHidingEndpointsAudit.lean:189:0: LogdetLean.GramHafnian.UltimateHiding.DenseScore.coeCorner_centeredProjective_eventPath_derivative_interchange_at_H18_proved_from_A1
  {N K r : ℕ} (hN : 1 ≤ N) (hboundary : 2 * N + 8 ≤ K) (hr : r ≤ 4) (event : Set (ConcreteMatrixState N))
  (hevent : MeasurableSet event) (y : ℝ) :
  iteratedDeriv r (concreteProjectiveAveragedCenteredCOEEventPath N K event) y =
    ∫ (v : ↑(ComplexUnitSphere N)),
      iteratedDeriv r (concreteCenteredRankOneCOEEventPath K v event) y ∂complexUnitSphereProbabilityMeasure N
info: LogdetLean/GramHafnian/ThreePaper/UniformMatrixHidingEndpointsAudit.lean:194:0: LogdetLean.GramHafnian.UltimateHiding.DenseScore.U08.h8H10ExactTraceRecurrenceSystem_internal {N K : ℕ} (hN : 1 ≤ N)
  (hdense : 16 * N ≤ K) :
  H8H10ExactTraceRecurrenceSystem (↑N) (concreteCOEExponent N K) (h8H10TraceOneSqMoment N K) (h8H10TraceTwoMoment N K)
    (h8H10TraceOneCubeMoment N K) (h8H10TraceOneTraceTwoMoment N K) (h8H10TraceThreeMoment N K)
    (h8H10TraceOneFourthMoment N K) (h8H10TraceOneSqTraceTwoMoment N K) (h8H10TraceTwoSqMoment N K)
    (h8H10TraceOneTraceThreeMoment N K) (h8H10TraceFourMoment N K)
info: LogdetLean/GramHafnian/ThreePaper/UniformMatrixHidingEndpointsAudit.lean:196:0: LogdetLean.GramHafnian.MatrixLawEndpoints.eq_hide_inverse_gradient.{u_1, u_2} {k : Type u_1} {m : Type u_2} [Fintype k]
  [Fintype m] [DecidableEq k] [DecidableEq m] (c : ℝ) (R : Matrix k m ℝ) (hM : IsUnit (hidingRealGram R).det) :
  hidingRealFrobeniusInner (inverseWishartTraceGradient c R) (inverseWishartTraceGradient c R) =
    4 * c ^ 2 * inverseWishartTraceCube R
info: LogdetLean/GramHafnian/ThreePaper/UniformMatrixHidingEndpointsAudit.lean:198:0: LogdetLean.GramHafnian.UltimateHiding.DenseScore.integral_complexCenteredProjectiveTracePair_mul {N : ℕ} (hN : 1 ≤ N)
  (A B : ConcreteMatrixState N) :
  ∫ (v : ↑(ComplexUnitSphere N)),
      complexCenteredProjectiveTracePair v A *
        complexCenteredProjectiveTracePair v B ∂complexUnitSphereProbabilityMeasure N =
    ↑(↑N * (↑N + 1))⁻¹ * ((A * B).trace - ↑(↑N)⁻¹ * Matrix.trace A * Matrix.trace B)
info: LogdetLean/GramHafnian/ThreePaper/UniformMatrixHidingEndpointsAudit.lean:200:0: LogdetLean.GramHafnian.UltimateHiding.DenseScore.densityBellFour (ellOne ellTwo ellThree ellFour : ℝ) : ℝ
info: LogdetLean/GramHafnian/ThreePaper/UniformMatrixHidingEndpointsAudit.lean:202:0: LogdetLean.GramHafnian.UltimateHiding.DenseScore.h11COEBlockUnwrapper {N : ℕ} (Q : ConcreteMatrixState N) (t : ℝ) :
  Matrix (H11COEBlockIndex N) (H11COEBlockIndex N) ℂ
info: LogdetLean/GramHafnian/ThreePaper/UniformMatrixHidingEndpointsAudit.lean:203:0: LogdetLean.GramHafnian.UltimateHiding.DenseScore.h11COEBlockMiddle {N : ℕ} (Q C : ConcreteMatrixState N) (t : ℝ) :
  Matrix (H11COEBlockIndex N) (H11COEBlockIndex N) ℂ
info: LogdetLean/GramHafnian/ThreePaper/UniformMatrixHidingEndpointsAudit.lean:204:0: LogdetLean.GramHafnian.UltimateHiding.DenseScore.h11COEBlockUnwrapper_mul_centeredFlow_mul_unwrapper {N : ℕ}
  (Q C : ConcreteMatrixState N) (t : ℝ) (hQ : Matrix.IsHermitian Q) :
  h11COEBlockUnwrapper Q t * h11COEBlockM (transposeCongruenceFlow Q (-t) C) * h11COEBlockUnwrapper Q t =
    h11COEBlockMiddle Q C t
info: LogdetLean/GramHafnian/ThreePaper/UniformMatrixHidingEndpointsAudit.lean:205:0: LogdetLean.GramHafnian.UltimateHiding.DenseScore.map_star_eq_transpose_of_isHermitian_h11 {N : ℕ}
  {Q : ConcreteMatrixState N} (hQ : Matrix.IsHermitian Q) : Matrix.map Q star = Matrix.transpose Q
info: LogdetLean/GramHafnian/ThreePaper/UniformMatrixHidingEndpointsAudit.lean:207:0: LogdetLean.GramHafnian.UltimateHiding.DenseScore.h11COEBlockGapDiagonal {N : ℕ} (C : ConcreteMatrixState N) :
  Matrix (H11COEBlockIndex N) (H11COEBlockIndex N) ℂ
info: LogdetLean/GramHafnian/ThreePaper/UniformMatrixHidingEndpointsAudit.lean:208:0: LogdetLean.GramHafnian.UltimateHiding.DenseScore.h11COEBlock_product_identity_posDef {N : ℕ} (C : ConcreteMatrixState N)
  (hsupport : coeCornerSupport C) :
  h11COEBlockM C * h11COEBlockB C = h11COEBlockB C * h11COEBlockM C ∧
    h11COEBlockB C * h11COEBlockM C = h11COEBlockGapDiagonal C ∧ (h11COEBlockGapDiagonal C).PosDef
info: LogdetLean/GramHafnian/ThreePaper/UniformMatrixHidingEndpointsAudit.lean:209:0: LogdetLean.GramHafnian.UltimateHiding.DenseScore.h11COEBlockCayley_posDef_of_support {N : ℕ} (C : ConcreteMatrixState N)
  (hsupport : coeCornerSupport C) : (h11COEBlockCayley C).PosDef
info: LogdetLean/GramHafnian/ThreePaper/UniformMatrixHidingEndpointsAudit.lean:211:0: LogdetLean.GramHafnian.UltimateHiding.DenseScore.h11_iteratedDeriv_four_log_det_re_exp_affine.{u_1} {ι : Type u_1}
  [Fintype ι] [DecidableEq ι] (R E : Matrix ι ι ℂ)
  (hHerm : ∀ᶠ (t : ℝ) in nhds 0, (R + NormedSpace.exp (t • 2 • E)).IsHermitian)
  (hpos : ∀ᶠ (t : ℝ) in nhds 0, 0 < (R + NormedSpace.exp (t • 2 • E)).det.re) :
  iteratedDeriv 4 (fun t => Real.log (R + NormedSpace.exp (t • 2 • E)).det.re) 0 =
    (h11BlockFourthJacobiMatrix (R + 1)⁻¹ E).trace.re
info: LogdetLean/GramHafnian/ThreePaper/UniformMatrixHidingEndpointsAudit.lean:212:0: LogdetLean.GramHafnian.UltimateHiding.DenseScore.h11BlockFourthJacobiMatrix.{u_1} {ι : Type u_1} [Fintype ι]
  [DecidableEq ι] (W E : Matrix ι ι ℂ) : Matrix ι ι ℂ
info: LogdetLean/GramHafnian/ThreePaper/UniformMatrixHidingEndpointsAudit.lean:213:0: LogdetLean.GramHafnian.UltimateHiding.DenseScore.trace_h11BlockFourthJacobiMatrix_half_one_add.{u_1} {ι : Type u_1}
  [Fintype ι] [DecidableEq ι] (E S : Matrix ι ι ℂ) :
  (h11BlockFourthJacobiMatrix (2⁻¹ • (1 + S)) E).trace =
    -2 * (E ^ 4).trace + 8 * (E ^ 3 * S * E * S).trace - 6 * ((E * S) ^ 4).trace
info: LogdetLean/GramHafnian/ThreePaper/UniformMatrixHidingEndpointsAudit.lean:215:0: LogdetLean.GramHafnian.UltimateHiding.DenseScore.trace_involution_fourth_gap_eq_sum_squares.{u_1} {ι : Type u_1}
  [Fintype ι] [DecidableEq ι] (X J : Matrix ι ι ℂ) (hJ2 : J * J = 1) :
  ((X * J) ^ 4).trace + 3 * (X ^ 4).trace - 4 * (X ^ 3 * J * X * J).trace =
    2⁻¹ * ((X - J * X * J) ^ 4).trace + ((X ^ 2 - (J * X * J) ^ 2) ^ 2).trace
info: LogdetLean/GramHafnian/ThreePaper/UniformMatrixHidingEndpointsAudit.lean:217:0: LogdetLean.GramHafnian.UltimateHiding.DenseScore.four_trace_X_cube_JXJ_le_trace_XJ_four_add_three_trace_X_four.{u_1}
  {ι : Type u_1} [Fintype ι] [DecidableEq ι] (X J : Matrix ι ι ℂ) (hX : X.IsHermitian) (hJ : J.IsHermitian)
  (hJ2 : J * J = 1) : 4 * (X ^ 3 * J * X * J).trace.re ≤ ((X * J) ^ 4).trace.re + 3 * (X ^ 4).trace.re
info: LogdetLean/GramHafnian/ThreePaper/UniformMatrixHidingEndpointsAudit.lean:219:0: LogdetLean.GramHafnian.UltimateHiding.DenseScore.four_trace_E_cube_Rsq_E_Rsq_le_of_grading_square_root.{u_1}
  {ι : Type u_1} [Fintype ι] [DecidableEq ι] (E R J : Matrix ι ι ℂ) (hE : E.IsHermitian) (hR : R.IsHermitian)
  (hJ : J.IsHermitian) (hJ2 : J * J = 1) (hRJR : R * J * R = J) (hEJ : E * J = J * E) :
  4 * (E ^ 3 * R ^ 2 * E * R ^ 2).trace.re ≤ (E ^ 4).trace.re + 3 * ((E * R ^ 2) ^ 4).trace.re
info: LogdetLean/GramHafnian/ThreePaper/UniformMatrixHidingEndpointsAudit.lean:221:0: LogdetLean.GramHafnian.UltimateHiding.DenseScore.trace_h11COEBlockFourthJacobiMatrix_re_nonpos {N : ℕ}
  (C Q : ConcreteMatrixState N) (hsupport : coeCornerSupport C) (hQ : Matrix.IsHermitian Q) :
  (h11BlockFourthJacobiMatrix (h11COEBlockM C)⁻¹ (h11COEBlockDirection Q)).trace.re ≤ 0
info: LogdetLean/GramHafnian/ThreePaper/UniformMatrixHidingEndpointsAudit.lean:223:0: LogdetLean.GramHafnian.UltimateHiding.DenseScore.concreteCenteredLogDeterminantJet_four_nonpos {N K : ℕ}
  (A : ConcreteMatrixState N) (v : ↑(ComplexUnitSphere N)) (hsupport : coeCornerSupport (unscaleCOECorner K A)) :
  concreteCenteredLogDeterminantJet 4 N K v A ≤ 0
info: LogdetLean/GramHafnian/ThreePaper/UniformMatrixHidingEndpointsAudit.lean:225:0: LogdetLean.GramHafnian.UltimateHiding.DenseScore.fourthBellLower_posPart_le_sos (x y z : ℝ) :
  max (x ^ 4 + 6 * x ^ 2 * y + 3 * y ^ 2 + 4 * x * z) 0 ≤ 19 / 3 * x ^ 4 + 75 / 16 * y ^ 2 + 4 * |x * z|
info: LogdetLean/GramHafnian/ThreePaper/UniformMatrixHidingEndpointsAudit.lean:227:0: LogdetLean.GramHafnian.ThreePaper.Verification.eq_hide_fourth_ell_one_fourth_moment_A1A2A3A4 {N K : ℕ} (hN : 1 ≤ N)
  (hdense : 16 * N ≤ K) :
  lpNorm (fun p => concreteCenteredEll 1 N K p ^ 4) 1 (concreteCenteredScoreProductLaw N K) ≤ 3151 * ↑N ^ 2
info: LogdetLean/GramHafnian/ThreePaper/UniformMatrixHidingEndpointsAudit.lean:229:0: LogdetLean.GramHafnian.ThreePaper.Verification.eq_hide_fourth_ell_two_square_moment_A1A2A3 {N K : ℕ} (hN : 1 ≤ N)
  (hdense : 16 * N ≤ K) :
  lpNorm (fun p => concreteCenteredEll 2 N K p ^ 2) 1 (concreteCenteredScoreProductLaw N K) ≤ 9990 * ↑N ^ 2
info: LogdetLean/GramHafnian/ThreePaper/UniformMatrixHidingEndpointsAudit.lean:231:0: LogdetLean.GramHafnian.ThreePaper.Verification.eq_hide_fourth_ell_one_three_moment_A1A2A3A4 {N K : ℕ} (hN : 1 ≤ N)
  (hdense : 16 * N ≤ K) :
  lpNorm (fun p => concreteCenteredEll 1 N K p * concreteCenteredEll 3 N K p) 1 (concreteCenteredScoreProductLaw N K) ≤
    6773469 / 320 * ↑N ^ 2
info: LogdetLean/GramHafnian/ThreePaper/UniformMatrixHidingEndpointsAudit.lean:233:0: LogdetLean.GramHafnian.UltimateHiding.DenseScore.combinedSharperLowerBellPositiveConstant_eq :
  combinedSharperLowerBellPositiveConstant = 36348677 / 240
info: LogdetLean/GramHafnian/ThreePaper/UniformMatrixHidingEndpointsAudit.lean:235:0: LogdetLean.GramHafnian.UltimateHiding.DenseScore.two_mul_combinedSharperLowerBellPositiveConstant_le_full :
  2 * combinedSharperLowerBellPositiveConstant ≤ combinedSharperFullFourthDensityScoreConstant
info: LogdetLean/GramHafnian/ThreePaper/UniformMatrixHidingEndpointsAudit.lean:237:0: LogdetLean.GramHafnian.UltimateHiding.DenseScore.combinedSharperFullFourthDensityScoreConstant_eq :
  combinedSharperFullFourthDensityScoreConstant = 302906
info: LogdetLean/GramHafnian/ThreePaper/UniformMatrixHidingEndpointsAudit.lean:239:0: LogdetLean.GramHafnian.UltimateHiding.DenseScore.concreteCenteredLikelihoodCore {N : ℕ} (K : ℕ)
  (v : ↑(ComplexUnitSphere N)) (t : ℝ) (A : ConcreteMatrixState N) : ℝ
info: LogdetLean/GramHafnian/ThreePaper/UniformMatrixHidingEndpointsAudit.lean:240:0: LogdetLean.GramHafnian.UltimateHiding.DenseScore.concreteCenteredLogScore (r N K : ℕ) (v : ↑(ComplexUnitSphere N))
  (A : ConcreteMatrixState N) : ℝ
info: LogdetLean/GramHafnian/ThreePaper/UniformMatrixHidingEndpointsAudit.lean:241:0: LogdetLean.GramHafnian.UltimateHiding.DenseScore.concreteCenteredDensityScore (r N K : ℕ) (v : ↑(ComplexUnitSphere N))
  (A : ConcreteMatrixState N) : ℝ
info: LogdetLean/GramHafnian/ThreePaper/UniformMatrixHidingEndpointsAudit.lean:242:0: LogdetLean.GramHafnian.UltimateHiding.DenseScore.concreteCenteredLikelihoodCore_zero_on_support {N K : ℕ}
  (v : ↑(ComplexUnitSphere N)) (A : ConcreteMatrixState N) (hsupport : coeCornerSupport (unscaleCOECorner K A)) :
  concreteCenteredLikelihoodCore K v 0 A = 1
info: LogdetLean/GramHafnian/ThreePaper/UniformMatrixHidingEndpointsAudit.lean:243:0: LogdetLean.GramHafnian.UltimateHiding.DenseScore.coeCorner_centeredDensityScore_four_eq_Bell_external_derived {N K : ℕ}
  (hN : 1 ≤ N) (_hboundary : 2 * N + 8 ≤ K) (v : ↑(ComplexUnitSphere N)) (A : ConcreteMatrixState N)
  (_hsymm : Matrix.IsSymm (unscaleCOECorner K A)) (hsupport : coeCornerSupport (unscaleCOECorner K A)) :
  concreteCenteredDensityScore 4 N K v A =
    densityBellFour (concreteCenteredLogScore 1 N K v A) (concreteCenteredLogScore 2 N K v A)
      (concreteCenteredLogScore 3 N K v A) (concreteCenteredLogScore 4 N K v A)
info: LogdetLean/GramHafnian/ThreePaper/UniformMatrixHidingEndpointsAudit.lean:245:0: LogdetLean.GramHafnian.UltimateHiding.DenseScore.concreteCenteredDensityScoreFourProduct_lpNorm_one_le_combinedSharper
  {N K : ℕ} (hN : 1 ≤ N) (hdense : 16 * N ≤ K) :
  lpNorm (fun Av => concreteCenteredDensityScore 4 N K Av.2 Av.1) 1 (concreteCenteredScoreProductLaw N K) ≤
    combinedSharperFullFourthDensityScoreConstant * ↑N ^ 2
info: LogdetLean/GramHafnian/ThreePaper/UniformMatrixHidingEndpointsAudit.lean:248:0: LogdetLean.GramHafnian.UltimateHiding.DenseScore.concreteCenteredQuadraticDensity (N K : ℕ)
  (C : ConcreteMatrixState N) : ℝ
info: LogdetLean/GramHafnian/ThreePaper/UniformMatrixHidingEndpointsAudit.lean:249:0: LogdetLean.GramHafnian.UltimateHiding.DenseScore.centeredQuadraticTraceBracket (N c tOne tTwo : ℝ) : ℝ
info: LogdetLean/GramHafnian/ThreePaper/UniformMatrixHidingEndpointsAudit.lean:250:0: LogdetLean.GramHafnian.UltimateHiding.DenseScore.averagedCenteredQuadratic_exact_contraction {N c t1 t2 : ℝ}
  (hN : N ≠ 0) (hNpOne : N + 1 ≠ 0) (hc : c ≠ 0) :
  4 * (quadraticProjectiveA N t1 t2 - quadraticProjectiveB N c t1 t2 - quadraticProjectiveC N c t1 t2) =
    4 / (N * (N + 1)) * (t2 - t1 ^ 2 / N - (N - 1) * (N + 2) / N * t1 - 1 / c * (t1 ^ 2 + (N - 2) / N * t2))
info: LogdetLean/GramHafnian/ThreePaper/UniformMatrixHidingEndpointsAudit.lean:252:0: LogdetLean.GramHafnian.UltimateHiding.DenseScore.exactVarianceOrbitalScoreTwoConstant : ℝ
info: LogdetLean/GramHafnian/ThreePaper/UniformMatrixHidingEndpointsAudit.lean:254:0: LogdetLean.GramHafnian.UltimateHiding.DenseScore.concreteCenteredQuadraticDensity_lpNorm_one_le_exactVariance {N K : ℕ}
  (hN : 1 ≤ N) (hdense : 16 * N ≤ K) :
  lpNorm (concreteCenteredQuadraticDensity N K) 1
      (concreteScaledCOECornerLaw canonicalUnitaryHaarProbabilityFamily N K) ≤
    exactVarianceOrbitalScoreTwoConstant
info: LogdetLean/GramHafnian/ThreePaper/UniformMatrixHidingEndpointsAudit.lean:257:0: LogdetLean.GramHafnian.UltimateHiding.DenseScore.concreteAveragedCenteredCubicDensity_extract_traceThree {N K : ℕ}
  (hN : 1 ≤ N) (hdense : 16 * N ≤ K) (A : ConcreteMatrixState N) :
  concreteAveragedCenteredCubicDensity N K A =
    averagedCenteredCubicTraceThreeCoefficient (↑N) (concreteCOEExponent N K) * concreteCOETraceThree N K A +
      concreteAveragedCenteredCubicTraceThreeRemainder N K A
info: LogdetLean/GramHafnian/ThreePaper/UniformMatrixHidingEndpointsAudit.lean:259:0: LogdetLean.GramHafnian.UltimateHiding.DenseScore.concreteAveragedCenteredCubicTraceThreeRemainder_lpNorm_one_le_ultraNGeTwo
  {N K : ℕ} (hN : 2 ≤ N) (hdense : 16 * N ≤ K) :
  lpNorm (concreteAveragedCenteredCubicTraceThreeRemainder N K) 1
      (concreteScaledCOECornerLaw canonicalUnitaryHaarProbabilityFamily N K) ≤
    ultraNGeTwoRawTraceThreeRemainderConstant * ↑N
info: LogdetLean/GramHafnian/ThreePaper/UniformMatrixHidingEndpointsAudit.lean:261:0: LogdetLean.GramHafnian.UltimateHiding.DenseScore.ultraNGeTwoRawTraceThreeRemainderConstant : ℝ
info: LogdetLean/GramHafnian/ThreePaper/UniformMatrixHidingEndpointsAudit.lean:263:0: LogdetLean.GramHafnian.UltimateHiding.DenseScore.ultraNGeTwoRawTraceThreeRemainderConstant_eq :
  ultraNGeTwoRawTraceThreeRemainderConstant = 115724477938672 / 58837359375
info: LogdetLean/GramHafnian/ThreePaper/UniformMatrixHidingEndpointsAudit.lean:265:0: LogdetLean.GramHafnian.UltimateHiding.DenseScore.two_mul_ultraNGeTwoRawTraceThreeRemainderConstant_le :
  2 * ultraNGeTwoRawTraceThreeRemainderConstant ≤ ultraNGeTwoAveragedCenteredCubicNormalizationConstant
info: LogdetLean/GramHafnian/ThreePaper/UniformMatrixHidingEndpointsAudit.lean:267:0: LogdetLean.GramHafnian.UltimateHiding.DenseScore.ultraNGeTwoAveragedCenteredCubicNormalizationConstant_eq :
  ultraNGeTwoAveragedCenteredCubicNormalizationConstant = 3934
info: LogdetLean/GramHafnian/ThreePaper/UniformMatrixHidingEndpointsAudit.lean:269:0: LogdetLean.GramHafnian.UltimateHiding.DenseScore.integral_concreteAveragedCenteredCubicDensity_eq_zero_internal
  {N K : ℕ} (hN : 1 ≤ N) (hdense : 16 * N ≤ K) :
  ∫ (A : ConcreteMatrixState N),
      concreteAveragedCenteredCubicDensity N K A ∂concreteScaledCOECornerLaw canonicalUnitaryHaarProbabilityFamily N K =
    0
info: LogdetLean/GramHafnian/ThreePaper/UniformMatrixHidingEndpointsAudit.lean:271:0: LogdetLean.GramHafnian.UltimateHiding.DenseScore.concreteAveragedCenteredCubicDensity_lpNorm_one_le_ultraNGeTwo
  {N K : ℕ} (hN : 1 ≤ N) (hdense : 16 * N ≤ K) :
  lpNorm (concreteAveragedCenteredCubicDensity N K) 1
      (concreteScaledCOECornerLaw canonicalUnitaryHaarProbabilityFamily N K) ≤
    ultraNGeTwoAveragedCenteredCubicNormalizationConstant * ↑N
info: LogdetLean/GramHafnian/ThreePaper/UniformMatrixHidingEndpointsAudit.lean:273:0: LogdetLean.GramHafnian.ThreePaper.Verification.hiding_S_moments_literal_commonConstant {N K : ℕ} (hN : 2 ≤ N)
  (hdense : 16 * N ≤ K) :
  lpNorm (fun A => (Matrix.trace (concreteCOECenteredMatrix N K A)).re) 3
        (concreteScaledCOECornerLaw canonicalUnitaryHaarProbabilityFamily N K) ≤
      hidingSMomentConstant * ↑N ∧
    lpNorm (fun A => (concreteCOECenteredMatrix N K A * concreteCOECenteredMatrix N K A).trace.re) (3 / 2)
          (concreteScaledCOECornerLaw canonicalUnitaryHaarProbabilityFamily N K) ≤
        hidingSMomentConstant * ↑N ^ 3 ∧
      lpNorm
          (fun A =>
            (concreteCOECenteredMatrix N K A * concreteCOECenteredMatrix N K A *
                  concreteCOECenteredMatrix N K A).trace.re)
          1 (concreteScaledCOECornerLaw canonicalUnitaryHaarProbabilityFamily N K) ≤
        hidingSMomentConstant * ↑N ^ 4
info: LogdetLean/GramHafnian/ThreePaper/UniformMatrixHidingEndpointsAudit.lean:276:0: LogdetLean.GramHafnian.UltimateHiding.DenseLocalStep.abs_iteratedDeriv_one_concreteBaseCentralEventPath_le_exactVariance
  {N K : ℕ} (hN : 1 ≤ N) (hdense : 16 * N ≤ K) (event : Set (ConcreteMatrixState N)) (hevent : MeasurableSet event) :
  |iteratedDeriv 1
        (concreteCentralEventPath N (concreteScaledCOECornerLaw canonicalUnitaryHaarProbabilityFamily N K) event) 0| ≤
    exactVarianceCentralScoreOneConstant * ↑N
info: LogdetLean/GramHafnian/ThreePaper/UniformMatrixHidingEndpointsAudit.lean:278:0: LogdetLean.GramHafnian.UltimateHiding.DenseLocalStep.abs_iteratedDeriv_two_concreteBaseCentralEventPath_le_exactVariance
  {N K : ℕ} (hN : 1 ≤ N) (hdense : 16 * N ≤ K) (event : Set (ConcreteMatrixState N)) (hevent : MeasurableSet event)
  (y : ℝ) :
  |iteratedDeriv 2
        (concreteCentralEventPath N (concreteScaledCOECornerLaw canonicalUnitaryHaarProbabilityFamily N K) event) y| ≤
    exactVarianceCentralScoreTwoConstant * ↑N ^ 2
info: LogdetLean/GramHafnian/ThreePaper/UniformMatrixHidingEndpointsAudit.lean:280:0: LogdetLean.GramHafnian.UltimateHiding.DenseLocalStep.iteratedDeriv_one_concreteSharedBetaOrbitalEventPath_eq_zero
  {m N K : ℕ} (hN : 1 ≤ N) (hdense : 16 * N ≤ K) (q : ℝ) (event : Set (ConcreteMatrixState N))
  (hevent : MeasurableSet event) :
  iteratedDeriv 1
      (concreteSharedBetaOrbitalEventPath m N (concreteScaledCOECornerLaw canonicalUnitaryHaarProbabilityFamily N K) q
        event)
      0 =
    0
info: LogdetLean/GramHafnian/ThreePaper/UniformMatrixHidingEndpointsAudit.lean:282:0: LogdetLean.GramHafnian.UltimateHiding.DenseLocalStep.abs_iteratedDeriv_two_concreteSharedBetaOrbitalEventPath_le_exactVariance
  {m N K : ℕ} (hN : 1 ≤ N) (hdense : 16 * N ≤ K) (q : ℝ) (event : Set (ConcreteMatrixState N))
  (hevent : MeasurableSet event) :
  |iteratedDeriv 2
        (concreteSharedBetaOrbitalEventPath m N (concreteScaledCOECornerLaw canonicalUnitaryHaarProbabilityFamily N K) q
          event)
        0| ≤
    exactVarianceOrbitalScoreTwoConstant
info: LogdetLean/GramHafnian/ThreePaper/UniformMatrixHidingEndpointsAudit.lean:284:0: LogdetLean.GramHafnian.UltimateHiding.DenseScore.abs_iteratedDeriv_four_concreteSharedBetaOrbitalEventPath_le_combinedSharper
  {m N K : ℕ} (hN : 1 ≤ N) (hdense : 16 * N ≤ K) (q : ℝ) (event : Set (ConcreteMatrixState N))
  (hevent : MeasurableSet event) (y : ℝ) :
  |iteratedDeriv 4
        (concreteSharedBetaOrbitalEventPath m N (concreteScaledCOECornerLaw canonicalUnitaryHaarProbabilityFamily N K) q
          event)
        y| ≤
    combinedSharperFullFourthDensityScoreConstant * ↑N ^ 2
info: LogdetLean/GramHafnian/ThreePaper/UniformMatrixHidingEndpointsAudit.lean:286:0: LogdetLean.GramHafnian.UltimateHiding.DenseLocalStep.abs_iteratedDeriv_three_concreteSharedBetaOrbitalEventPath_le_combinedSharper
  {m N K : ℕ} (hN : 1 ≤ N) (hdense : 16 * N ≤ K) (q : ℝ) (event : Set (ConcreteMatrixState N))
  (hevent : MeasurableSet event) (y : ℝ) (hy : y ∈ Set.uIcc 0 (concreteGoodOrbitalAmplitude N 1 q)) :
  |iteratedDeriv 3
        (concreteSharedBetaOrbitalEventPath m N (concreteScaledCOECornerLaw canonicalUnitaryHaarProbabilityFamily N K) q
          event)
        y| ≤
    combinedSharperCanonicalOrbitalThirdConstant * ↑N
info: LogdetLean/GramHafnian/ThreePaper/UniformMatrixHidingEndpointsAudit.lean:289:0: LogdetLean.GramHafnian.UltimateHiding.DenseLocalStep.abs_iteratedDeriv_one_concreteBaseCentralEventPath_le_exactVariance
  {N K : ℕ} (hN : 1 ≤ N) (hdense : 16 * N ≤ K) (event : Set (ConcreteMatrixState N)) (hevent : MeasurableSet event) :
  |iteratedDeriv 1
        (concreteCentralEventPath N (concreteScaledCOECornerLaw canonicalUnitaryHaarProbabilityFamily N K) event) 0| ≤
    exactVarianceCentralScoreOneConstant * ↑N
info: LogdetLean/GramHafnian/ThreePaper/UniformMatrixHidingEndpointsAudit.lean:290:0: LogdetLean.GramHafnian.UltimateHiding.DenseLocalStep.abs_iteratedDeriv_two_concreteBaseCentralEventPath_le_exactVariance
  {N K : ℕ} (hN : 1 ≤ N) (hdense : 16 * N ≤ K) (event : Set (ConcreteMatrixState N)) (hevent : MeasurableSet event)
  (y : ℝ) :
  |iteratedDeriv 2
        (concreteCentralEventPath N (concreteScaledCOECornerLaw canonicalUnitaryHaarProbabilityFamily N K) event) y| ≤
    exactVarianceCentralScoreTwoConstant * ↑N ^ 2
info: LogdetLean/GramHafnian/ThreePaper/UniformMatrixHidingEndpointsAudit.lean:292:0: LogdetLean.GramHafnian.UltimateHiding.DenseScore.concrete_projectiveAveraged_centered_first_derivative_eq_zero {N K : ℕ}
  (hN : 1 ≤ N) (hboundary : 2 * N + 8 ≤ K) (event : Set (ConcreteMatrixState N)) (hevent : MeasurableSet event) :
  iteratedDeriv 1 (concreteProjectiveAveragedCenteredCOEEventPath N K event) 0 = 0
info: LogdetLean/GramHafnian/ThreePaper/UniformMatrixHidingEndpointsAudit.lean:293:0: LogdetLean.GramHafnian.UltimateHiding.DenseScore.concrete_projectiveAveraged_centered_second_derivative_eq_density_indicator_integral_H14Rewire
  {N K : ℕ} (hN : 1 ≤ N) (h16 : 16 * N ≤ K) (event : Set (ConcreteMatrixState N)) (hevent : MeasurableSet event) :
  iteratedDeriv 2 (concreteProjectiveAveragedCenteredCOEEventPath N K event) 0 =
    ∫ (A : ConcreteMatrixState N),
      event.indicator (concreteCenteredQuadraticDensity N K)
        A ∂concreteScaledCOECornerLaw canonicalUnitaryHaarProbabilityFamily N K
info: LogdetLean/GramHafnian/ThreePaper/UniformMatrixHidingEndpointsAudit.lean:294:0: LogdetLean.GramHafnian.UltimateHiding.DenseScore.concreteCenteredQuadraticDensity_lpNorm_one_le_exactVariance {N K : ℕ}
  (hN : 1 ≤ N) (hdense : 16 * N ≤ K) :
  lpNorm (concreteCenteredQuadraticDensity N K) 1
      (concreteScaledCOECornerLaw canonicalUnitaryHaarProbabilityFamily N K) ≤
    exactVarianceOrbitalScoreTwoConstant
info: LogdetLean/GramHafnian/ThreePaper/UniformMatrixHidingEndpointsAudit.lean:296:0: LogdetLean.GramHafnian.ThreePaper.Verification.hidingLemmaIII3_orbitalThird_zero {N K : ℕ} (hN : 1 ≤ N)
  (hdense : 16 * N ≤ K) (event : Set (ConcreteMatrixState N)) (hevent : MeasurableSet event) :
  |iteratedDeriv 3 (concreteProjectiveAveragedCenteredCOEEventPath N K event) 0| ≤ 3934 * ↑N
info: LogdetLean/GramHafnian/ThreePaper/UniformMatrixHidingEndpointsAudit.lean:297:0: LogdetLean.GramHafnian.UltimateHiding.DenseScore.concreteAveragedCenteredCubicDensity_lpNorm_one_le_ultraNGeTwo
  {N K : ℕ} (hN : 1 ≤ N) (hdense : 16 * N ≤ K) :
  lpNorm (concreteAveragedCenteredCubicDensity N K) 1
      (concreteScaledCOECornerLaw canonicalUnitaryHaarProbabilityFamily N K) ≤
    ultraNGeTwoAveragedCenteredCubicNormalizationConstant * ↑N
info: LogdetLean/GramHafnian/ThreePaper/UniformMatrixHidingEndpointsAudit.lean:298:0: LogdetLean.GramHafnian.UltimateHiding.DenseScore.ultraNGeTwoAveragedCenteredCubicNormalizationConstant_eq :
  ultraNGeTwoAveragedCenteredCubicNormalizationConstant = 3934
info: LogdetLean/GramHafnian/ThreePaper/UniformMatrixHidingEndpointsAudit.lean:300:0: LogdetLean.GramHafnian.UltimateHiding.DenseScore.abs_iteratedDeriv_four_concreteProjectiveAveragedCenteredCOE_le_combinedSharper
  {N K : ℕ} (hN : 1 ≤ N) (hdense : 16 * N ≤ K) (event : Set (ConcreteMatrixState N)) (hevent : MeasurableSet event)
  (y : ℝ) :
  |iteratedDeriv 4 (concreteProjectiveAveragedCenteredCOEEventPath N K event) y| ≤
    combinedSharperFullFourthDensityScoreConstant * ↑N ^ 2
info: LogdetLean/GramHafnian/ThreePaper/UniformMatrixHidingEndpointsAudit.lean:301:0: LogdetLean.GramHafnian.UltimateHiding.DenseScore.combinedSharperFullFourthDensityScoreConstant_eq :
  combinedSharperFullFourthDensityScoreConstant = 302906
info: LogdetLean/GramHafnian/ThreePaper/UniformMatrixHidingEndpointsAudit.lean:303:0: LogdetLean.GramHafnian.UltimateHiding.DenseLocalStep.abs_iteratedDeriv_three_le_at_of_fourth {path : ℝ → ℝ} {N : ℕ}
  {Bthree Bfour s : ℝ} (hsmooth : ContDiff ℝ 4 path) (hzero : |iteratedDeriv 3 path 0| ≤ Bthree * ↑N)
  (hfour : ∀ y ∈ Set.uIcc 0 s, |iteratedDeriv 4 path y| ≤ Bfour * ↑N ^ 2) :
  |iteratedDeriv 3 path s| ≤ Bthree * ↑N + Bfour * ↑N ^ 2 * |s|
info: LogdetLean/GramHafnian/ThreePaper/UniformMatrixHidingEndpointsAudit.lean:304:0: LogdetLean.GramHafnian.UltimateHiding.DenseLocalStep.abs_iteratedDeriv_three_le_at_inverse_dimension_of_fourth
  {path : ℝ → ℝ} {N : ℕ} {Bthree Bfour s : ℝ} (hN : 1 ≤ N) (hBfour : 0 ≤ Bfour) (hsmooth : ContDiff ℝ 4 path)
  (hzero : |iteratedDeriv 3 path 0| ≤ Bthree * ↑N)
  (hfour : ∀ y ∈ Set.uIcc 0 s, |iteratedDeriv 4 path y| ≤ Bfour * ↑N ^ 2) (hs : |s| ≤ 1 / ↑N) :
  |iteratedDeriv 3 path s| ≤ (Bthree + Bfour) * ↑N
info: LogdetLean/GramHafnian/ThreePaper/UniformMatrixHidingEndpointsAudit.lean:305:0: LogdetLean.GramHafnian.ThreePaper.Verification.hidingLemmaIII3_orbitalThird {N K : ℕ} (hN : 1 ≤ N) (hdense : 16 * N ≤ K)
  (event : Set (ConcreteMatrixState N)) (hevent : MeasurableSet event) (s : ℝ) (hs : |s| ≤ 1 / ↑N) :
  |iteratedDeriv 3 (concreteProjectiveAveragedCenteredCOEEventPath N K event) s| ≤ 306840 * ↑N
info: LogdetLean/GramHafnian/ThreePaper/UniformMatrixHidingEndpointsAudit.lean:308:0: LogdetLean.GramHafnian.UltimateHiding.Dense.integral_oneColumnRankOneLog_eq_internal {m N : ℕ} (hN : 1 ≤ N)
  (hNm : N ≤ m) : ∫ (q : ℝ), oneColumnRankOneLog q ∂oneColumnBetaLaw m N = -oneColumnLogHarmonic m N 1 / 2
info: LogdetLean/GramHafnian/ThreePaper/UniformMatrixHidingEndpointsAudit.lean:310:0: LogdetLean.GramHafnian.UltimateHiding.Dense.integral_sq_oneColumnRankOneLog_eq_internal {m N : ℕ} (hN : 1 ≤ N)
  (hNm : N ≤ m) :
  ∫ (q : ℝ), oneColumnRankOneLog q ^ 2 ∂oneColumnBetaLaw m N =
    (oneColumnLogHarmonic m N 1 ^ 2 + oneColumnLogHarmonic m N 2) / 4
info: LogdetLean/GramHafnian/ThreePaper/UniformMatrixHidingEndpointsAudit.lean:312:0: LogdetLean.GramHafnian.UltimateHiding.Dense.integral_abs_cube_oneColumnRankOneLog_eq_internal {m N : ℕ} (hN : 1 ≤ N)
  (hNm : N ≤ m) :
  ∫ (q : ℝ), |oneColumnRankOneLog q| ^ 3 ∂oneColumnBetaLaw m N =
    (oneColumnLogHarmonic m N 1 ^ 3 + 3 * oneColumnLogHarmonic m N 1 * oneColumnLogHarmonic m N 2 +
        2 * oneColumnLogHarmonic m N 3) /
      8
info: LogdetLean/GramHafnian/ThreePaper/UniformMatrixHidingEndpointsAudit.lean:314:0: LogdetLean.GramHafnian.UltimateHiding.DenseLocalStep.abs_integral_oneColumnCenteredScalarLog_le_concrete {m N : ℕ}
  (hN : 1 ≤ N) (h2Nm : 2 * N ≤ m) :
  |∫ (q : ℝ), oneColumnCenteredScalarLog m N q ∂oneColumnBetaLaw m N| ≤ 4 * ↑N / (↑m * ↑(m + 1))
info: LogdetLean/GramHafnian/ThreePaper/UniformMatrixHidingEndpointsAudit.lean:316:0: LogdetLean.GramHafnian.UltimateHiding.DenseLocalStep.integral_oneColumnCenteredScalarLog_sq_le_concrete {m N : ℕ}
  (hN : 1 ≤ N) (h2Nm : 2 * N ≤ m) :
  ∫ (q : ℝ), oneColumnCenteredScalarLog m N q ^ 2 ∂oneColumnBetaLaw m N ≤ 2 * 5 / (↑m * ↑(m + 1))
info: LogdetLean/GramHafnian/ThreePaper/UniformMatrixHidingEndpointsAudit.lean:318:0: LogdetLean.GramHafnian.UltimateHiding.DenseLocalStep.integral_oneColumnRankOneLog_sq_le_concrete {m N : ℕ} (hN : 1 ≤ N)
  (h2Nm : 2 * N ≤ m) : ∫ (q : ℝ), oneColumnRankOneLog q ^ 2 ∂oneColumnBetaLaw m N ≤ 4 * ↑N ^ 2 / (↑m * ↑(m + 1))
info: LogdetLean/GramHafnian/ThreePaper/UniformMatrixHidingEndpointsAudit.lean:320:0: LogdetLean.GramHafnian.UltimateHiding.DenseLocalStep.integral_abs_oneColumnRankOneLog_cube_le_concrete {m N : ℕ}
  (hN : 1 ≤ N) (h2Nm : 2 * N ≤ m) (hN2m : N ^ 2 ≤ m) :
  ∫ (q : ℝ), |oneColumnRankOneLog q| ^ 3 ∂oneColumnBetaLaw m N ≤ 12 * ↑N / (↑m * ↑(m + 1))
info: LogdetLean/GramHafnian/ThreePaper/UniformMatrixHidingEndpointsAudit.lean:322:0: LogdetLean.GramHafnian.UltimateHiding.DenseLocalStep.oneColumnScalarTaylorBudget_le_concrete {CscoreOne CscoreTwo : ℝ}
  {m N : ℕ} (hN : 1 ≤ N) (h2Nm : 2 * N ≤ m) (hN2m : N ^ 2 ≤ m) (hscoreOne : 0 ≤ CscoreOne) (hscoreTwo : 0 ≤ CscoreTwo) :
  oneColumnScalarTaylorBudget CscoreOne CscoreTwo m N ≤ (4 * CscoreOne + 5 * CscoreTwo) * ↑N ^ 2 / (↑m * ↑(m + 1))
info: LogdetLean/GramHafnian/ThreePaper/UniformMatrixHidingEndpointsAudit.lean:323:0: LogdetLean.GramHafnian.UltimateHiding.DenseLocalStep.oneColumnOrbitalTaylorBudget_le_concrete
  {CorbitalTwo CorbitalThree : ℝ} {m N : ℕ} (hN : 1 ≤ N) (h2Nm : 2 * N ≤ m) (hN2m : N ^ 2 ≤ m)
  (horbitalTwo : 0 ≤ CorbitalTwo) (horbitalThree : 0 ≤ CorbitalThree) :
  oneColumnOrbitalTaylorBudget CorbitalTwo CorbitalThree m N ≤
    (2 * CorbitalTwo + 2 * CorbitalThree) * ↑N ^ 2 / (↑m * ↑(m + 1))
info: LogdetLean/GramHafnian/ThreePaper/UniformMatrixHidingEndpointsAudit.lean:324:0: LogdetLean.GramHafnian.UltimateHiding.Dense.oneColumnLogBadProbability_le_six {m N : ℕ} (hN : 1 ≤ N) (hNm : N ≤ m) :
  oneColumnLogBadProbability m N 1 ≤ (6 * ↑N ^ 2 / ↑m) ^ (N + 2)
info: LogdetLean/GramHafnian/ThreePaper/UniformMatrixHidingEndpointsAudit.lean:326:0: LogdetLean.GramHafnian.UltimateHiding.Dense.oneColumnLogBadProbability_le_telescopingRate_concrete {m N : ℕ}
  (hN : 1 ≤ N) (hNm : N ≤ m) (hthreshold : 24 * ↑N ^ 2 ≤ ↑m) :
  oneColumnLogBadProbability m N 1 ≤ denseTelescopingRate 72 N m
info: LogdetLean/GramHafnian/ThreePaper/UniformMatrixHidingEndpointsAudit.lean:328:0: LogdetLean.GramHafnian.UltimateHiding.DenseLocalStep.concreteCentralMixture_endpoint {m N : ℕ} (hN : 1 ≤ N)
  (hNm : N ≤ m) (mu : Measure (ConcreteMatrixState N)) [IsProbabilityMeasure mu] (A : Set (ConcreteMatrixState N))
  (hA : MeasurableSet A) :
  ∫ (q : ℝ), concreteCentralEventPath N mu A (oneColumnCenteredScalarLog m N q) ∂oneColumnBetaLaw m N =
    (concreteCentralMixtureLaw m N mu).real A
info: LogdetLean/GramHafnian/ThreePaper/UniformMatrixHidingEndpointsAudit.lean:329:0: LogdetLean.GramHafnian.UltimateHiding.DenseLocalStep.concreteSharedBetaOrbitalEventPath_zero_sameBeta {m N : ℕ}
  (hN : 1 ≤ N) (mu : Measure (ConcreteMatrixState N)) (q : ℝ) (A : Set (ConcreteMatrixState N)) (hA : MeasurableSet A) :
  concreteSharedBetaOrbitalEventPath m N mu q A 0 = concreteCentralEventPath N mu A (oneColumnCenteredScalarLog m N q)
info: LogdetLean/GramHafnian/ThreePaper/UniformMatrixHidingEndpointsAudit.lean:330:0: LogdetLean.GramHafnian.UltimateHiding.DenseLocalStep.concreteSharedBetaGood_endpoint {m N : ℕ} (hN : 1 ≤ N)
  (hNm : N ≤ m) (mu : Measure (ConcreteMatrixState N)) [IsProbabilityMeasure mu] (c0 : ℝ)
  (A : Set (ConcreteMatrixState N)) (hA : MeasurableSet A) :
  ∫ (q : ℝ), concreteSharedBetaOrbitalEventPath m N mu q A (concreteGoodOrbitalAmplitude N c0 q) ∂oneColumnBetaLaw m N =
    (concreteSharedBetaGoodLaw m N c0 mu).real A
info: LogdetLean/GramHafnian/ThreePaper/UniformMatrixHidingEndpointsAudit.lean:331:0: LogdetLean.GramHafnian.UltimateHiding.DenseLocalStep.probabilityTVLE_of_random_scalar_eventPath.{u_1, u_2}
  {State : Type u_1} {Param : Type u_2} [MeasurableSpace State] [MeasurableSpace Param] (mu nu : Measure State)
  (param : Measure Param) [IsProbabilityMeasure param] (amplitude : Param → ℝ) (eventPath : Set State → ℝ → ℝ)
  (Cone Ctwo : ℝ) (hCone : 0 ≤ Cone) (hCtwo : 0 ≤ Ctwo)
  (hmu : ∀ (A : Set State), MeasurableSet A → eventPath A 0 = mu.real A)
  (hnu : ∀ (A : Set State), MeasurableSet A → ∫ (p : Param), eventPath A (amplitude p) ∂param = nu.real A)
  (hsmooth : ∀ (A : Set State), MeasurableSet A → ContDiff ℝ 2 (eventPath A))
  (hfirst : ∀ (A : Set State), MeasurableSet A → |iteratedDeriv 1 (eventPath A) 0| ≤ Cone)
  (hsecond :
    ∀ (A : Set State),
      MeasurableSet A → ∀ (p : Param), ∀ y ∈ Set.uIcc 0 (amplitude p), |iteratedDeriv 2 (eventPath A) y| ≤ Ctwo)
  (hpathIntegrable : ∀ (A : Set State), MeasurableSet A → Integrable (fun p => eventPath A (amplitude p)) param)
  (hampIntegrable : Integrable amplitude param) (hsqIntegrable : Integrable (fun p => amplitude p ^ 2) param) :
  ProbabilityTVLE mu nu
    (Cone * |∫ (p : Param), amplitude p ∂param| + (Ctwo * ∫ (p : Param), amplitude p ^ 2 ∂param) / 2)
info: LogdetLean/GramHafnian/ThreePaper/UniformMatrixHidingEndpointsAudit.lean:332:0: LogdetLean.GramHafnian.UltimateHiding.DenseLocalStep.probabilityTVLE_of_correlated_centered_eventPath.{u_1, u_2}
  {State : Type u_1} {Param : Type u_2} [MeasurableSpace State] [MeasurableSpace Param] (mu nu : Measure State)
  (param : Measure Param) [IsProbabilityMeasure param] (amplitude : Param → ℝ) (eventPath : Param → Set State → ℝ → ℝ)
  (Ctwo Cthree : ℝ) (hCtwo : 0 ≤ Ctwo) (hCthree : 0 ≤ Cthree)
  (hmu : ∀ (A : Set State), MeasurableSet A → ∫ (p : Param), eventPath p A 0 ∂param = mu.real A)
  (hnu : ∀ (A : Set State), MeasurableSet A → ∫ (p : Param), eventPath p A (amplitude p) ∂param = nu.real A)
  (hsmooth : ∀ (p : Param) (A : Set State), MeasurableSet A → ContDiff ℝ 3 (eventPath p A))
  (hfirst : ∀ (p : Param) (A : Set State), MeasurableSet A → iteratedDeriv 1 (eventPath p A) 0 = 0)
  (hsecond : ∀ (p : Param) (A : Set State), MeasurableSet A → |iteratedDeriv 2 (eventPath p A) 0| ≤ Ctwo)
  (hthird :
    ∀ (p : Param) (A : Set State),
      MeasurableSet A → ∀ y ∈ Set.uIcc 0 (amplitude p), |iteratedDeriv 3 (eventPath p A) y| ≤ Cthree)
  (hpathZeroIntegrable : ∀ (A : Set State), MeasurableSet A → Integrable (fun p => eventPath p A 0) param)
  (hpathMoveIntegrable : ∀ (A : Set State), MeasurableSet A → Integrable (fun p => eventPath p A (amplitude p)) param)
  (hsqIntegrable : Integrable (fun p => amplitude p ^ 2) param)
  (hcubeIntegrable : Integrable (fun p => |amplitude p| ^ 3) param) :
  ProbabilityTVLE mu nu
    ((Ctwo * ∫ (p : Param), amplitude p ^ 2 ∂param) / 2 + (Cthree * ∫ (p : Param), |amplitude p| ^ 3 ∂param) / 6)
info: LogdetLean/GramHafnian/ThreePaper/UniformMatrixHidingEndpointsAudit.lean:334:0: LogdetLean.GramHafnian.UltimateHiding.DenseLocalStep.probabilityTVLE_concreteSharedBetaGood_full {m N : ℕ} (hN : 1 ≤ N)
  (hNm : N ≤ m) (mu : Measure (ConcreteMatrixState N)) [IsProbabilityMeasure mu] (c0 : ℝ) (hc0 : 0 < c0) :
  ProbabilityTVLE (concreteSharedBetaGoodLaw m N c0 mu) (concreteSharedBetaFullLaw m N mu)
    (oneColumnLogBadProbability m N c0)
info: LogdetLean/GramHafnian/ThreePaper/UniformMatrixHidingEndpointsAudit.lean:335:0: LogdetLean.GramHafnian.UltimateHiding.Dense.probabilityTVLE_triangle.{u_1} {State : Type u_1} [MeasurableSpace State]
  {mu nu xi : Measure State} {delta epsilon : ℝ} (hmunu : ProbabilityTVLE mu nu delta)
  (hnuxi : ProbabilityTVLE nu xi epsilon) : ProbabilityTVLE mu xi (delta + epsilon)
info: LogdetLean/GramHafnian/ThreePaper/UniformMatrixHidingEndpointsAudit.lean:336:0: LogdetLean.GramHafnian.ThreePaper.Verification.HidingOneColumnComponentTVBounds.scalar {m N : ℕ}
  {mu : Measure (ConcreteMatrixState N)} (self : HidingOneColumnComponentTVBounds m N mu) :
  ProbabilityTVLE mu (concreteCentralMixtureLaw m N mu) (240 * ↑N ^ 2 / (↑m * ↑(m + 1)))
info: LogdetLean/GramHafnian/ThreePaper/UniformMatrixHidingEndpointsAudit.lean:337:0: LogdetLean.GramHafnian.ThreePaper.Verification.HidingOneColumnComponentTVBounds.orbital {m N : ℕ}
  {mu : Measure (ConcreteMatrixState N)} (self : HidingOneColumnComponentTVBounds m N mu) :
  ProbabilityTVLE (concreteCentralMixtureLaw m N mu) (concreteSharedBetaGoodLaw m N 1 mu)
    (614826 * ↑N ^ 2 / (↑m * ↑(m + 1)))
info: LogdetLean/GramHafnian/ThreePaper/UniformMatrixHidingEndpointsAudit.lean:338:0: LogdetLean.GramHafnian.ThreePaper.Verification.HidingOneColumnComponentTVBounds.bad {m N : ℕ}
  {mu : Measure (ConcreteMatrixState N)} (self : HidingOneColumnComponentTVBounds m N mu) :
  ProbabilityTVLE (concreteSharedBetaGoodLaw m N 1 mu) (concreteSharedBetaFullLaw m N mu)
    (72 * ↑N ^ 2 / (↑m * ↑(m + 1)))
info: LogdetLean/GramHafnian/ThreePaper/UniformMatrixHidingEndpointsAudit.lean:339:0: LogdetLean.GramHafnian.ThreePaper.Verification.eq_hide_one_step_taylor_decomposition_A1A2A3A4 {N K m : ℕ} (hN : 1 ≤ N)
  (hNK : N ≤ K) (hKm : K ≤ m) (hlarge : 24 * N ^ 2 ≤ m) (hdense : 16 * N ≤ K) :
  HidingOneColumnComponentTVBounds m N (concreteScaledCOECornerLaw canonicalUnitaryHaarProbabilityFamily N K) ∧
    ProbabilityTVLE (concreteScaledCOECornerLaw canonicalUnitaryHaarProbabilityFamily N K)
      (concreteSharedBetaFullLaw m N (concreteScaledCOECornerLaw canonicalUnitaryHaarProbabilityFamily N K))
      (615138 * ↑N ^ 2 / (↑m * ↑(m + 1)))
info: LogdetLean/GramHafnian/ThreePaper/UniformMatrixHidingEndpointsAudit.lean:340:0: LogdetLean.GramHafnian.ThreePaper.Verification.normalizedHaarTransposeGram_oneColumnTVLE_615138_A1A2A3A4
  (H : UnitaryHaarProbabilityFamily) {N K m : ℕ} (hN : 1 ≤ N) (hNK : N ≤ K) (hKm : K ≤ m) (hlarge : 24 * N ^ 2 ≤ m)
  (hdense : 16 * N ≤ K) :
  LocalAnticoncentration.probabilityTotalVariationLE (normalizedHaarTransposeGramLaw H m N K)
    (normalizedHaarTransposeGramLaw H (m + 1) N K) (615138 * ↑N ^ 2 / (↑m * ↑(m + 1)))
info: LogdetLean/GramHafnian/ThreePaper/UniformMatrixHidingEndpointsAudit.lean:342:0: LogdetLean.GramHafnian.UltimateHiding.DenseLocalStep.concreteCanonicalHidingSquaredConstant_eq :
  concreteCanonicalHidingSquaredConstant = 615172
info: LogdetLean/GramHafnian/ThreePaper/UniformMatrixHidingEndpointsAudit.lean:343:0: LogdetLean.GramHafnian.UltimateHiding.DenseLocalStep.probabilityTVLE_of_random_scalar_eventPath.{u_1, u_2}
  {State : Type u_1} {Param : Type u_2} [MeasurableSpace State] [MeasurableSpace Param] (mu nu : Measure State)
  (param : Measure Param) [IsProbabilityMeasure param] (amplitude : Param → ℝ) (eventPath : Set State → ℝ → ℝ)
  (Cone Ctwo : ℝ) (hCone : 0 ≤ Cone) (hCtwo : 0 ≤ Ctwo)
  (hmu : ∀ (A : Set State), MeasurableSet A → eventPath A 0 = mu.real A)
  (hnu : ∀ (A : Set State), MeasurableSet A → ∫ (p : Param), eventPath A (amplitude p) ∂param = nu.real A)
  (hsmooth : ∀ (A : Set State), MeasurableSet A → ContDiff ℝ 2 (eventPath A))
  (hfirst : ∀ (A : Set State), MeasurableSet A → |iteratedDeriv 1 (eventPath A) 0| ≤ Cone)
  (hsecond :
    ∀ (A : Set State),
      MeasurableSet A → ∀ (p : Param), ∀ y ∈ Set.uIcc 0 (amplitude p), |iteratedDeriv 2 (eventPath A) y| ≤ Ctwo)
  (hpathIntegrable : ∀ (A : Set State), MeasurableSet A → Integrable (fun p => eventPath A (amplitude p)) param)
  (hampIntegrable : Integrable amplitude param) (hsqIntegrable : Integrable (fun p => amplitude p ^ 2) param) :
  ProbabilityTVLE mu nu
    (Cone * |∫ (p : Param), amplitude p ∂param| + (Ctwo * ∫ (p : Param), amplitude p ^ 2 ∂param) / 2)
info: LogdetLean/GramHafnian/ThreePaper/UniformMatrixHidingEndpointsAudit.lean:344:0: LogdetLean.GramHafnian.UltimateHiding.DenseLocalStep.oneColumnScalarTaylorBudget_le_concrete {CscoreOne CscoreTwo : ℝ}
  {m N : ℕ} (hN : 1 ≤ N) (h2Nm : 2 * N ≤ m) (hN2m : N ^ 2 ≤ m) (hscoreOne : 0 ≤ CscoreOne) (hscoreTwo : 0 ≤ CscoreTwo) :
  oneColumnScalarTaylorBudget CscoreOne CscoreTwo m N ≤ (4 * CscoreOne + 5 * CscoreTwo) * ↑N ^ 2 / (↑m * ↑(m + 1))
info: LogdetLean/GramHafnian/ThreePaper/UniformMatrixHidingEndpointsAudit.lean:345:0: LogdetLean.GramHafnian.ThreePaper.Verification.HidingOneColumnComponentTVBounds.scalar {m N : ℕ}
  {mu : Measure (ConcreteMatrixState N)} (self : HidingOneColumnComponentTVBounds m N mu) :
  ProbabilityTVLE mu (concreteCentralMixtureLaw m N mu) (240 * ↑N ^ 2 / (↑m * ↑(m + 1)))
info: LogdetLean/GramHafnian/ThreePaper/UniformMatrixHidingEndpointsAudit.lean:347:0: LogdetLean.GramHafnian.UltimateHiding.DenseLocalStep.probabilityTVLE_of_correlated_centered_eventPath.{u_1, u_2}
  {State : Type u_1} {Param : Type u_2} [MeasurableSpace State] [MeasurableSpace Param] (mu nu : Measure State)
  (param : Measure Param) [IsProbabilityMeasure param] (amplitude : Param → ℝ) (eventPath : Param → Set State → ℝ → ℝ)
  (Ctwo Cthree : ℝ) (hCtwo : 0 ≤ Ctwo) (hCthree : 0 ≤ Cthree)
  (hmu : ∀ (A : Set State), MeasurableSet A → ∫ (p : Param), eventPath p A 0 ∂param = mu.real A)
  (hnu : ∀ (A : Set State), MeasurableSet A → ∫ (p : Param), eventPath p A (amplitude p) ∂param = nu.real A)
  (hsmooth : ∀ (p : Param) (A : Set State), MeasurableSet A → ContDiff ℝ 3 (eventPath p A))
  (hfirst : ∀ (p : Param) (A : Set State), MeasurableSet A → iteratedDeriv 1 (eventPath p A) 0 = 0)
  (hsecond : ∀ (p : Param) (A : Set State), MeasurableSet A → |iteratedDeriv 2 (eventPath p A) 0| ≤ Ctwo)
  (hthird :
    ∀ (p : Param) (A : Set State),
      MeasurableSet A → ∀ y ∈ Set.uIcc 0 (amplitude p), |iteratedDeriv 3 (eventPath p A) y| ≤ Cthree)
  (hpathZeroIntegrable : ∀ (A : Set State), MeasurableSet A → Integrable (fun p => eventPath p A 0) param)
  (hpathMoveIntegrable : ∀ (A : Set State), MeasurableSet A → Integrable (fun p => eventPath p A (amplitude p)) param)
  (hsqIntegrable : Integrable (fun p => amplitude p ^ 2) param)
  (hcubeIntegrable : Integrable (fun p => |amplitude p| ^ 3) param) :
  ProbabilityTVLE mu nu
    ((Ctwo * ∫ (p : Param), amplitude p ^ 2 ∂param) / 2 + (Cthree * ∫ (p : Param), |amplitude p| ^ 3 ∂param) / 6)
info: LogdetLean/GramHafnian/ThreePaper/UniformMatrixHidingEndpointsAudit.lean:348:0: LogdetLean.GramHafnian.UltimateHiding.DenseLocalStep.oneColumnOrbitalTaylorBudget_le_concrete
  {CorbitalTwo CorbitalThree : ℝ} {m N : ℕ} (hN : 1 ≤ N) (h2Nm : 2 * N ≤ m) (hN2m : N ^ 2 ≤ m)
  (horbitalTwo : 0 ≤ CorbitalTwo) (horbitalThree : 0 ≤ CorbitalThree) :
  oneColumnOrbitalTaylorBudget CorbitalTwo CorbitalThree m N ≤
    (2 * CorbitalTwo + 2 * CorbitalThree) * ↑N ^ 2 / (↑m * ↑(m + 1))
info: LogdetLean/GramHafnian/ThreePaper/UniformMatrixHidingEndpointsAudit.lean:349:0: LogdetLean.GramHafnian.ThreePaper.Verification.HidingOneColumnComponentTVBounds.orbital {m N : ℕ}
  {mu : Measure (ConcreteMatrixState N)} (self : HidingOneColumnComponentTVBounds m N mu) :
  ProbabilityTVLE (concreteCentralMixtureLaw m N mu) (concreteSharedBetaGoodLaw m N 1 mu)
    (614826 * ↑N ^ 2 / (↑m * ↑(m + 1)))
info: LogdetLean/GramHafnian/ThreePaper/UniformMatrixHidingEndpointsAudit.lean:351:0: LogdetLean.GramHafnian.ThreePaper.Verification.hidingOneColumnComponentTVBounds_A1A2A3A4 {N K m : ℕ} (hN : 1 ≤ N)
  (hNK : N ≤ K) (hKm : K ≤ m) (hlarge : 24 * N ^ 2 ≤ m) (hdense : 16 * N ≤ K) :
  HidingOneColumnComponentTVBounds m N (concreteScaledCOECornerLaw canonicalUnitaryHaarProbabilityFamily N K)
info: LogdetLean/GramHafnian/ThreePaper/UniformMatrixHidingEndpointsAudit.lean:352:0: LogdetLean.GramHafnian.ThreePaper.Verification.hidingOneColumnTVLE_615138_A1A2A3A4 {N K m : ℕ} (hN : 1 ≤ N)
  (hNK : N ≤ K) (hKm : K ≤ m) (hlarge : 24 * N ^ 2 ≤ m) (hdense : 16 * N ≤ K) :
  ProbabilityTVLE (concreteScaledCOECornerLaw canonicalUnitaryHaarProbabilityFamily N K)
    (concreteSharedBetaFullLaw m N (concreteScaledCOECornerLaw canonicalUnitaryHaarProbabilityFamily N K))
    (615138 * ↑N ^ 2 / (↑m * ↑(m + 1)))
info: LogdetLean/GramHafnian/ThreePaper/UniformMatrixHidingEndpointsAudit.lean:353:0: LogdetLean.GramHafnian.ThreePaper.Verification.eq_hide_radial_TV (H : UnitaryHaarProbabilityFamily)
  {N K ambient step : ℕ} (hN : 1 ≤ N) (hNK : N ≤ K) (hKambient : K ≤ ambient) (hNstep : N ≤ step) {delta : ℝ}
  (hbase :
    ProbabilityTVLE (concreteScaledCOECornerLaw H N K)
      (⇑(concreteOneColumnMatrixKernel step N) ∘ₘ concreteScaledCOECornerLaw H N K) delta) :
  ProbabilityTVLE (concreteHaarAmbientLaw H N K ambient)
    (⇑(concreteOneColumnMatrixKernel step N) ∘ₘ concreteHaarAmbientLaw H N K ambient) delta
info: LogdetLean/GramHafnian/ThreePaper/UniformMatrixHidingEndpointsAudit.lean:354:0: LogdetLean.GramHafnian.ThreePaper.Verification.normalizedHaarTransposeGram_oneColumnTVLE_615172_A1A2A3A4
  (H : UnitaryHaarProbabilityFamily) {N K m : ℕ} (hN : 1 ≤ N) (hNK : N ≤ K) (hKm : K ≤ m) (hlarge : 24 * N ^ 2 ≤ m)
  (hdense : 16 * N ≤ K) :
  LocalAnticoncentration.probabilityTotalVariationLE (normalizedHaarTransposeGramLaw H m N K)
    (normalizedHaarTransposeGramLaw H (m + 1) N K) (615172 * ↑N ^ 2 / (↑m * ↑(m + 1)))
info: LogdetLean/GramHafnian/ThreePaper/UniformMatrixHidingEndpointsAudit.lean:359:0: LogdetLean.GramHafnian.ThreePaper.UniformMatrixHiding.observableLaw.{u_1} {β : Type u_1} [MeasurableSpace β]
  (H : UnitaryHaarProbabilityFamily) (M N K : ℕ) (hN : 1 ≤ N) (hNK : N ≤ K) (hKM : K ≤ M)
  (f : Matrix (Fin N) (Fin N) ℂ → β) (hf : Measurable f) :
  LocalAnticoncentration.probabilityTotalVariationLE (Measure.map f (normalizedHaarTransposeGramLaw H M N K))
    (Measure.map f (normalizedGaussianTransposeGramLaw N K)) (min 1 (615172 * ultimateSquaredHidingRate M N))
info: LogdetLean/GramHafnian/ThreePaper/UniformMatrixHidingEndpointsAudit.lean:360:0: LogdetLean.GramHafnian.ThreePaper.UniformMatrixHiding.observableEventTransfer.{u_1} {β : Type u_1} [MeasurableSpace β]
  (H : UnitaryHaarProbabilityFamily) (M N K : ℕ) (hN : 1 ≤ N) (hNK : N ≤ K) (hKM : K ≤ M)
  (f : Matrix (Fin N) (Fin N) ℂ → β) (hf : Measurable f) (s : Set β) (hs : MeasurableSet s) :
  (Measure.map f (normalizedHaarTransposeGramLaw H M N K)).real s ≤
    (Measure.map f (normalizedGaussianTransposeGramLaw N K)).real s + min 1 (615172 * ultimateSquaredHidingRate M N)
info: LogdetLean/GramHafnian/ThreePaper/UniformMatrixHidingEndpointsAudit.lean:361:0: LogdetLean.GramHafnian.ThreePaper.UniformMatrixHiding.reverseObservableEventTransfer.{u_1} {β : Type u_1}
  [MeasurableSpace β] (H : UnitaryHaarProbabilityFamily) (M N K : ℕ) (hN : 1 ≤ N) (hNK : N ≤ K) (hKM : K ≤ M)
  (f : Matrix (Fin N) (Fin N) ℂ → β) (hf : Measurable f) (s : Set β) (hs : MeasurableSet s) :
  (Measure.map f (normalizedGaussianTransposeGramLaw N K)).real s ≤
    (Measure.map f (normalizedHaarTransposeGramLaw H M N K)).real s + min 1 (615172 * ultimateSquaredHidingRate M N)
info: LogdetLean/GramHafnian/ThreePaper/UniformMatrixHidingEndpointsAudit.lean:363:0: LogdetLean.GramHafnian.ThreePaper.UniformMatrixHiding.observableEventTransfer.{u_1} {β : Type u_1} [MeasurableSpace β]
  (H : UnitaryHaarProbabilityFamily) (M N K : ℕ) (hN : 1 ≤ N) (hNK : N ≤ K) (hKM : K ≤ M)
  (f : Matrix (Fin N) (Fin N) ℂ → β) (hf : Measurable f) (s : Set β) (hs : MeasurableSet s) :
  (Measure.map f (normalizedHaarTransposeGramLaw H M N K)).real s ≤
    (Measure.map f (normalizedGaussianTransposeGramLaw N K)).real s + min 1 (615172 * ultimateSquaredHidingRate M N)
info: LogdetLean/GramHafnian/ThreePaper/UniformMatrixHidingEndpointsAudit.lean:364:0: LogdetLean.GramHafnian.ThreePaper.UniformMatrixHiding.reverseObservableEventTransfer.{u_1} {β : Type u_1}
  [MeasurableSpace β] (H : UnitaryHaarProbabilityFamily) (M N K : ℕ) (hN : 1 ≤ N) (hNK : N ≤ K) (hKM : K ≤ M)
  (f : Matrix (Fin N) (Fin N) ℂ → β) (hf : Measurable f) (s : Set β) (hs : MeasurableSet s) :
  (Measure.map f (normalizedGaussianTransposeGramLaw N K)).real s ≤
    (Measure.map f (normalizedHaarTransposeGramLaw H M N K)).real s + min 1 (615172 * ultimateSquaredHidingRate M N)
info: LogdetLean/GramHafnian/ThreePaper/UniformMatrixHidingEndpointsAudit.lean:366:0: LogdetLean.GramHafnian.ThreePaper.UniformMatrixHiding.boundedStatisticExpectationTransfer
  (H : UnitaryHaarProbabilityFamily) (M N K : ℕ) (hN : 1 ≤ N) (hNK : N ≤ K) (hKM : K ≤ M)
  (phi : Matrix (Fin N) (Fin N) ℂ → ℝ) (hphi : Measurable phi)
  (hphi_nonneg : ∀ (A : Matrix (Fin N) (Fin N) ℂ), 0 ≤ phi A)
  (hphi_le_one : ∀ (A : Matrix (Fin N) (Fin N) ℂ), phi A ≤ 1) :
  |∫ (A : Matrix (Fin N) (Fin N) ℂ), phi A ∂normalizedHaarTransposeGramLaw H M N K -
        ∫ (A : Matrix (Fin N) (Fin N) ℂ), phi A ∂normalizedGaussianTransposeGramLaw N K| ≤
    min 1 (615172 * ultimateSquaredHidingRate M N)
info: LogdetLean/GramHafnian/ThreePaper/UniformMatrixHidingEndpointsAudit.lean:367:0: LogdetLean.GramHafnian.ThreePaper.UniformMatrixHiding.markovKernelPostprocessingLaw.{u_1} {β : Type u_1}
  [MeasurableSpace β] (H : UnitaryHaarProbabilityFamily) (M N K : ℕ) (hN : 1 ≤ N) (hNK : N ≤ K) (hKM : K ≤ M)
  (Q : Kernel (Matrix (Fin N) (Fin N) ℂ) β) [IsMarkovKernel Q] :
  LocalAnticoncentration.probabilityTotalVariationLE (⇑Q ∘ₘ normalizedHaarTransposeGramLaw H M N K)
    (⇑Q ∘ₘ normalizedGaussianTransposeGramLaw N K) (min 1 (615172 * ultimateSquaredHidingRate M N))
info: LogdetLean/GramHafnian/ThreePaper/UniformMatrixHidingEndpointsAudit.lean:369:0: LogdetLean.GramHafnian.ThreePaper.UniformMatrixHiding.hafnianObservableLaw (H : UnitaryHaarProbabilityFamily)
  (M n K : ℕ) (hn : 1 ≤ n) (hNK : 2 * n ≤ K) (hKM : K ≤ M) :
  LocalAnticoncentration.probabilityTotalVariationLE
    (Measure.map (hafnianObservable n) (normalizedHaarTransposeGramLaw H M (2 * n) K))
    (Measure.map (hafnianObservable n) (normalizedGaussianTransposeGramLaw (2 * n) K))
    (min 1 (615172 * ultimateSquaredHidingRate M (2 * n)))
info: LogdetLean/GramHafnian/ThreePaper/UniformMatrixHidingEndpointsAudit.lean:371:0: LogdetLean.GramHafnian.ThreePaper.Verification.orderedFixedPatternPanelLaw_A1A2A3A4 (H : UnitaryHaarProbabilityFamily)
  {q N L K M : ℕ} (hL : 1 ≤ L) (hLK : L ≤ K) (hKM : K ≤ M) (rows : Fin q → Fin N ↪ Fin L) :
  LocalAnticoncentration.probabilityTotalVariationLE
    (Measure.map (orderedPatternPanel rows)
      (Measure.map (preselectedPrincipalSubmatrixTuple q L (orderedPatternSets rows))
        (normalizedHaarTransposeGramLaw H M L K)))
    (Measure.map (fun G j => DisjointGaussianRows.orderedNormalizedGram (rows j) G)
      (standardComplexGaussianRectangularMeasure L K))
    (min 1 (615172 * ultimateSquaredHidingRate M L))
info: LogdetLean/GramHafnian/ThreePaper/UniformMatrixHidingEndpointsAudit.lean:373:0: LogdetLean.GramHafnian.ThreePaper.UniformMatrixHiding.orderedDisjointMaxScoreCdfTransfer
  (H : UnitaryHaarProbabilityFamily) (M L K q N : ℕ) (hL : 1 ≤ L) (hLK : L ≤ K) (hKM : K ≤ M)
  (rows : Fin q → Fin N ↪ Fin L)
  (hrows :
    Pairwise fun a b => Disjoint (DisjointGaussianRows.rowRange (rows a)) (DisjointGaussianRows.rowRange (rows b)))
  (h : Matrix (Fin N) (Fin N) ℂ → ℝ) (hh : Measurable h) (t : ℝ) :
  have P := normalizedGaussianTransposeGramLaw N K;
  have muH :=
    Measure.map (orderedPatternPanel rows)
      (Measure.map (preselectedPrincipalSubmatrixTuple q L (orderedPatternSets rows))
        (normalizedHaarTransposeGramLaw H M L K));
  |muH.real {A | ∀ (j : Fin q), h (A j) ≤ t} - (Measure.map h P).real (Set.Iic t) ^ q| ≤
    min 1 (615172 * ultimateSquaredHidingRate M L)
info: LogdetLean/GramHafnian/ThreePaper/UniformMatrixHidingEndpointsAudit.lean:374:0: LogdetLean.GramHafnian.ThreePaper.UniformMatrixHiding.orderedDisjointHeavyCountBinomialTransfer
  (H : UnitaryHaarProbabilityFamily) (M L K q N : ℕ) (hL : 1 ≤ L) (hLK : L ≤ K) (hKM : K ≤ M)
  (rows : Fin q → Fin N ↪ Fin L)
  (hrows :
    Pairwise fun a b => Disjoint (DisjointGaussianRows.rowRange (rows a)) (DisjointGaussianRows.rowRange (rows b)))
  (h : Matrix (Fin N) (Fin N) ℂ → ℝ) (hh : Measurable h) (t : ℝ) :
  LocalAnticoncentration.probabilityTotalVariationLE
    (Measure.map (orderedPanelHeavyCount h t) (orderedPatternPanelHaarLaw H M L K q N rows))
    Bin(q, gaussianScoreTailParameter N K h t) (min 1 (615172 * ultimateSquaredHidingRate M L))
info: LogdetLean/GramHafnian/ThreePaper/UniformMatrixHidingEndpointsAudit.lean:376:0: LogdetLean.GramHafnian.ThreePaper.UniformMatrixHiding.orderedDisjointMaxScoreCdfTransfer
  (H : UnitaryHaarProbabilityFamily) (M L K q N : ℕ) (hL : 1 ≤ L) (hLK : L ≤ K) (hKM : K ≤ M)
  (rows : Fin q → Fin N ↪ Fin L)
  (hrows :
    Pairwise fun a b => Disjoint (DisjointGaussianRows.rowRange (rows a)) (DisjointGaussianRows.rowRange (rows b)))
  (h : Matrix (Fin N) (Fin N) ℂ → ℝ) (hh : Measurable h) (t : ℝ) :
  have P := normalizedGaussianTransposeGramLaw N K;
  have muH :=
    Measure.map (orderedPatternPanel rows)
      (Measure.map (preselectedPrincipalSubmatrixTuple q L (orderedPatternSets rows))
        (normalizedHaarTransposeGramLaw H M L K));
  |muH.real {A | ∀ (j : Fin q), h (A j) ≤ t} - (Measure.map h P).real (Set.Iic t) ^ q| ≤
    min 1 (615172 * ultimateSquaredHidingRate M L)
info: LogdetLean/GramHafnian/ThreePaper/UniformMatrixHidingEndpointsAudit.lean:378:0: LogdetLean.GramHafnian.ThreePaper.UniformMatrixHiding.orderedDisjointHeavyCountBinomialTransfer
  (H : UnitaryHaarProbabilityFamily) (M L K q N : ℕ) (hL : 1 ≤ L) (hLK : L ≤ K) (hKM : K ≤ M)
  (rows : Fin q → Fin N ↪ Fin L)
  (hrows :
    Pairwise fun a b => Disjoint (DisjointGaussianRows.rowRange (rows a)) (DisjointGaussianRows.rowRange (rows b)))
  (h : Matrix (Fin N) (Fin N) ℂ → ℝ) (hh : Measurable h) (t : ℝ) :
  LocalAnticoncentration.probabilityTotalVariationLE
    (Measure.map (orderedPanelHeavyCount h t) (orderedPatternPanelHaarLaw H M L K q N rows))
    Bin(q, gaussianScoreTailParameter N K h t) (min 1 (615172 * ultimateSquaredHidingRate M L))
info: LogdetLean/GramHafnian/ThreePaper/UniformMatrixHidingEndpointsAudit.lean:383:0: LogdetLean.GramHafnian.ThreePaper.Verification.eq_external_A1 {n m : ℕ} (hm : 1 ≤ m) (h2mn : 2 * m ≤ n) :
  ExternalA1DensityEquation n m h2mn
info: LogdetLean/GramHafnian/ThreePaper/UniformMatrixHidingEndpointsAudit.lean:385:0: LogdetLean.GramHafnian.ThreePaper.Verification.eq_external_A1_dictionary {N K : ℕ} (hN : 1 ≤ N) (h2NK : 2 * N ≤ K) :
  ExternalA1ProjectDictionary N K h2NK
info: LogdetLean/GramHafnian/ThreePaper/UniformMatrixHidingEndpointsAudit.lean:387:0: LogdetLean.GramHafnian.ThreePaper.Verification.eq_external_A2prime {N : ℕ} (hN : 1 ≤ N) {gammaType : Type}
  [MeasurableSpace gammaType] (F : (Fin N → ℝ) → gammaType) (hF : Measurable F)
  (hSym : IsPermutationInvariantSpectralTest F) :
  ∃ cN,
    0 < cN ∧
      Measurable (canonicalGapSquaredSpectrum N) ∧
        Measure.map (F ∘ canonicalGapSquaredSpectrum N) (complexSymmetricMatrixVolume N) =
          ↑cN • Measure.map F (takagiFlatEigenvalueRadialMeasure N)
info: LogdetLean/GramHafnian/ThreePaper/UniformMatrixHidingEndpointsAudit.lean:389:0: LogdetLean.GramHafnian.ThreePaper.Verification.eq_external_A3_jacobi (n : ℕ) (a b beta : ℝ) :
  ExternalA3JacobiDensityEquation n a b beta
info: LogdetLean/GramHafnian/ThreePaper/UniformMatrixHidingEndpointsAudit.lean:391:0: LogdetLean.GramHafnian.ThreePaper.Verification.eq_external_A3_symmetric_test {gammaType : Type}
  [MeasurableSpace gammaType] {n a b : ℕ} {beta : ℝ} (hn : 1 ≤ n) (hbeta : beta = 1 ∨ beta = 2)
  (F : (Fin n → ℝ) → gammaType) (hF : Measurable F) (hSym : IsA2SymmetricTest F) :
  Measure.map (F ∘ edelmanSuttonSquaredGSVCoordinates n a b beta) (edelmanSuttonGaussianPairLaw n a b beta) =
    Measure.map F (betaJacobiProbabilityMeasure n (↑a) (↑b) beta)
info: LogdetLean/GramHafnian/ThreePaper/UniformMatrixHidingEndpointsAudit.lean:393:0: LogdetLean.GramHafnian.ThreePaper.Verification.eq_external_A3_dictionary {N K : ℕ} (h2NK : 2 * N ≤ K) :
  ExternalA3ProjectDictionary N K
info: LogdetLean/GramHafnian/ThreePaper/UniformMatrixHidingEndpointsAudit.lean:395:0: LogdetLean.GramHafnian.ThreePaper.Verification.eq_external_A4_gap {d n : ℕ} {beta gamma : ℝ}
  (hgamma : gamma = beta - (↑d + 1) / 2) (hgap : ↑n - 1 < gamma) : ExternalA4Gap d n beta gamma
info: LogdetLean/GramHafnian/ThreePaper/UniformMatrixHidingEndpointsAudit.lean:397:0: LogdetLean.GramHafnian.ThreePaper.Verification.eq_external_A4_Tg {d n : ℕ} (g : Equiv.Perm (Fin (2 * n)))
  (x : MatsumotoPaper.RealMatrix d) (m : Fin n → MatsumotoPaper.ComplexMatrix d) :
  MatsumotoPaper.T g x m =
    ∑ j,
      (∏ i, m i (j (MatsumotoPaper.leftSlot i)) (j (MatsumotoPaper.rightSlot i))) *
        ∏ i, ↑(x (j (g (MatsumotoPaper.leftSlot i))) (j (g (MatsumotoPaper.rightSlot i))))
info: LogdetLean/GramHafnian/ThreePaper/UniformMatrixHidingEndpointsAudit.lean:399:0: LogdetLean.GramHafnian.ThreePaper.Verification.eq_external_A4_direct (d n : ℕ) (beta gamma : ℝ) (hd : 0 < d)
  (hn : 0 < n) (sigma : MatsumotoPaper.SymPosDef d) (W : MatsumotoPaper.W_d d beta sigma)
  (hgamma : gamma = beta - (↑d + 1) / 2) (hgap : ↑n - 1 < gamma) (m : Fin n → MatsumotoPaper.ComplexMatrix d)
  (g : Equiv.Perm (Fin (2 * n))) :
  (MatsumotoPaper.expectation W fun w => MatsumotoPaper.T g (↑w) m) =
    2 ^ (-↑n) *
      ∑ matching,
        ↑((2 * beta) ^ MatsumotoPaper.kappa (g⁻¹ * matching.toPerm)) * MatsumotoPaper.T matching.toPerm (↑sigma) m
info: LogdetLean/GramHafnian/ThreePaper/UniformMatrixHidingEndpointsAudit.lean:401:0: LogdetLean.GramHafnian.ThreePaper.Verification.eq_external_A4_inverse (d n : ℕ) (beta gamma : ℝ) (hd : 0 < d)
  (hn : 0 < n) (sigma : MatsumotoPaper.SymPosDef d) (W : MatsumotoPaper.W_d d beta sigma)
  (hgamma : gamma = beta - (↑d + 1) / 2) (hgap : ↑n - 1 < gamma) (m : Fin n → MatsumotoPaper.ComplexMatrix d)
  (g : Equiv.Perm (Fin (2 * n))) :
  (MatsumotoPaper.expectation W fun w => MatsumotoPaper.T g (↑w.inverse) m) =
    ∑ matching,
      MatsumotoPaper.wgTilde (g⁻¹ * matching.toPerm) gamma * MatsumotoPaper.T matching.toPerm (↑sigma.inverse) m
info: LogdetLean/GramHafnian/ThreePaper/UniformMatrixHidingEndpointsAudit.lean:403:0: LogdetLean.GramHafnian.ThreePaper.Verification.eq_external_A4_dictionary {N K : ℕ} (hNK : N ≤ K) :
  ExternalA4ProjectDictionary N K
info: LogdetLean/GramHafnian/ThreePaper/UniformMatrixHidingEndpointsAudit.lean:408:0: 'LogdetLean.GramHafnian.ThreePaper.UniformMatrixHiding.normalizedMatrixLaw' depends on axioms: [propext,
 Classical.choice,
 MatsumotoPaper.A4_matsumoto_theorem_3,
 Quot.sound,
 A2Prime_complexSymmetricTakagiWeyl_symmetricIntegration,
 A3_edelmanSutton_proposition_1_2,
 FriedmanMelloA1.matrixLaw_external]
info: LogdetLean/GramHafnian/ThreePaper/UniformMatrixHidingEndpointsAudit.lean:409:0: 'LogdetLean.GramHafnian.ThreePaper.Verification.normalizedHaarTransposeGram_oneColumnTVLE_615172_A1A2A3A4' depends on axioms: [propext,
 Classical.choice,
 MatsumotoPaper.A4_matsumoto_theorem_3,
 Quot.sound,
 A2Prime_complexSymmetricTakagiWeyl_symmetricIntegration,
 A3_edelmanSutton_proposition_1_2,
 FriedmanMelloA1.matrixLaw_external]
info: LogdetLean/GramHafnian/ThreePaper/UniformMatrixHidingEndpointsAudit.lean:410:0: 'LogdetLean.GramHafnian.ThreePaper.Verification.normalizedDenseProductHidingTVLE_615172_A1A2A3A4' depends on axioms: [propext,
 Classical.choice,
 MatsumotoPaper.A4_matsumoto_theorem_3,
 Quot.sound,
 A2Prime_complexSymmetricTakagiWeyl_symmetricIntegration,
 A3_edelmanSutton_proposition_1_2,
 FriedmanMelloA1.matrixLaw_external]
info: LogdetLean/GramHafnian/ThreePaper/UniformMatrixHidingEndpointsAudit.lean:411:0: 'LogdetLean.GramHafnian.UltimateHiding.Dense.congruenceMeasureActions_commute_of_unitary_invariant' depends on axioms: [propext,
 Classical.choice,
 Quot.sound]
info: LogdetLean/GramHafnian/ThreePaper/UniformMatrixHidingEndpointsAudit.lean:412:0: 'LogdetLean.GramHafnian.ThreePaper.Verification.VariationMarkovOperator.eq_hide_commute_contraction' depends on axioms: [propext,
 Classical.choice,
 Quot.sound]
info: LogdetLean/GramHafnian/ThreePaper/UniformMatrixHidingEndpointsAudit.lean:413:0: 'LogdetLean.GramHafnian.ThreePaper.Verification.VariationMarkovOperator.eq_hide_commute_derivative' depends on axioms: [propext,
 Classical.choice,
 Quot.sound]
info: LogdetLean/GramHafnian/ThreePaper/UniformMatrixHidingEndpointsAudit.lean:414:0: 'LogdetLean.GramHafnian.ThreePaper.Verification.signedKernelActionRaw_apply' depends on axioms: [propext,
 Classical.choice,
 Quot.sound]
info: LogdetLean/GramHafnian/ThreePaper/UniformMatrixHidingEndpointsAudit.lean:415:0: 'LogdetLean.GramHafnian.ThreePaper.Verification.signedKernelActionRaw_toSignedMeasure' depends on axioms: [propext,
 Classical.choice,
 Quot.sound]
info: LogdetLean/GramHafnian/ThreePaper/UniformMatrixHidingEndpointsAudit.lean:416:0: 'LogdetLean.GramHafnian.ThreePaper.Verification.signedKernelAction_contractive' depends on axioms: [propext,
 Classical.choice,
 Quot.sound]
info: LogdetLean/GramHafnian/ThreePaper/UniformMatrixHidingEndpointsAudit.lean:417:0: 'LogdetLean.GramHafnian.ThreePaper.Verification.signedKernelContinuousLinearMap_norm_le_one' depends on axioms: [propext,
 Classical.choice,
 Quot.sound]
info: LogdetLean/GramHafnian/ThreePaper/UniformMatrixHidingEndpointsAudit.lean:418:0: 'LogdetLean.GramHafnian.ThreePaper.Verification.ConcreteCongruenceKernelAdapter.congruenceUpdateKernel_comp_eq_congruenceMeasureAction' depends on axioms: [propext,
 Classical.choice,
 Quot.sound]
info: LogdetLean/GramHafnian/ThreePaper/UniformMatrixHidingEndpointsAudit.lean:419:0: 'LogdetLean.GramHafnian.ThreePaper.Verification.ConcreteCongruenceKernelAdapter.congruenceSignedKernelAction_toSignedMeasure' depends on axioms: [propext,
 Classical.choice,
 Quot.sound]
info: LogdetLean/GramHafnian/ThreePaper/UniformMatrixHidingEndpointsAudit.lean:420:0: 'LogdetLean.GramHafnian.ThreePaper.Verification.ConcreteCongruenceKernelAdapter.congruenceKernelVariationMarkovOperator_contractive' depends on axioms: [propext,
 Classical.choice,
 Quot.sound]
info: LogdetLean/GramHafnian/ThreePaper/UniformMatrixHidingEndpointsAudit.lean:421:0: 'LogdetLean.GramHafnian.ThreePaper.Verification.ConcreteCongruenceKernelAdapter.congruenceKernel_eq_hide_commute_derivative' depends on axioms: [propext,
 Classical.choice,
 Quot.sound]
info: LogdetLean/GramHafnian/ThreePaper/UniformMatrixHidingEndpointsAudit.lean:422:0: 'LogdetLean.GramHafnian.ThreePaper.Verification.hidingLemmaIII3_eventwise_A1A2A3A4' depends on axioms: [propext,
 Classical.choice,
 MatsumotoPaper.A4_matsumoto_theorem_3,
 Quot.sound,
 A2Prime_complexSymmetricTakagiWeyl_symmetricIntegration,
 A3_edelmanSutton_proposition_1_2,
 FriedmanMelloA1.matrixLaw_external]
info: LogdetLean/GramHafnian/ThreePaper/UniformMatrixHidingEndpointsAudit.lean:423:0: 'LogdetLean.GramHafnian.ThreePaper.Verification.hidingLemmaIII3_orbitalThird_zero' depends on axioms: [propext,
 Classical.choice,
 MatsumotoPaper.A4_matsumoto_theorem_3,
 Quot.sound,
 A2Prime_complexSymmetricTakagiWeyl_symmetricIntegration,
 A3_edelmanSutton_proposition_1_2,
 FriedmanMelloA1.matrixLaw_external]
info: LogdetLean/GramHafnian/ThreePaper/UniformMatrixHidingEndpointsAudit.lean:424:0: 'LogdetLean.GramHafnian.UltimateHiding.DenseScore.abs_iteratedDeriv_four_concreteProjectiveAveragedCenteredCOE_le_combinedSharper' depends on axioms: [propext,
 Classical.choice,
 MatsumotoPaper.A4_matsumoto_theorem_3,
 Quot.sound,
 A2Prime_complexSymmetricTakagiWeyl_symmetricIntegration,
 A3_edelmanSutton_proposition_1_2,
 FriedmanMelloA1.matrixLaw_external]
info: LogdetLean/GramHafnian/ThreePaper/UniformMatrixHidingEndpointsAudit.lean:425:0: 'LogdetLean.GramHafnian.UltimateHiding.DenseLocalStep.abs_iteratedDeriv_three_le_at_of_fourth' depends on axioms: [propext,
 Classical.choice,
 Quot.sound]
info: LogdetLean/GramHafnian/ThreePaper/UniformMatrixHidingEndpointsAudit.lean:426:0: 'LogdetLean.GramHafnian.ThreePaper.Verification.hidingLemmaIII3_orbitalThird' depends on axioms: [propext,
 Classical.choice,
 MatsumotoPaper.A4_matsumoto_theorem_3,
 Quot.sound,
 A2Prime_complexSymmetricTakagiWeyl_symmetricIntegration,
 A3_edelmanSutton_proposition_1_2,
 FriedmanMelloA1.matrixLaw_external]
info: LogdetLean/GramHafnian/ThreePaper/UniformMatrixHidingEndpointsAudit.lean:427:0: 'LogdetLean.GramHafnian.ThreePaper.Verification.hidingOneColumnComponentTVBounds_A1A2A3A4' depends on axioms: [propext,
 Classical.choice,
 MatsumotoPaper.A4_matsumoto_theorem_3,
 Quot.sound,
 A2Prime_complexSymmetricTakagiWeyl_symmetricIntegration,
 A3_edelmanSutton_proposition_1_2,
 FriedmanMelloA1.matrixLaw_external]
info: LogdetLean/GramHafnian/ThreePaper/UniformMatrixHidingEndpointsAudit.lean:428:0: 'LogdetLean.GramHafnian.ThreePaper.Verification.hidingOneColumnTVLE_615138_A1A2A3A4' depends on axioms: [propext,
 Classical.choice,
 MatsumotoPaper.A4_matsumoto_theorem_3,
 Quot.sound,
 A2Prime_complexSymmetricTakagiWeyl_symmetricIntegration,
 A3_edelmanSutton_proposition_1_2,
 FriedmanMelloA1.matrixLaw_external]
info: LogdetLean/GramHafnian/ThreePaper/UniformMatrixHidingEndpointsAudit.lean:429:0: 'LogdetLean.GramHafnian.UltimateHiding.DenseLocalStep.concreteCentralMixture_endpoint' depends on axioms: [propext,
 Classical.choice,
 Quot.sound]
info: LogdetLean/GramHafnian/ThreePaper/UniformMatrixHidingEndpointsAudit.lean:430:0: 'LogdetLean.GramHafnian.UltimateHiding.DenseLocalStep.concreteSharedBetaOrbitalEventPath_zero_sameBeta' depends on axioms: [propext,
 Classical.choice,
 Quot.sound]
info: LogdetLean/GramHafnian/ThreePaper/UniformMatrixHidingEndpointsAudit.lean:431:0: 'LogdetLean.GramHafnian.UltimateHiding.DenseLocalStep.concreteSharedBetaGood_endpoint' depends on axioms: [propext,
 Classical.choice,
 Quot.sound]
info: LogdetLean/GramHafnian/ThreePaper/UniformMatrixHidingEndpointsAudit.lean:432:0: 'LogdetLean.GramHafnian.UltimateHiding.DenseLocalStep.probabilityTVLE_of_random_scalar_eventPath' depends on axioms: [propext,
 Classical.choice,
 Quot.sound]
info: LogdetLean/GramHafnian/ThreePaper/UniformMatrixHidingEndpointsAudit.lean:433:0: 'LogdetLean.GramHafnian.UltimateHiding.DenseLocalStep.probabilityTVLE_of_correlated_centered_eventPath' depends on axioms: [propext,
 Classical.choice,
 Quot.sound]
info: LogdetLean/GramHafnian/ThreePaper/UniformMatrixHidingEndpointsAudit.lean:434:0: 'LogdetLean.GramHafnian.UltimateHiding.DenseLocalStep.probabilityTVLE_concreteSharedBetaGood_full' depends on axioms: [propext,
 Classical.choice,
 Quot.sound]
info: LogdetLean/GramHafnian/ThreePaper/UniformMatrixHidingEndpointsAudit.lean:435:0: 'LogdetLean.GramHafnian.UltimateHiding.Dense.probabilityTVLE_triangle' depends on axioms: [propext,
 Classical.choice,
 Quot.sound]
info: LogdetLean/GramHafnian/ThreePaper/UniformMatrixHidingEndpointsAudit.lean:436:0: 'LogdetLean.GramHafnian.ThreePaper.Verification.eq_hide_one_step_taylor_decomposition_A1A2A3A4' depends on axioms: [propext,
 Classical.choice,
 MatsumotoPaper.A4_matsumoto_theorem_3,
 Quot.sound,
 A2Prime_complexSymmetricTakagiWeyl_symmetricIntegration,
 A3_edelmanSutton_proposition_1_2,
 FriedmanMelloA1.matrixLaw_external]
info: LogdetLean/GramHafnian/ThreePaper/UniformMatrixHidingEndpointsAudit.lean:437:0: 'LogdetLean.GramHafnian.ThreePaper.Verification.normalizedHaarTransposeGram_oneColumnTVLE_615138_A1A2A3A4' depends on axioms: [propext,
 Classical.choice,
 MatsumotoPaper.A4_matsumoto_theorem_3,
 Quot.sound,
 A2Prime_complexSymmetricTakagiWeyl_symmetricIntegration,
 A3_edelmanSutton_proposition_1_2,
 FriedmanMelloA1.matrixLaw_external]
info: LogdetLean/GramHafnian/ThreePaper/UniformMatrixHidingEndpointsAudit.lean:438:0: 'LogdetLean.GramHafnian.UltimateHiding.DenseScore.coeCorner_centeredProjective_eventPath_contDiff_four_H17_proved_from_A1' depends on axioms: [propext,
 Classical.choice,
 Quot.sound,
 FriedmanMelloA1.matrixLaw_external]
info: LogdetLean/GramHafnian/ThreePaper/UniformMatrixHidingEndpointsAudit.lean:439:0: 'LogdetLean.GramHafnian.ThreePaper.Verification.eq_hide_fourth_secant_from_A1' depends on axioms: [propext,
 Classical.choice,
 Quot.sound,
 FriedmanMelloA1.matrixLaw_external]
info: LogdetLean/GramHafnian/ThreePaper/UniformMatrixHidingEndpointsAudit.lean:440:0: 'LogdetLean.GramHafnian.UltimateHiding.DenseScore.transposeCongruenceFlow_baseTime_shift' depends on axioms: [propext,
 Classical.choice,
 Quot.sound]
info: LogdetLean/GramHafnian/ThreePaper/UniformMatrixHidingEndpointsAudit.lean:441:0: 'LogdetLean.GramHafnian.UltimateHiding.DenseScore.h11COEBlockUnwrapper_mul_centeredFlow_mul_unwrapper' depends on axioms: [propext,
 Classical.choice,
 Quot.sound]
info: LogdetLean/GramHafnian/ThreePaper/UniformMatrixHidingEndpointsAudit.lean:442:0: 'LogdetLean.GramHafnian.UltimateHiding.DenseScore.map_star_eq_transpose_of_isHermitian_h11' depends on axioms: [propext,
 Classical.choice,
 Quot.sound]
info: LogdetLean/GramHafnian/ThreePaper/UniformMatrixHidingEndpointsAudit.lean:443:0: 'LogdetLean.GramHafnian.UltimateHiding.DenseScore.h11COEBlock_product_identity_posDef' depends on axioms: [propext,
 Classical.choice,
 Quot.sound]
info: LogdetLean/GramHafnian/ThreePaper/UniformMatrixHidingEndpointsAudit.lean:444:0: 'LogdetLean.GramHafnian.UltimateHiding.DenseScore.h11COEBlockCayley_posDef_of_support' depends on axioms: [propext,
 Classical.choice,
 Quot.sound]
info: LogdetLean/GramHafnian/ThreePaper/UniformMatrixHidingEndpointsAudit.lean:445:0: 'LogdetLean.GramHafnian.UltimateHiding.DenseScore.U08.h8H10ExactTraceRecurrenceSystem_internal' depends on axioms: [propext,
 Classical.choice,
 Quot.sound]
info: LogdetLean/GramHafnian/ThreePaper/UniformMatrixHidingEndpointsAudit.lean:446:0: 'LogdetLean.GramHafnian.UltimateHiding.DenseScore.trace_h11COEBlockFourthJacobiMatrix_re_nonpos' depends on axioms: [propext,
 Classical.choice,
 Quot.sound]
info: LogdetLean/GramHafnian/ThreePaper/UniformMatrixHidingEndpointsAudit.lean:447:0: 'LogdetLean.GramHafnian.ThreePaper.Verification.eq_hide_fourth_ell_one_fourth_moment_A1A2A3A4' depends on axioms: [propext,
 Classical.choice,
 Quot.sound,
 A2Prime_complexSymmetricTakagiWeyl_symmetricIntegration,
 A3_edelmanSutton_proposition_1_2,
 FriedmanMelloA1.matrixLaw_external]
info: LogdetLean/GramHafnian/ThreePaper/UniformMatrixHidingEndpointsAudit.lean:448:0: 'LogdetLean.GramHafnian.ThreePaper.Verification.eq_hide_fourth_ell_two_square_moment_A1A2A3' depends on axioms: [propext,
 Classical.choice,
 Quot.sound,
 A2Prime_complexSymmetricTakagiWeyl_symmetricIntegration,
 A3_edelmanSutton_proposition_1_2,
 FriedmanMelloA1.matrixLaw_external]
info: LogdetLean/GramHafnian/ThreePaper/UniformMatrixHidingEndpointsAudit.lean:449:0: 'LogdetLean.GramHafnian.ThreePaper.Verification.eq_hide_fourth_ell_one_three_moment_A1A2A3A4' depends on axioms: [propext,
 Classical.choice,
 Quot.sound,
 A2Prime_complexSymmetricTakagiWeyl_symmetricIntegration,
 A3_edelmanSutton_proposition_1_2,
 FriedmanMelloA1.matrixLaw_external]
info: LogdetLean/GramHafnian/ThreePaper/UniformMatrixHidingEndpointsAudit.lean:450:0: 'LogdetLean.GramHafnian.UltimateHiding.DenseScore.concreteCenteredLikelihoodCore_zero_on_support' depends on axioms: [propext,
 Classical.choice,
 Quot.sound]
info: LogdetLean/GramHafnian/ThreePaper/UniformMatrixHidingEndpointsAudit.lean:451:0: 'LogdetLean.GramHafnian.UltimateHiding.DenseScore.coeCorner_centeredDensityScore_four_eq_Bell_external_derived' depends on axioms: [propext,
 Classical.choice,
 Quot.sound]
info: LogdetLean/GramHafnian/ThreePaper/UniformMatrixHidingEndpointsAudit.lean:452:0: 'LogdetLean.GramHafnian.UltimateHiding.DenseScore.concreteCenteredDensityScoreFourProduct_lpNorm_one_le_combinedSharper' depends on axioms: [propext,
 Classical.choice,
 MatsumotoPaper.A4_matsumoto_theorem_3,
 Quot.sound,
 A2Prime_complexSymmetricTakagiWeyl_symmetricIntegration,
 A3_edelmanSutton_proposition_1_2,
 FriedmanMelloA1.matrixLaw_external]
info: LogdetLean/GramHafnian/ThreePaper/UniformMatrixHidingEndpointsAudit.lean:453:0: 'LogdetLean.GramHafnian.UltimateHiding.DenseScore.concreteAveragedCenteredCubicDensity_lpNorm_one_le_ultraNGeTwo' depends on axioms: [propext,
 Classical.choice,
 MatsumotoPaper.A4_matsumoto_theorem_3,
 Quot.sound,
 A2Prime_complexSymmetricTakagiWeyl_symmetricIntegration,
 A3_edelmanSutton_proposition_1_2,
 FriedmanMelloA1.matrixLaw_external]
info: LogdetLean/GramHafnian/ThreePaper/UniformMatrixHidingEndpointsAudit.lean:454:0: 'LogdetLean.GramHafnian.ThreePaper.Verification.hiding_S_moments_literal_commonConstant' depends on axioms: [propext,
 Classical.choice,
 MatsumotoPaper.A4_matsumoto_theorem_3,
 Quot.sound,
 A2Prime_complexSymmetricTakagiWeyl_symmetricIntegration,
 A3_edelmanSutton_proposition_1_2,
 FriedmanMelloA1.matrixLaw_external]
info: LogdetLean/GramHafnian/ThreePaper/UniformMatrixHidingEndpointsAudit.lean:455:0: 'LogdetLean.GramHafnian.ThreePaper.Verification.orderedFixedPatternPanelLaw_A1A2A3A4' depends on axioms: [propext,
 Classical.choice,
 MatsumotoPaper.A4_matsumoto_theorem_3,
 Quot.sound,
 A2Prime_complexSymmetricTakagiWeyl_symmetricIntegration,
 A3_edelmanSutton_proposition_1_2,
 FriedmanMelloA1.matrixLaw_external]
info: LogdetLean/GramHafnian/ThreePaper/UniformMatrixHidingEndpointsAudit.lean:456:0: 'LogdetLean.GramHafnian.ThreePaper.Verification.eq_external_A1' depends on axioms: [propext,
 Classical.choice,
 Quot.sound,
 FriedmanMelloA1.matrixLaw_external]
info: LogdetLean/GramHafnian/ThreePaper/UniformMatrixHidingEndpointsAudit.lean:457:0: 'LogdetLean.GramHafnian.ThreePaper.Verification.eq_external_A2prime' depends on axioms: [propext,
 Classical.choice,
 Quot.sound,
 A2Prime_complexSymmetricTakagiWeyl_symmetricIntegration]
info: LogdetLean/GramHafnian/ThreePaper/UniformMatrixHidingEndpointsAudit.lean:458:0: 'LogdetLean.GramHafnian.ThreePaper.Verification.eq_external_A3_symmetric_test' depends on axioms: [propext,
 Classical.choice,
 Quot.sound,
 A3_edelmanSutton_proposition_1_2]
info: LogdetLean/GramHafnian/ThreePaper/UniformMatrixHidingEndpointsAudit.lean:459:0: 'LogdetLean.GramHafnian.ThreePaper.Verification.eq_external_A4_direct' depends on axioms: [propext,
 Classical.choice,
 MatsumotoPaper.A4_matsumoto_theorem_3,
 Quot.sound]
⚠ [9572/9585] Built GBSHiding.AllInputs (7.9s)
warning: GBSHiding/AllInputs.lean:37:2: Try this: 
  letI̵

The goal is a proposition, so `let` is preferred over `letI`.
The difference between `let` and `letI` is that `letI` inlines the value.
But this is not relevant for proofs because of proof irrelevance.

Note: This linter can be disabled with `set_option linter.style.haveILetI false`
warning: GBSHiding/AllInputs.lean:39:2: Try this: 
  letI̵

The goal is a proposition, so `let` is preferred over `letI`.
The difference between `let` and `letI` is that `letI` inlines the value.
But this is not relevant for proofs because of proof irrelevance.

Note: This linter can be disabled with `set_option linter.style.haveILetI false`
warning: GBSHiding/AllInputs.lean:41:2: Try this: 
  letI̵

The goal is a proposition, so `let` is preferred over `letI`.
The difference between `let` and `letI` is that `letI` inlines the value.
But this is not relevant for proofs because of proof irrelevance.

Note: This linter can be disabled with `set_option linter.style.haveILetI false`
info: GBSHiding/AllInputs.lean:123:0: 'GBSHiding.orderedFixedPatternPanelAllInputs' depends on axioms: [propext,
 Classical.choice,
 MatsumotoPaper.A4_matsumoto_theorem_3,
 Quot.sound,
 DenseScore.A2Prime_complexSymmetricTakagiWeyl_symmetricIntegration,
 DenseScore.A3_edelmanSutton_proposition_1_2,
 DenseScore.FriedmanMelloA1.matrixLaw_external]
info: GBSHiding/AllInputs.lean:124:0: 'GBSHiding.normalizedHidingAllInputs' depends on axioms: [propext,
 Classical.choice,
 MatsumotoPaper.A4_matsumoto_theorem_3,
 Quot.sound,
 DenseScore.A2Prime_complexSymmetricTakagiWeyl_symmetricIntegration,
 DenseScore.A3_edelmanSutton_proposition_1_2,
 DenseScore.FriedmanMelloA1.matrixLaw_external]
info: GBSHiding/AllInputs.lean:125:0: 'GBSHiding.observableHidingAllInputs' depends on axioms: [propext,
 Classical.choice,
 MatsumotoPaper.A4_matsumoto_theorem_3,
 Quot.sound,
 DenseScore.A2Prime_complexSymmetricTakagiWeyl_symmetricIntegration,
 DenseScore.A3_edelmanSutton_proposition_1_2,
 DenseScore.FriedmanMelloA1.matrixLaw_external]
⚠ [9573/9585] Built LogdetLean.GramHafnian.ThreePaper.RelativeAccuracyApplicationEndpoints (7.0s)
warning: LogdetLean/GramHafnian/ThreePaper/RelativeAccuracyApplicationEndpoints.lean:408:2: Try this: 
  haveI̵

The goal is a proposition, so `have` is preferred over `haveI`.
The difference between `have` and `haveI` is that `haveI` inlines the value.
But this is not relevant for proofs because of proof irrelevance.

Note: This linter can be disabled with `set_option linter.style.haveILetI false`
warning: LogdetLean/GramHafnian/ThreePaper/RelativeAccuracyApplicationEndpoints.lean:688:2: Try this: 
  haveI̵

The goal is a proposition, so `have` is preferred over `haveI`.
The difference between `have` and `haveI` is that `haveI` inlines the value.
But this is not relevant for proofs because of proof irrelevance.

Note: This linter can be disabled with `set_option linter.style.haveILetI false`
warning: LogdetLean/GramHafnian/ThreePaper/RelativeAccuracyApplicationEndpoints.lean:784:2: Try this: 
  haveI̵

The goal is a proposition, so `have` is preferred over `haveI`.
The difference between `have` and `haveI` is that `haveI` inlines the value.
But this is not relevant for proofs because of proof irrelevance.

Note: This linter can be disabled with `set_option linter.style.haveILetI false`
warning: LogdetLean/GramHafnian/ThreePaper/RelativeAccuracyApplicationEndpoints.lean:1182:2: Try this: 
  haveI̵

The goal is a proposition, so `have` is preferred over `haveI`.
The difference between `have` and `haveI` is that `haveI` inlines the value.
But this is not relevant for proofs because of proof irrelevance.

Note: This linter can be disabled with `set_option linter.style.haveILetI false`
warning: LogdetLean/GramHafnian/ThreePaper/RelativeAccuracyApplicationEndpoints.lean:1184:2: Try this: 
  haveI̵

The goal is a proposition, so `have` is preferred over `haveI`.
The difference between `have` and `haveI` is that `haveI` inlines the value.
But this is not relevant for proofs because of proof irrelevance.

Note: This linter can be disabled with `set_option linter.style.haveILetI false`
warning: LogdetLean/GramHafnian/ThreePaper/RelativeAccuracyApplicationEndpoints.lean:1325:2: Try this: 
  letI̵

The goal is a proposition, so `let` is preferred over `letI`.
The difference between `let` and `letI` is that `letI` inlines the value.
But this is not relevant for proofs because of proof irrelevance.

Note: This linter can be disabled with `set_option linter.style.haveILetI false`
warning: LogdetLean/GramHafnian/ThreePaper/RelativeAccuracyApplicationEndpoints.lean:1480:2: Try this: 
  letI̵

The goal is a proposition, so `let` is preferred over `letI`.
The difference between `let` and `letI` is that `letI` inlines the value.
But this is not relevant for proofs because of proof irrelevance.

Note: This linter can be disabled with `set_option linter.style.haveILetI false`
warning: LogdetLean/GramHafnian/ThreePaper/RelativeAccuracyApplicationEndpoints.lean:1502:2: Try this: 
  letI̵

The goal is a proposition, so `let` is preferred over `letI`.
The difference between `let` and `letI` is that `letI` inlines the value.
But this is not relevant for proofs because of proof irrelevance.

Note: This linter can be disabled with `set_option linter.style.haveILetI false`
warning: LogdetLean/GramHafnian/ThreePaper/RelativeAccuracyApplicationEndpoints.lean:1829:2: Try this: 
  letI̵

The goal is a proposition, so `let` is preferred over `letI`.
The difference between `let` and `letI` is that `letI` inlines the value.
But this is not relevant for proofs because of proof irrelevance.

Note: This linter can be disabled with `set_option linter.style.haveILetI false`
warning: LogdetLean/GramHafnian/ThreePaper/RelativeAccuracyApplicationEndpoints.lean:1830:2: Try this: 
  letI̵

The goal is a proposition, so `let` is preferred over `letI`.
The difference between `let` and `letI` is that `letI` inlines the value.
But this is not relevant for proofs because of proof irrelevance.

Note: This linter can be disabled with `set_option linter.style.haveILetI false`
warning: LogdetLean/GramHafnian/ThreePaper/RelativeAccuracyApplicationEndpoints.lean:2031:2: Try this: 
  letI̵

The goal is a proposition, so `let` is preferred over `letI`.
The difference between `let` and `letI` is that `letI` inlines the value.
But this is not relevant for proofs because of proof irrelevance.

Note: This linter can be disabled with `set_option linter.style.haveILetI false`
warning: LogdetLean/GramHafnian/ThreePaper/RelativeAccuracyApplicationEndpoints.lean:2032:2: Try this: 
  letI̵

The goal is a proposition, so `let` is preferred over `letI`.
The difference between `let` and `letI` is that `letI` inlines the value.
But this is not relevant for proofs because of proof irrelevance.

Note: This linter can be disabled with `set_option linter.style.haveILetI false`
warning: LogdetLean/GramHafnian/ThreePaper/RelativeAccuracyApplicationEndpoints.lean:2181:2: Try this: 
  letI̵

The goal is a proposition, so `let` is preferred over `letI`.
The difference between `let` and `letI` is that `letI` inlines the value.
But this is not relevant for proofs because of proof irrelevance.

Note: This linter can be disabled with `set_option linter.style.haveILetI false`
warning: LogdetLean/GramHafnian/ThreePaper/RelativeAccuracyApplicationEndpoints.lean:2194:2: Try this: 
  letI̵

The goal is a proposition, so `let` is preferred over `letI`.
The difference between `let` and `letI` is that `letI` inlines the value.
But this is not relevant for proofs because of proof irrelevance.

Note: This linter can be disabled with `set_option linter.style.haveILetI false`
warning: LogdetLean/GramHafnian/ThreePaper/RelativeAccuracyApplicationEndpoints.lean:2196:2: Try this: 
  letI̵

The goal is a proposition, so `let` is preferred over `letI`.
The difference between `let` and `letI` is that `letI` inlines the value.
But this is not relevant for proofs because of proof irrelevance.

Note: This linter can be disabled with `set_option linter.style.haveILetI false`
warning: LogdetLean/GramHafnian/ThreePaper/RelativeAccuracyApplicationEndpoints.lean:2212:33: This simp argument is unused:
  Function.uncurry_apply_pair

Hint: Omit it from the simp argument list.
  [apply] simp only [Set.mem_preimage, Set.mem_iUnion, Set.mem_prod, Set.mem_singleton_iff]

Note: This linter can be disabled with `set_option linter.unusedSimpArgs false`
warning: LogdetLean/GramHafnian/ThreePaper/RelativeAccuracyApplicationEndpoints.lean:2246:2: Try this: 
  letI̵

The goal is a proposition, so `let` is preferred over `letI`.
The difference between `let` and `letI` is that `letI` inlines the value.
But this is not relevant for proofs because of proof irrelevance.

Note: This linter can be disabled with `set_option linter.style.haveILetI false`
warning: LogdetLean/GramHafnian/ThreePaper/RelativeAccuracyApplicationEndpoints.lean:2248:2: Try this: 
  letI̵

The goal is a proposition, so `let` is preferred over `letI`.
The difference between `let` and `letI` is that `letI` inlines the value.
But this is not relevant for proofs because of proof irrelevance.

Note: This linter can be disabled with `set_option linter.style.haveILetI false`
warning: LogdetLean/GramHafnian/ThreePaper/RelativeAccuracyApplicationEndpoints.lean:2318:2: Try this: 
  letI̵

The goal is a proposition, so `let` is preferred over `letI`.
The difference between `let` and `letI` is that `letI` inlines the value.
But this is not relevant for proofs because of proof irrelevance.

Note: This linter can be disabled with `set_option linter.style.haveILetI false`
warning: LogdetLean/GramHafnian/ThreePaper/RelativeAccuracyApplicationEndpoints.lean:2380:2: Try this: 
  letI̵

The goal is a proposition, so `let` is preferred over `letI`.
The difference between `let` and `letI` is that `letI` inlines the value.
But this is not relevant for proofs because of proof irrelevance.

Note: This linter can be disabled with `set_option linter.style.haveILetI false`
warning: LogdetLean/GramHafnian/ThreePaper/RelativeAccuracyApplicationEndpoints.lean:2381:2: Try this: 
  letI̵

The goal is a proposition, so `let` is preferred over `letI`.
The difference between `let` and `letI` is that `letI` inlines the value.
But this is not relevant for proofs because of proof irrelevance.

Note: This linter can be disabled with `set_option linter.style.haveILetI false`
warning: LogdetLean/GramHafnian/ThreePaper/RelativeAccuracyApplicationEndpoints.lean:2427:2: Try this: 
  letI̵

The goal is a proposition, so `let` is preferred over `letI`.
The difference between `let` and `letI` is that `letI` inlines the value.
But this is not relevant for proofs because of proof irrelevance.

Note: This linter can be disabled with `set_option linter.style.haveILetI false`
warning: LogdetLean/GramHafnian/ThreePaper/RelativeAccuracyApplicationEndpoints.lean:2428:2: Try this: 
  letI̵

The goal is a proposition, so `let` is preferred over `letI`.
The difference between `let` and `letI` is that `letI` inlines the value.
But this is not relevant for proofs because of proof irrelevance.

Note: This linter can be disabled with `set_option linter.style.haveILetI false`
warning: LogdetLean/GramHafnian/ThreePaper/RelativeAccuracyApplicationEndpoints.lean:2687:15: `Set.mem_setOf_eq` has been deprecated: Use `Set.mem_ofPred_eq` instead
warning: LogdetLean/GramHafnian/ThreePaper/RelativeAccuracyApplicationEndpoints.lean:2689:2: Try this: 
  letI̵

The goal is a proposition, so `let` is preferred over `letI`.
The difference between `let` and `letI` is that `letI` inlines the value.
But this is not relevant for proofs because of proof irrelevance.

Note: This linter can be disabled with `set_option linter.style.haveILetI false`
warning: LogdetLean/GramHafnian/ThreePaper/RelativeAccuracyApplicationEndpoints.lean:2690:2: Try this: 
  letI̵

The goal is a proposition, so `let` is preferred over `letI`.
The difference between `let` and `letI` is that `letI` inlines the value.
But this is not relevant for proofs because of proof irrelevance.

Note: This linter can be disabled with `set_option linter.style.haveILetI false`
warning: LogdetLean/GramHafnian/ThreePaper/RelativeAccuracyApplicationEndpoints.lean:2769:15: `Set.mem_setOf_eq` has been deprecated: Use `Set.mem_ofPred_eq` instead
warning: LogdetLean/GramHafnian/ThreePaper/RelativeAccuracyApplicationEndpoints.lean:2771:2: Try this: 
  letI̵

The goal is a proposition, so `let` is preferred over `letI`.
The difference between `let` and `letI` is that `letI` inlines the value.
But this is not relevant for proofs because of proof irrelevance.

Note: This linter can be disabled with `set_option linter.style.haveILetI false`
warning: LogdetLean/GramHafnian/ThreePaper/RelativeAccuracyApplicationEndpoints.lean:2772:2: Try this: 
  letI̵

The goal is a proposition, so `let` is preferred over `letI`.
The difference between `let` and `letI` is that `letI` inlines the value.
But this is not relevant for proofs because of proof irrelevance.

Note: This linter can be disabled with `set_option linter.style.haveILetI false`
info: LogdetLean/GramHafnian/ThreePaper/RelativeAccuracyApplicationEndpoints.lean:2907:0: 'LogdetLean.GramHafnian.ThreePaper.RelativeAccuracy.generalMarkovTradeoff' depends on axioms: [propext,
 Classical.choice,
 Quot.sound]
info: LogdetLean/GramHafnian/ThreePaper/RelativeAccuracyApplicationEndpoints.lean:2908:0: 'LogdetLean.GramHafnian.ThreePaper.RelativeAccuracy.balancedMarkovTradeoff' depends on axioms: [propext,
 Classical.choice,
 Quot.sound]
info: LogdetLean/GramHafnian/ThreePaper/RelativeAccuracyApplicationEndpoints.lean:2909:0: 'LogdetLean.GramHafnian.ThreePaper.RelativeAccuracy.samplerRelativeOptimized' depends on axioms: [propext,
 Classical.choice,
 Quot.sound]
info: LogdetLean/GramHafnian/ThreePaper/RelativeAccuracyApplicationEndpoints.lean:2910:0: 'LogdetLean.GramHafnian.ThreePaper.RelativeAccuracy.finiteHaarTruncatedNegativeMoment' depends on axioms: [propext,
 Classical.choice,
 Quot.sound]
info: LogdetLean/GramHafnian/ThreePaper/RelativeAccuracyApplicationEndpoints.lean:2911:0: 'LogdetLean.GramHafnian.ThreePaper.RelativeAccuracy.finitePanel_min_hiding_remainder' depends on axioms: [propext,
 Classical.choice,
 Quot.sound]
info: LogdetLean/GramHafnian/ThreePaper/RelativeAccuracyApplicationEndpoints.lean:2912:0: 'LogdetLean.GramHafnian.ThreePaper.RelativeAccuracy.disjointGaussianPanelSmallBall_exact' depends on axioms: [propext,
 Classical.choice,
 Quot.sound]
info: LogdetLean/GramHafnian/ThreePaper/RelativeAccuracyApplicationEndpoints.lean:2913:0: 'LogdetLean.GramHafnian.ThreePaper.RelativeAccuracy.disjointGaussianPanelSmallBall_transfer' depends on axioms: [propext,
 Classical.choice,
 Quot.sound]
info: LogdetLean/GramHafnian/ThreePaper/RelativeAccuracyApplicationEndpoints.lean:2914:0: 'LogdetLean.GramHafnian.ThreePaper.RelativeAccuracy.disjointPanel_min_of_two' depends on axioms: [propext,
 Classical.choice,
 Quot.sound]
info: LogdetLean/GramHafnian/ThreePaper/RelativeAccuracyApplicationEndpoints.lean:2915:0: 'LogdetLean.GramHafnian.ThreePaper.RelativeAccuracy.orderedHaarHafnianPanelLaw_eq_ambient' depends on axioms: [propext,
 Classical.choice,
 Quot.sound]
info: LogdetLean/GramHafnian/ThreePaper/RelativeAccuracyApplicationEndpoints.lean:2916:0: 'LogdetLean.GramHafnian.ThreePaper.RelativeAccuracy.ambientHaarHafnianPanelSmallBall_union_le' depends on axioms: [propext,
 Classical.choice,
 MatsumotoPaper.A4_matsumoto_theorem_3,
 Quot.sound,
 LogdetLean.GramHafnian.UltimateHiding.DenseScore.A2Prime_complexSymmetricTakagiWeyl_symmetricIntegration,
 LogdetLean.GramHafnian.UltimateHiding.DenseScore.A3_edelmanSutton_proposition_1_2,
 LogdetLean.GramHafnian.UltimateHiding.DenseScore.FriedmanMelloA1.matrixLaw_external]
info: LogdetLean/GramHafnian/ThreePaper/RelativeAccuracyApplicationEndpoints.lean:2917:0: 'LogdetLean.GramHafnian.ThreePaper.RelativeAccuracy.orderedDisjointHaarHafnianPanelSmallBall' depends on axioms: [propext,
 Classical.choice,
 MatsumotoPaper.A4_matsumoto_theorem_3,
 Quot.sound,
 LogdetLean.GramHafnian.UltimateHiding.DenseScore.A2Prime_complexSymmetricTakagiWeyl_symmetricIntegration,
 LogdetLean.GramHafnian.UltimateHiding.DenseScore.A3_edelmanSutton_proposition_1_2,
 LogdetLean.GramHafnian.UltimateHiding.DenseScore.FriedmanMelloA1.matrixLaw_external]
info: LogdetLean/GramHafnian/ThreePaper/RelativeAccuracyApplicationEndpoints.lean:2918:0: 'LogdetLean.GramHafnian.ThreePaper.RelativeAccuracy.orderedDisjointHaarHafnianPanelSmallBall_full_qN' depends on axioms: [propext,
 Classical.choice,
 MatsumotoPaper.A4_matsumoto_theorem_3,
 Quot.sound,
 LogdetLean.GramHafnian.UltimateHiding.DenseScore.A2Prime_complexSymmetricTakagiWeyl_symmetricIntegration,
 LogdetLean.GramHafnian.UltimateHiding.DenseScore.A3_edelmanSutton_proposition_1_2,
 LogdetLean.GramHafnian.UltimateHiding.DenseScore.FriedmanMelloA1.matrixLaw_external]
info: LogdetLean/GramHafnian/ThreePaper/RelativeAccuracyApplicationEndpoints.lean:2919:0: 'LogdetLean.GramHafnian.ThreePaper.RelativeAccuracy.orderedDisjointPhysicalPanelSmallDenominator_full_qN' depends on axioms: [propext,
 Classical.choice,
 MatsumotoPaper.A4_matsumoto_theorem_3,
 Quot.sound,
 LogdetLean.GramHafnian.UltimateHiding.DenseScore.A2Prime_complexSymmetricTakagiWeyl_symmetricIntegration,
 LogdetLean.GramHafnian.UltimateHiding.DenseScore.A3_edelmanSutton_proposition_1_2,
 LogdetLean.GramHafnian.UltimateHiding.DenseScore.FriedmanMelloA1.matrixLaw_external]
info: LogdetLean/GramHafnian/ThreePaper/RelativeAccuracyApplicationEndpoints.lean:2920:0: 'LogdetLean.GramHafnian.ThreePaper.RelativeAccuracy.orderedPhysicalFinitePanelSmallDenominator' depends on axioms: [propext,
 Classical.choice,
 MatsumotoPaper.A4_matsumoto_theorem_3,
 Quot.sound,
 LogdetLean.GramHafnian.UltimateHiding.DenseScore.A2Prime_complexSymmetricTakagiWeyl_symmetricIntegration,
 LogdetLean.GramHafnian.UltimateHiding.DenseScore.A3_edelmanSutton_proposition_1_2,
 LogdetLean.GramHafnian.UltimateHiding.DenseScore.FriedmanMelloA1.matrixLaw_external]
info: LogdetLean/GramHafnian/ThreePaper/RelativeAccuracyApplicationEndpoints.lean:2921:0: 'LogdetLean.GramHafnian.ThreePaper.RelativeAccuracy.collisionFreeExpectedDarkFraction' depends on axioms: [propext,
 Classical.choice,
 MatsumotoPaper.A4_matsumoto_theorem_3,
 Quot.sound,
 LogdetLean.GramHafnian.UltimateHiding.DenseScore.A2Prime_complexSymmetricTakagiWeyl_symmetricIntegration,
 LogdetLean.GramHafnian.UltimateHiding.DenseScore.A3_edelmanSutton_proposition_1_2,
 LogdetLean.GramHafnian.UltimateHiding.DenseScore.FriedmanMelloA1.matrixLaw_external]
info: LogdetLean/GramHafnian/ThreePaper/RelativeAccuracyApplicationEndpoints.lean:2922:0: 'LogdetLean.GramHafnian.ThreePaper.RelativeAccuracy.collisionFreeMostLabelsNotDark' depends on axioms: [propext,
 Classical.choice,
 MatsumotoPaper.A4_matsumoto_theorem_3,
 Quot.sound,
 LogdetLean.GramHafnian.UltimateHiding.DenseScore.A2Prime_complexSymmetricTakagiWeyl_symmetricIntegration,
 LogdetLean.GramHafnian.UltimateHiding.DenseScore.A3_edelmanSutton_proposition_1_2,
 LogdetLean.GramHafnian.UltimateHiding.DenseScore.FriedmanMelloA1.matrixLaw_external]
info: LogdetLean/GramHafnian/ThreePaper/RelativeAccuracyApplicationEndpoints.lean:2923:0: 'LogdetLean.GramHafnian.ThreePaper.RelativeAccuracy.collisionFreeRandomLabelAdditiveToRelative' depends on axioms: [propext,
 Classical.choice,
 MatsumotoPaper.A4_matsumoto_theorem_3,
 Quot.sound,
 LogdetLean.GramHafnian.UltimateHiding.DenseScore.A2Prime_complexSymmetricTakagiWeyl_symmetricIntegration,
 LogdetLean.GramHafnian.UltimateHiding.DenseScore.A3_edelmanSutton_proposition_1_2,
 LogdetLean.GramHafnian.UltimateHiding.DenseScore.FriedmanMelloA1.matrixLaw_external]
info: LogdetLean/GramHafnian/ThreePaper/RelativeAccuracyApplicationEndpoints.lean:2924:0: 'LogdetLean.GramHafnian.ThreePaper.RelativeAccuracy.randomLabelFiniteErrorBudget' depends on axioms: [propext,
 Classical.choice,
 MatsumotoPaper.A4_matsumoto_theorem_3,
 Quot.sound,
 LogdetLean.GramHafnian.UltimateHiding.DenseScore.A2Prime_complexSymmetricTakagiWeyl_symmetricIntegration,
 LogdetLean.GramHafnian.UltimateHiding.DenseScore.A3_edelmanSutton_proposition_1_2,
 LogdetLean.GramHafnian.UltimateHiding.DenseScore.FriedmanMelloA1.matrixLaw_external]
info: LogdetLean/GramHafnian/ThreePaper/RelativeAccuracyApplicationEndpoints.lean:2925:0: 'LogdetLean.GramHafnian.ThreePaper.RelativeAccuracy.collisionFreeSamplerRelative' depends on axioms: [propext,
 Classical.choice,
 MatsumotoPaper.A4_matsumoto_theorem_3,
 Quot.sound,
 LogdetLean.GramHafnian.UltimateHiding.DenseScore.A2Prime_complexSymmetricTakagiWeyl_symmetricIntegration,
 LogdetLean.GramHafnian.UltimateHiding.DenseScore.A3_edelmanSutton_proposition_1_2,
 LogdetLean.GramHafnian.UltimateHiding.DenseScore.FriedmanMelloA1.matrixLaw_external]
info: LogdetLean/GramHafnian/ThreePaper/RelativeAccuracyApplicationEndpoints.lean:2926:0: 'LogdetLean.GramHafnian.ThreePaper.RelativeAccuracy.finiteHaarNormalizedPhysicalIntensityTail' depends on axioms: [propext,
 Classical.choice,
 MatsumotoPaper.A4_matsumoto_theorem_3,
 Quot.sound,
 LogdetLean.GramHafnian.UltimateHiding.DenseScore.A2Prime_complexSymmetricTakagiWeyl_symmetricIntegration,
 LogdetLean.GramHafnian.UltimateHiding.DenseScore.A3_edelmanSutton_proposition_1_2,
 LogdetLean.GramHafnian.UltimateHiding.DenseScore.FriedmanMelloA1.matrixLaw_external]
info: LogdetLean/GramHafnian/ThreePaper/RelativeAccuracyApplicationEndpoints.lean:2927:0: 'LogdetLean.GramHafnian.ThreePaper.RelativeAccuracy.normalizedSectorProbability' depends on axioms: [propext,
 Classical.choice,
 Quot.sound]
⚠ [9574/9585] Built LogdetLean.GramHafnian.ThreePaper.TwoMethodComparison (4.8s)
warning: LogdetLean/GramHafnian/ThreePaper/TwoMethodComparison.lean:88:6: Used `tac1 <;> tac2` where `(tac1; tac2)` would suffice

Note: This linter can be disabled with `set_option linter.unnecessarySeqFocus false`
warning: LogdetLean/GramHafnian/ThreePaper/TwoMethodComparison.lean:89:6: Used `tac1 <;> tac2` where `(tac1; tac2)` would suffice

Note: This linter can be disabled with `set_option linter.unnecessarySeqFocus false`
warning: LogdetLean/GramHafnian/ThreePaper/TwoMethodComparison.lean:679:2: Used `tac1 <;> tac2` where `(tac1; tac2)` would suffice

Note: This linter can be disabled with `set_option linter.unnecessarySeqFocus false`
warning: LogdetLean/GramHafnian/ThreePaper/TwoMethodComparison.lean:994:39: Used `tac1 <;> tac2` where `(tac1; tac2)` would suffice

Note: This linter can be disabled with `set_option linter.unnecessarySeqFocus false`
✔ [9575/9585] Built LogdetLean.GramHafnian.ThreePaper.FairAbsoluteThresholdComparison (5.6s)
⚠ [9576/9585] Built LogdetLean.GramHafnian.ThreePaper.CoefficientAsymptoticComparison (6.6s)
warning: LogdetLean/GramHafnian/ThreePaper/CoefficientAsymptoticComparison.lean:132:27: Used `tac1 <;> tac2` where `(tac1; tac2)` would suffice

Note: This linter can be disabled with `set_option linter.unnecessarySeqFocus false`
warning: LogdetLean/GramHafnian/ThreePaper/CoefficientAsymptoticComparison.lean:132:41: Used `tac1 <;> tac2` where `(tac1; tac2)` would suffice

Note: This linter can be disabled with `set_option linter.unnecessarySeqFocus false`
warning: LogdetLean/GramHafnian/ThreePaper/CoefficientAsymptoticComparison.lean:261:23: Used `tac1 <;> tac2` where `(tac1; tac2)` would suffice

Note: This linter can be disabled with `set_option linter.unnecessarySeqFocus false`
warning: LogdetLean/GramHafnian/ThreePaper/CoefficientAsymptoticComparison.lean:261:37: Used `tac1 <;> tac2` where `(tac1; tac2)` would suffice

Note: This linter can be disabled with `set_option linter.unnecessarySeqFocus false`
warning: LogdetLean/GramHafnian/ThreePaper/CoefficientAsymptoticComparison.lean:289:27: Used `tac1 <;> tac2` where `(tac1; tac2)` would suffice

Note: This linter can be disabled with `set_option linter.unnecessarySeqFocus false`
warning: LogdetLean/GramHafnian/ThreePaper/CoefficientAsymptoticComparison.lean:289:41: Used `tac1 <;> tac2` where `(tac1; tac2)` would suffice

Note: This linter can be disabled with `set_option linter.unnecessarySeqFocus false`
warning: LogdetLean/GramHafnian/ThreePaper/CoefficientAsymptoticComparison.lean:503:48: Used `tac1 <;> tac2` where `(tac1; tac2)` would suffice

Note: This linter can be disabled with `set_option linter.unnecessarySeqFocus false`
✔ [9577/9585] Built HidingStatement (4.8s)
⚠ [9578/9585] Built LogdetLean.GramHafnian.ThreePaper.RouteTwoMatrixComparisonInterface (5.6s)
warning: LogdetLean/GramHafnian/ThreePaper/RouteTwoMatrixComparisonInterface.lean:115:2: Try this: 
  letI̵

The goal is a proposition, so `let` is preferred over `letI`.
The difference between `let` and `letI` is that `letI` inlines the value.
But this is not relevant for proofs because of proof irrelevance.

Note: This linter can be disabled with `set_option linter.style.haveILetI false`
warning: LogdetLean/GramHafnian/ThreePaper/RouteTwoMatrixComparisonInterface.lean:118:2: Try this: 
  letI̵

The goal is a proposition, so `let` is preferred over `letI`.
The difference between `let` and `letI` is that `letI` inlines the value.
But this is not relevant for proofs because of proof irrelevance.

Note: This linter can be disabled with `set_option linter.style.haveILetI false`
warning: LogdetLean/GramHafnian/ThreePaper/RouteTwoMatrixComparisonInterface.lean:123:2: Try this: 
  letI̵

The goal is a proposition, so `let` is preferred over `letI`.
The difference between `let` and `letI` is that `letI` inlines the value.
But this is not relevant for proofs because of proof irrelevance.

Note: This linter can be disabled with `set_option linter.style.haveILetI false`
warning: LogdetLean/GramHafnian/ThreePaper/RouteTwoMatrixComparisonInterface.lean:169:13: `Set.mem_setOf_eq` has been deprecated: Use `Set.mem_ofPred_eq` instead
warning: LogdetLean/GramHafnian/ThreePaper/RouteTwoMatrixComparisonInterface.lean:202:13: `Set.mem_setOf_eq` has been deprecated: Use `Set.mem_ofPred_eq` instead
warning: LogdetLean/GramHafnian/ThreePaper/RouteTwoMatrixComparisonInterface.lean:193:13: Variable name `hn` is not explicitly referenced.

Hint: The binding can be removed (if unused) or named `_` (if used implicitly). Alternatively, prefix the name with `_` to silence this warning:
  [apply] _hn

Note: This linter can be disabled with `set_option linter.unusedVariables false`
warning: LogdetLean/GramHafnian/ThreePaper/RouteTwoMatrixComparisonInterface.lean:385:2: Try this: 
  letI̵

The goal is a proposition, so `let` is preferred over `letI`.
The difference between `let` and `letI` is that `letI` inlines the value.
But this is not relevant for proofs because of proof irrelevance.

Note: This linter can be disabled with `set_option linter.style.haveILetI false`
⚠ [9579/9585] Built LogdetLean.GramHafnian.ThreePaper.RelativeAccuracy (3.8s)
warning: LogdetLean/GramHafnian/ThreePaper/RelativeAccuracy.lean:50:2: Try this: 
  letI̵

The goal is a proposition, so `let` is preferred over `letI`.
The difference between `let` and `letI` is that `letI` inlines the value.
But this is not relevant for proofs because of proof irrelevance.

Note: This linter can be disabled with `set_option linter.style.haveILetI false`
info: LogdetLean/GramHafnian/ThreePaper/RelativeAccuracy.lean:318:0: 'LogdetLean.GramHafnian.ThreePaper.RelativeAccuracy.finiteHaarShiftedSmallBall' depends on axioms: [propext,
 Classical.choice,
 MatsumotoPaper.A4_matsumoto_theorem_3,
 Quot.sound,
 LogdetLean.GramHafnian.UltimateHiding.DenseScore.A2Prime_complexSymmetricTakagiWeyl_symmetricIntegration,
 LogdetLean.GramHafnian.UltimateHiding.DenseScore.A3_edelmanSutton_proposition_1_2,
 LogdetLean.GramHafnian.UltimateHiding.DenseScore.FriedmanMelloA1.matrixLaw_external]
info: LogdetLean/GramHafnian/ThreePaper/RelativeAccuracy.lean:319:0: 'LogdetLean.GramHafnian.ThreePaper.RelativeAccuracy.gbsSmallDenominator' depends on axioms: [propext,
 Classical.choice,
 MatsumotoPaper.A4_matsumoto_theorem_3,
 Quot.sound,
 LogdetLean.GramHafnian.UltimateHiding.DenseScore.A2Prime_complexSymmetricTakagiWeyl_symmetricIntegration,
 LogdetLean.GramHafnian.UltimateHiding.DenseScore.A3_edelmanSutton_proposition_1_2,
 LogdetLean.GramHafnian.UltimateHiding.DenseScore.FriedmanMelloA1.matrixLaw_external]
info: LogdetLean/GramHafnian/ThreePaper/RelativeAccuracy.lean:320:0: 'LogdetLean.GramHafnian.ThreePaper.RelativeAccuracy.randomizedAdditiveToRelative' depends on axioms: [propext,
 Classical.choice,
 MatsumotoPaper.A4_matsumoto_theorem_3,
 Quot.sound,
 LogdetLean.GramHafnian.UltimateHiding.DenseScore.A2Prime_complexSymmetricTakagiWeyl_symmetricIntegration,
 LogdetLean.GramHafnian.UltimateHiding.DenseScore.A3_edelmanSutton_proposition_1_2,
 LogdetLean.GramHafnian.UltimateHiding.DenseScore.FriedmanMelloA1.matrixLaw_external]
info: LogdetLean/GramHafnian/ThreePaper/RelativeAccuracy.lean:321:0: 'LogdetLean.GramHafnian.ThreePaper.RelativeAccuracy.finiteErrorBudget' depends on axioms: [propext,
 Classical.choice,
 MatsumotoPaper.A4_matsumoto_theorem_3,
 Quot.sound,
 LogdetLean.GramHafnian.UltimateHiding.DenseScore.A2Prime_complexSymmetricTakagiWeyl_symmetricIntegration,
 LogdetLean.GramHafnian.UltimateHiding.DenseScore.A3_edelmanSutton_proposition_1_2,
 LogdetLean.GramHafnian.UltimateHiding.DenseScore.FriedmanMelloA1.matrixLaw_external]
info: LogdetLean/GramHafnian/ThreePaper/RelativeAccuracy.lean:322:0: 'LogdetLean.GramHafnian.ThreePaper.RelativeAccuracy.balancedMarkovTradeoff' depends on axioms: [propext,
 Classical.choice,
 Quot.sound]
info: LogdetLean/GramHafnian/ThreePaper/RelativeAccuracy.lean:323:0: 'LogdetLean.GramHafnian.ThreePaper.RelativeAccuracy.samplerRelativeOptimized' depends on axioms: [propext,
 Classical.choice,
 Quot.sound]
info: LogdetLean/GramHafnian/ThreePaper/RelativeAccuracy.lean:324:0: 'LogdetLean.GramHafnian.ThreePaper.RelativeAccuracy.finiteHaarTruncatedNegativeMoment' depends on axioms: [propext,
 Classical.choice,
 Quot.sound]
info: LogdetLean/GramHafnian/ThreePaper/RelativeAccuracy.lean:325:0: 'LogdetLean.GramHafnian.ThreePaper.RelativeAccuracy.finiteHaarTruncatedNormalizedIntensityNegativeMoment' depends on axioms: [propext,
 Classical.choice,
 MatsumotoPaper.A4_matsumoto_theorem_3,
 Quot.sound,
 LogdetLean.GramHafnian.UltimateHiding.DenseScore.A2Prime_complexSymmetricTakagiWeyl_symmetricIntegration,
 LogdetLean.GramHafnian.UltimateHiding.DenseScore.A3_edelmanSutton_proposition_1_2,
 LogdetLean.GramHafnian.UltimateHiding.DenseScore.FriedmanMelloA1.matrixLaw_external]
info: LogdetLean/GramHafnian/ThreePaper/RelativeAccuracy.lean:326:0: 'LogdetLean.GramHafnian.ThreePaper.RelativeAccuracy.collisionFreeLabelSpace_card' depends on axioms: [propext,
 Classical.choice,
 Quot.sound]
info: LogdetLean/GramHafnian/ThreePaper/RelativeAccuracy.lean:327:0: 'LogdetLean.GramHafnian.ThreePaper.RelativeAccuracy.mostLabelsNotDark' depends on axioms: [propext,
 Classical.choice,
 Quot.sound]
info: LogdetLean/GramHafnian/ThreePaper/RelativeAccuracy.lean:328:0: 'LogdetLean.GramHafnian.ThreePaper.RelativeAccuracy.circuitwiseConditionalFailure' depends on axioms: [propext,
 Classical.choice,
 Quot.sound]
info: LogdetLean/GramHafnian/ThreePaper/RelativeAccuracy.lean:329:0: 'LogdetLean.GramHafnian.ThreePaper.RelativeAccuracy.samplerTVToUniformLabelAdditive' depends on axioms: [propext,
 Classical.choice,
 Quot.sound]
info: LogdetLean/GramHafnian/ThreePaper/RelativeAccuracy.lean:330:0: 'LogdetLean.GramHafnian.ThreePaper.RelativeAccuracy.samplerTVToRandomLabelRelative_relativeAccuracy' depends on axioms: [propext,
 Classical.choice,
 Quot.sound]
info: LogdetLean/GramHafnian/ThreePaper/RelativeAccuracy.lean:331:0: 'LogdetLean.GramHafnian.ThreePaper.RelativeAccuracy.disjointGaussianPanelSmallBall_exact' depends on axioms: [propext,
 Classical.choice,
 Quot.sound]
info: LogdetLean/GramHafnian/ThreePaper/RelativeAccuracy.lean:332:0: 'LogdetLean.GramHafnian.ThreePaper.RelativeAccuracy.disjointGaussianPanelSmallBall_transfer' depends on axioms: [propext,
 Classical.choice,
 Quot.sound]
info: LogdetLean/GramHafnian/ThreePaper/RelativeAccuracy.lean:333:0: 'LogdetLean.GramHafnian.ThreePaper.RelativeAccuracy.disjointPanel_min_of_two' depends on axioms: [propext,
 Classical.choice,
 Quot.sound]
info: LogdetLean/GramHafnian/ThreePaper/RelativeAccuracy.lean:334:0: 'LogdetLean.GramHafnian.ThreePaper.RelativeAccuracy.orderedHaarHafnianPanelLaw_eq_ambient' depends on axioms: [propext,
 Classical.choice,
 Quot.sound]
info: LogdetLean/GramHafnian/ThreePaper/RelativeAccuracy.lean:335:0: 'LogdetLean.GramHafnian.ThreePaper.RelativeAccuracy.ambientHaarHafnianPanelSmallBall_union_le' depends on axioms: [propext,
 Classical.choice,
 MatsumotoPaper.A4_matsumoto_theorem_3,
 Quot.sound,
 LogdetLean.GramHafnian.UltimateHiding.DenseScore.A2Prime_complexSymmetricTakagiWeyl_symmetricIntegration,
 LogdetLean.GramHafnian.UltimateHiding.DenseScore.A3_edelmanSutton_proposition_1_2,
 LogdetLean.GramHafnian.UltimateHiding.DenseScore.FriedmanMelloA1.matrixLaw_external]
info: LogdetLean/GramHafnian/ThreePaper/RelativeAccuracy.lean:336:0: 'LogdetLean.GramHafnian.ThreePaper.RelativeAccuracy.orderedDisjointHaarHafnianPanelSmallBall_full_qN' depends on axioms: [propext,
 Classical.choice,
 MatsumotoPaper.A4_matsumoto_theorem_3,
 Quot.sound,
 LogdetLean.GramHafnian.UltimateHiding.DenseScore.A2Prime_complexSymmetricTakagiWeyl_symmetricIntegration,
 LogdetLean.GramHafnian.UltimateHiding.DenseScore.A3_edelmanSutton_proposition_1_2,
 LogdetLean.GramHafnian.UltimateHiding.DenseScore.FriedmanMelloA1.matrixLaw_external]
info: LogdetLean/GramHafnian/ThreePaper/RelativeAccuracy.lean:337:0: 'LogdetLean.GramHafnian.ThreePaper.RelativeAccuracy.orderedDisjointPhysicalPanelSmallDenominator_full_qN' depends on axioms: [propext,
 Classical.choice,
 MatsumotoPaper.A4_matsumoto_theorem_3,
 Quot.sound,
 LogdetLean.GramHafnian.UltimateHiding.DenseScore.A2Prime_complexSymmetricTakagiWeyl_symmetricIntegration,
 LogdetLean.GramHafnian.UltimateHiding.DenseScore.A3_edelmanSutton_proposition_1_2,
 LogdetLean.GramHafnian.UltimateHiding.DenseScore.FriedmanMelloA1.matrixLaw_external]
info: LogdetLean/GramHafnian/ThreePaper/RelativeAccuracy.lean:338:0: 'LogdetLean.GramHafnian.ThreePaper.RelativeAccuracy.orderedPhysicalFinitePanelSmallDenominator' depends on axioms: [propext,
 Classical.choice,
 MatsumotoPaper.A4_matsumoto_theorem_3,
 Quot.sound,
 LogdetLean.GramHafnian.UltimateHiding.DenseScore.A2Prime_complexSymmetricTakagiWeyl_symmetricIntegration,
 LogdetLean.GramHafnian.UltimateHiding.DenseScore.A3_edelmanSutton_proposition_1_2,
 LogdetLean.GramHafnian.UltimateHiding.DenseScore.FriedmanMelloA1.matrixLaw_external]
info: LogdetLean/GramHafnian/ThreePaper/RelativeAccuracy.lean:339:0: 'LogdetLean.GramHafnian.ThreePaper.RelativeAccuracy.collisionFreeExpectedDarkFraction' depends on axioms: [propext,
 Classical.choice,
 MatsumotoPaper.A4_matsumoto_theorem_3,
 Quot.sound,
 LogdetLean.GramHafnian.UltimateHiding.DenseScore.A2Prime_complexSymmetricTakagiWeyl_symmetricIntegration,
 LogdetLean.GramHafnian.UltimateHiding.DenseScore.A3_edelmanSutton_proposition_1_2,
 LogdetLean.GramHafnian.UltimateHiding.DenseScore.FriedmanMelloA1.matrixLaw_external]
info: LogdetLean/GramHafnian/ThreePaper/RelativeAccuracy.lean:340:0: 'LogdetLean.GramHafnian.ThreePaper.RelativeAccuracy.collisionFreeMostLabelsNotDark' depends on axioms: [propext,
 Classical.choice,
 MatsumotoPaper.A4_matsumoto_theorem_3,
 Quot.sound,
 LogdetLean.GramHafnian.UltimateHiding.DenseScore.A2Prime_complexSymmetricTakagiWeyl_symmetricIntegration,
 LogdetLean.GramHafnian.UltimateHiding.DenseScore.A3_edelmanSutton_proposition_1_2,
 LogdetLean.GramHafnian.UltimateHiding.DenseScore.FriedmanMelloA1.matrixLaw_external]
info: LogdetLean/GramHafnian/ThreePaper/RelativeAccuracy.lean:341:0: 'LogdetLean.GramHafnian.ThreePaper.RelativeAccuracy.randomLabelAdditiveToRelative' depends on axioms: [propext,
 Classical.choice,
 MatsumotoPaper.A4_matsumoto_theorem_3,
 Quot.sound,
 LogdetLean.GramHafnian.UltimateHiding.DenseScore.A2Prime_complexSymmetricTakagiWeyl_symmetricIntegration,
 LogdetLean.GramHafnian.UltimateHiding.DenseScore.A3_edelmanSutton_proposition_1_2,
 LogdetLean.GramHafnian.UltimateHiding.DenseScore.FriedmanMelloA1.matrixLaw_external]
info: LogdetLean/GramHafnian/ThreePaper/RelativeAccuracy.lean:342:0: 'LogdetLean.GramHafnian.ThreePaper.RelativeAccuracy.collisionFreeRandomLabelAdditiveToRelative' depends on axioms: [propext,
 Classical.choice,
 MatsumotoPaper.A4_matsumoto_theorem_3,
 Quot.sound,
 LogdetLean.GramHafnian.UltimateHiding.DenseScore.A2Prime_complexSymmetricTakagiWeyl_symmetricIntegration,
 LogdetLean.GramHafnian.UltimateHiding.DenseScore.A3_edelmanSutton_proposition_1_2,
 LogdetLean.GramHafnian.UltimateHiding.DenseScore.FriedmanMelloA1.matrixLaw_external]
info: LogdetLean/GramHafnian/ThreePaper/RelativeAccuracy.lean:343:0: 'LogdetLean.GramHafnian.ThreePaper.RelativeAccuracy.randomLabelFiniteErrorBudget' depends on axioms: [propext,
 Classical.choice,
 MatsumotoPaper.A4_matsumoto_theorem_3,
 Quot.sound,
 LogdetLean.GramHafnian.UltimateHiding.DenseScore.A2Prime_complexSymmetricTakagiWeyl_symmetricIntegration,
 LogdetLean.GramHafnian.UltimateHiding.DenseScore.A3_edelmanSutton_proposition_1_2,
 LogdetLean.GramHafnian.UltimateHiding.DenseScore.FriedmanMelloA1.matrixLaw_external]
info: LogdetLean/GramHafnian/ThreePaper/RelativeAccuracy.lean:344:0: 'LogdetLean.GramHafnian.ThreePaper.RelativeAccuracy.collisionFreeSamplerRelative' depends on axioms: [propext,
 Classical.choice,
 MatsumotoPaper.A4_matsumoto_theorem_3,
 Quot.sound,
 LogdetLean.GramHafnian.UltimateHiding.DenseScore.A2Prime_complexSymmetricTakagiWeyl_symmetricIntegration,
 LogdetLean.GramHafnian.UltimateHiding.DenseScore.A3_edelmanSutton_proposition_1_2,
 LogdetLean.GramHafnian.UltimateHiding.DenseScore.FriedmanMelloA1.matrixLaw_external]
info: LogdetLean/GramHafnian/ThreePaper/RelativeAccuracy.lean:345:0: 'LogdetLean.GramHafnian.ThreePaper.RelativeAccuracy.finiteHaarNormalizedPhysicalIntensityTail' depends on axioms: [propext,
 Classical.choice,
 MatsumotoPaper.A4_matsumoto_theorem_3,
 Quot.sound,
 LogdetLean.GramHafnian.UltimateHiding.DenseScore.A2Prime_complexSymmetricTakagiWeyl_symmetricIntegration,
 LogdetLean.GramHafnian.UltimateHiding.DenseScore.A3_edelmanSutton_proposition_1_2,
 LogdetLean.GramHafnian.UltimateHiding.DenseScore.FriedmanMelloA1.matrixLaw_external]
info: LogdetLean/GramHafnian/ThreePaper/RelativeAccuracy.lean:346:0: 'LogdetLean.GramHafnian.ThreePaper.RelativeAccuracy.sectorReferenceMass' depends on axioms: [propext,
 Classical.choice,
 Quot.sound]
info: LogdetLean/GramHafnian/ThreePaper/RelativeAccuracy.lean:347:0: 'LogdetLean.GramHafnian.ThreePaper.RelativeAccuracy.normalizedSectorProbability' depends on axioms: [propext,
 Classical.choice,
 Quot.sound]
ℹ [9580/9585] Built LogdetLean.GramHafnian.ThreePaper.RelativeAccuracyEndpointsAudit (3.5s)
info: LogdetLean/GramHafnian/ThreePaper/RelativeAccuracyEndpointsAudit.lean:14:0: LogdetLean.GramHafnian.LocalAnticoncentration.eq1_gbs_collision_free_probability (r : ℝ) (K n : ℕ)
  (A : Matrix (Fin (2 * n)) (Fin (2 * n)) ℂ) :
  LogdetLean.GramHafnian.LocalAnticoncentration.gbsCollisionFreePatternProbability r K n A =
    Real.tanh r ^ (2 * n) / Real.cosh r ^ K * Complex.normSq (LogdetLean.GramHafnian.hafnian A)
info: LogdetLean/GramHafnian/ThreePaper/RelativeAccuracyEndpointsAudit.lean:17:0: LogdetLean.GramHafnian.ThreePaper.UniformMatrixHiding.matrixLaw :
  LogdetLean.GramHafnian.UltimateHiding.UniformProductMatrixHidingSquaredAt 615172
info: LogdetLean/GramHafnian/ThreePaper/RelativeAccuracyEndpointsAudit.lean:20:0: LogdetLean.GramHafnian.LocalAnticoncentration.eq2_model (n k : ℕ) (X : LogdetLean.GramHafnian.ComplexColumnMatrix n k) :
  LogdetLean.GramHafnian.gramHafnianObservable n k X =
    LogdetLean.GramHafnian.gramHafnian (LogdetLean.GramHafnian.rowMatrix X)
info: LogdetLean/GramHafnian/ThreePaper/RelativeAccuracyEndpointsAudit.lean:21:0: LogdetLean.GramHafnian.LocalAnticoncentration.eq3_variance_is_actual_second_moment (k n : ℕ) (hk : 0 < k) :
  LogdetLean.GramHafnian.gramHafnianSigma k n ^ 2 = LogdetLean.GramHafnian.actualGramFirstMomentReal k n
info: LogdetLean/GramHafnian/ThreePaper/RelativeAccuracyEndpointsAudit.lean:22:0: LogdetLean.GramHafnian.LocalAnticoncentration.eq3_variance_product (k n : ℕ) (hk : 0 < k) :
  LogdetLean.GramHafnian.gramHafnianSigma k n ^ 2 =
    ↑(LogdetLean.GramHafnian.oddPairingNat n) * ∏ q ∈ Finset.range n, ↑(k + 2 * q)
info: LogdetLean/GramHafnian/ThreePaper/RelativeAccuracyEndpointsAudit.lean:23:0: LogdetLean.GramHafnian.ThreePaper.TwoMethodComparison.four_mul_pairCount_iff_two_mul_ambient (K n : ℕ) :
  4 * n ≤ K ↔ 2 * (2 * n) ≤ K
info: LogdetLean/GramHafnian/ThreePaper/RelativeAccuracyEndpointsAudit.lean:26:0: LogdetLean.GramHafnian.ThreePaper.GaussianAnticoncentration.shiftedSmallBall (n k : ℕ) (hn : 1 ≤ n) (hk : 4 * n ≤ k)
  (z : ℂ) (eps : ℝ) (heps : 0 ≤ eps) :
  LogdetLean.GramHafnian.gramHafnianShiftedSmallBallProbability k n z eps ≤
    min 1 (LogdetLean.GramHafnian.shiftedAnticoncentrationConstant k n * eps ^ 2)
info: LogdetLean/GramHafnian/ThreePaper/RelativeAccuracyEndpointsAudit.lean:29:0: LogdetLean.GramHafnian.LocalAnticoncentration.paperBkn_eq_product (k n : ℕ) (hn : 1 ≤ n) :
  LogdetLean.GramHafnian.LocalAnticoncentration.paperBkn k n =
    LogdetLean.GramHafnian.LocalAnticoncentration.paperBn n * (↑k / (↑k - 1)) *
      ∏ r ∈ Finset.Icc 2 n, (↑k + 2 * ↑r - 2) / (↑k - 4 * ↑r + 1)
info: LogdetLean/GramHafnian/ThreePaper/RelativeAccuracyEndpointsAudit.lean:30:0: LogdetLean.GramHafnian.LocalAnticoncentration.paperBn_eq_gamma (n : ℕ) :
  LogdetLean.GramHafnian.LocalAnticoncentration.paperBn n = 2 * Real.Gamma (↑n + 1 / 2) / (√Real.pi * Real.Gamma ↑n)
info: LogdetLean/GramHafnian/ThreePaper/RelativeAccuracyEndpointsAudit.lean:33:0: LogdetLean.GramHafnian.LocalAnticoncentration.paperBkn_le_uniform (k n : ℕ) (hn : 1 ≤ n) (hk : 4 * n ≤ k) :
  LogdetLean.GramHafnian.LocalAnticoncentration.paperBkn k n ≤ 4 * √↑n * Real.exp (32 * ↑n ^ 2 / ↑k)
info: LogdetLean/GramHafnian/ThreePaper/RelativeAccuracyEndpointsAudit.lean:37:0: LogdetLean.GramHafnian.ThreePaper.RelativeAccuracy.ShouSymmetricMatrixComparisonAt
  (H : LogdetLean.GramHafnian.LocalAnticoncentration.UnitaryHaarProbabilityFamily) (M N K : ℕ)
  (symmetricMatrixLaw : MeasureTheory.Measure (Matrix (Fin N) (Fin N) ℂ)) (Cprime : ℝ) : Prop
info: LogdetLean/GramHafnian/ThreePaper/RelativeAccuracyEndpointsAudit.lean:38:0: LogdetLean.GramHafnian.ThreePaper.RelativeAccuracy.ShouSymmetricMatrixComparisonAt.matrixLaw
  {H : LogdetLean.GramHafnian.LocalAnticoncentration.UnitaryHaarProbabilityFamily} {M N K : ℕ}
  {symmetricMatrixLaw : MeasureTheory.Measure (Matrix (Fin N) (Fin N) ℂ)} {Cprime : ℝ}
  (self :
    LogdetLean.GramHafnian.ThreePaper.RelativeAccuracy.ShouSymmetricMatrixComparisonAt H M N K symmetricMatrixLaw
      Cprime) :
  LogdetLean.GramHafnian.LocalAnticoncentration.probabilityTotalVariationLE
    (LogdetLean.GramHafnian.UltimateHiding.normalizedHaarTransposeGramLaw H M N K) symmetricMatrixLaw
    (LogdetLean.GramHafnian.ThreePaper.TwoMethodComparison.symmetricHidingEnvelope Cprime K N)
info: LogdetLean/GramHafnian/ThreePaper/RelativeAccuracyEndpointsAudit.lean:39:0: LogdetLean.GramHafnian.ThreePaper.TwoMethodComparison.symmetricHidingEnvelope (Cprime : ℝ) (K d : ℕ) : ℝ
info: LogdetLean/GramHafnian/ThreePaper/RelativeAccuracyEndpointsAudit.lean:40:0: LogdetLean.GramHafnian.ThreePaper.TwoMethodComparison.symmetricHidingEnvelope_eq_const_mul_ultimateHidingRate
  (Cprime : ℝ) (K d : ℕ) :
  LogdetLean.GramHafnian.ThreePaper.TwoMethodComparison.symmetricHidingEnvelope Cprime K d =
    Cprime * LogdetLean.GramHafnian.UltimateHiding.ultimateHidingRate K d
info: LogdetLean/GramHafnian/ThreePaper/RelativeAccuracyEndpointsAudit.lean:41:0: LogdetLean.GramHafnian.ThreePaper.TwoMethodComparison.symmetricHidingEnvelope_nonneg (Cprime : ℝ) (hCprime : 0 ≤ Cprime)
  (K d : ℕ) : 0 ≤ LogdetLean.GramHafnian.ThreePaper.TwoMethodComparison.symmetricHidingEnvelope Cprime K d
info: LogdetLean/GramHafnian/ThreePaper/RelativeAccuracyEndpointsAudit.lean:47:0: LogdetLean.GramHafnian.ThreePaper.TwoMethodComparison.symmetricHafnianVariance (n : ℕ) : ℝ
info: LogdetLean/GramHafnian/ThreePaper/RelativeAccuracyEndpointsAudit.lean:48:0: LogdetLean.GramHafnian.LocalAnticoncentration.paperBn (n : ℕ) : ℝ
info: LogdetLean/GramHafnian/ThreePaper/RelativeAccuracyEndpointsAudit.lean:49:0: LogdetLean.GramHafnian.ThreePaper.RelativeAccuracy.typeHafnian_congr_offDiagonal.{u_1, u_2} {α : Type u_1}
  {R : Type u_2} [Fintype α] [LinearOrder α] [CommSemiring R] (A B : Matrix α α R)
  (hAB : ∀ (i j : α), i ≠ j → A i j = B i j) :
  LogdetLean.GramHafnian.typeHafnian A = LogdetLean.GramHafnian.typeHafnian B
info: LogdetLean/GramHafnian/ThreePaper/RelativeAccuracyEndpointsAudit.lean:50:0: LogdetLean.GramHafnian.ThreePaper.RelativeAccuracy.hafnian_congr_offDiagonal.{u_1} {n : ℕ} {R : Type u_1}
  [CommSemiring R] (A B : Matrix (Fin (2 * n)) (Fin (2 * n)) R) (hAB : ∀ (i j : Fin (2 * n)), i ≠ j → A i j = B i j) :
  LogdetLean.GramHafnian.hafnian A = LogdetLean.GramHafnian.hafnian B
info: LogdetLean/GramHafnian/ThreePaper/RelativeAccuracyEndpointsAudit.lean:51:0: LogdetLean.GramHafnian.ThreePaper.RelativeAccuracy.measure_preimage_fst_eq_of_map_eq.{u_1, u_2} {X : Type u_1}
  {D : Type u_2} [MeasurableSpace X] [MeasurableSpace D] (μ : MeasureTheory.Measure (X × D))
  (ν : MeasureTheory.Measure X) (hmap : MeasureTheory.Measure.map Prod.fst μ = ν) (E : Set X) (hE : MeasurableSet E) :
  μ (Prod.fst ⁻¹' E) = ν E
info: LogdetLean/GramHafnian/ThreePaper/RelativeAccuracyEndpointsAudit.lean:54:0: LogdetLean.GramHafnian.ThreePaper.RelativeAccuracy.finiteHaarShiftedSmallBall
  (H : LogdetLean.GramHafnian.LocalAnticoncentration.UnitaryHaarProbabilityFamily) {M n K : ℕ} (hn : 1 ≤ n)
  (hK : 4 * n ≤ K) (hKM : K ≤ M) (z : ℂ) (eps : ℝ) (heps : 0 ≤ eps) :
  (LogdetLean.GramHafnian.LocalAnticoncentration.scaledHaarGramHafnianLaw H M n K).real
      (LogdetLean.GramHafnian.LocalAnticoncentration.shiftedComplexDisk z
        (eps * LogdetLean.GramHafnian.gramHafnianSigma K n)) ≤
    min 1
      (LogdetLean.GramHafnian.shiftedAnticoncentrationConstant K n * eps ^ 2 +
        615172 * LogdetLean.GramHafnian.UltimateHiding.ultimateSquaredHidingRate M (2 * n))
info: LogdetLean/GramHafnian/ThreePaper/RelativeAccuracyEndpointsAudit.lean:57:0: LogdetLean.GramHafnian.ThreePaper.RelativeAccuracy.routeTwoFiniteHaarShiftedSmallBall_of_shou
  {H : LogdetLean.GramHafnian.LocalAnticoncentration.UnitaryHaarProbabilityFamily} {Cprime : ℝ} {M n K : ℕ}
  {symmetricMatrixLaw : MeasureTheory.Measure (Matrix (Fin (2 * n)) (Fin (2 * n)) ℂ)} (hNK : 2 * n ≤ K) (hKM : K ≤ M)
  (hShou :
    LogdetLean.GramHafnian.ThreePaper.RelativeAccuracy.ShouSymmetricMatrixComparisonAt H M (2 * n) K symmetricMatrixLaw
      Cprime)
  (hSmallBall :
    LogdetLean.GramHafnian.ThreePaper.RelativeAccuracy.IndependentSymmetricHafnianSmallBallAt n symmetricMatrixLaw)
  (z : ℂ) (eps : ℝ) (heps : 0 ≤ eps) :
  (LogdetLean.GramHafnian.ThreePaper.RelativeAccuracy.routeTwoHaarHafnianLaw H M n K).real
      (LogdetLean.GramHafnian.LocalAnticoncentration.shiftedComplexDisk z
        (eps * √(LogdetLean.GramHafnian.ThreePaper.TwoMethodComparison.symmetricHafnianVariance n))) ≤
    min 1
      (LogdetLean.GramHafnian.LocalAnticoncentration.paperBn n * eps ^ 2 +
        LogdetLean.GramHafnian.ThreePaper.TwoMethodComparison.symmetricHidingEnvelope Cprime K (2 * n))
info: LogdetLean/GramHafnian/ThreePaper/RelativeAccuracyEndpointsAudit.lean:60:0: LogdetLean.GramHafnian.LocalAnticoncentration.gbsGaussianReferenceProbability (r : ℝ) (M K n : ℕ) : ℝ
info: LogdetLean/GramHafnian/ThreePaper/RelativeAccuracyEndpointsAudit.lean:61:0: LogdetLean.GramHafnian.LocalAnticoncentration.scaledGBSOpticalFactor (r : ℝ) (M K n : ℕ) : ℝ
info: LogdetLean/GramHafnian/ThreePaper/RelativeAccuracyEndpointsAudit.lean:62:0: LogdetLean.GramHafnian.ThreePaper.RelativeAccuracy.exactSectorScaleIdentity (r : ℝ) (M K n : ℕ) (w : ℂ) :
  LogdetLean.GramHafnian.LocalAnticoncentration.gbsProbabilityFromScaledAmplitude r M K n w *
      LogdetLean.GramHafnian.gramHafnianSigma K n ^ 2 =
    LogdetLean.GramHafnian.LocalAnticoncentration.gbsGaussianReferenceProbability r M K n * Complex.normSq w
info: LogdetLean/GramHafnian/ThreePaper/RelativeAccuracyEndpointsAudit.lean:63:0: LogdetLean.GramHafnian.ThreePaper.RelativeAccuracy.hafnian_const_mul (n : ℕ) (c : ℂ)
  (A : Matrix (Fin (2 * n)) (Fin (2 * n)) ℂ) :
  (LogdetLean.GramHafnian.hafnian fun i j => c * A i j) = c ^ n * LogdetLean.GramHafnian.hafnian A
info: LogdetLean/GramHafnian/ThreePaper/RelativeAccuracyEndpointsAudit.lean:64:0: LogdetLean.GramHafnian.ThreePaper.RelativeAccuracy.gbsProbability_div_reference_eq_scaledHafnian {r : ℝ} (hr : 0 < r)
  {M K : ℕ} (hM : 0 < M) (hK : 0 < K) (n : ℕ) (A : Matrix (Fin (2 * n)) (Fin (2 * n)) ℂ) :
  LogdetLean.GramHafnian.LocalAnticoncentration.gbsCollisionFreePatternProbability r K n A /
      LogdetLean.GramHafnian.LocalAnticoncentration.gbsGaussianReferenceProbability r M K n =
    Complex.normSq (LogdetLean.GramHafnian.hafnian fun i j => ↑M * A i j) /
      LogdetLean.GramHafnian.gramHafnianSigma K n ^ 2
info: LogdetLean/GramHafnian/ThreePaper/RelativeAccuracyEndpointsAudit.lean:67:0: LogdetLean.GramHafnian.ThreePaper.RelativeAccuracy.gbsSmallDenominator
  (H : LogdetLean.GramHafnian.LocalAnticoncentration.UnitaryHaarProbabilityFamily) {r : ℝ} (hr : 0 < r) {M n K : ℕ}
  (hn : 1 ≤ n) (hK : 4 * n ≤ K) (hKM : K ≤ M) {t : ℝ} (ht : 0 ≤ t) :
  (LogdetLean.GramHafnian.LocalAnticoncentration.scaledHaarGramHafnianLaw H M n K).real
      (LogdetLean.GramHafnian.LocalAnticoncentration.scaledAmplitudeSmallDenominatorSet r M K n t) ≤
    min 1
      (LogdetLean.GramHafnian.shiftedAnticoncentrationConstant K n * t +
        615172 * LogdetLean.GramHafnian.UltimateHiding.ultimateSquaredHidingRate M (2 * n))
info: LogdetLean/GramHafnian/ThreePaper/RelativeAccuracyEndpointsAudit.lean:70:0: LogdetLean.GramHafnian.ThreePaper.TwoMethodComparison.symmetricGaussianReferenceProbability (r : ℝ) (M K n : ℕ) : ℝ
info: LogdetLean/GramHafnian/ThreePaper/RelativeAccuracyEndpointsAudit.lean:71:0: LogdetLean.GramHafnian.ThreePaper.TwoMethodComparison.symmetricHafnianVariance (n : ℕ) : ℝ
info: LogdetLean/GramHafnian/ThreePaper/RelativeAccuracyEndpointsAudit.lean:74:0: LogdetLean.GramHafnian.ThreePaper.TwoMethodComparison.dimensionProduct_eq_pow_mul_varianceRatio (K n : ℕ) (hK : 0 < K)
  (hn : 1 ≤ n) :
  LogdetLean.GramHafnian.dimensionProduct K n =
    ↑K ^ n * LogdetLean.GramHafnian.ThreePaper.TwoMethodComparison.gramToSymmetricVarianceRatio K n
info: LogdetLean/GramHafnian/ThreePaper/RelativeAccuracyEndpointsAudit.lean:75:0: LogdetLean.GramHafnian.ThreePaper.TwoMethodComparison.gramReferenceProbability_eq_ratio_mul_symmetricReference (r : ℝ)
  (M K n : ℕ) (hK : 0 < K) (hn : 1 ≤ n) :
  LogdetLean.GramHafnian.LocalAnticoncentration.gbsGaussianReferenceProbability r M K n =
    LogdetLean.GramHafnian.ThreePaper.TwoMethodComparison.gramToSymmetricVarianceRatio K n *
      LogdetLean.GramHafnian.ThreePaper.TwoMethodComparison.symmetricGaussianReferenceProbability r M K n
info: LogdetLean/GramHafnian/ThreePaper/RelativeAccuracyEndpointsAudit.lean:78:0: LogdetLean.GramHafnian.ThreePaper.RelativeAccuracy.routeTwoPhysicalSmallDenominator_of_shou
  {H : LogdetLean.GramHafnian.LocalAnticoncentration.UnitaryHaarProbabilityFamily} {Cprime pRefTwo : ℝ} {M n K : ℕ}
  {symmetricMatrixLaw : MeasureTheory.Measure (Matrix (Fin (2 * n)) (Fin (2 * n)) ℂ)} (hn : 1 ≤ n) (hNK : 2 * n ≤ K)
  (hKM : K ≤ M) (hpRefTwo : 0 < pRefTwo)
  (hShou :
    LogdetLean.GramHafnian.ThreePaper.RelativeAccuracy.ShouSymmetricMatrixComparisonAt H M (2 * n) K symmetricMatrixLaw
      Cprime)
  (hSmallBall :
    LogdetLean.GramHafnian.ThreePaper.RelativeAccuracy.IndependentSymmetricHafnianSmallBallAt n symmetricMatrixLaw)
  {t : ℝ} (ht : 0 ≤ t) :
  (LogdetLean.GramHafnian.ThreePaper.RelativeAccuracy.routeTwoHaarHafnianLaw H M n K).real
      {w |
        LogdetLean.GramHafnian.ThreePaper.RelativeAccuracy.routeTwoPhysicalProbabilityFromNormalizedHafnian pRefTwo n
            w ≤
          t * pRefTwo} ≤
    min 1
      (LogdetLean.GramHafnian.LocalAnticoncentration.paperBn n * t +
        LogdetLean.GramHafnian.ThreePaper.TwoMethodComparison.symmetricHidingEnvelope Cprime K (2 * n))
info: LogdetLean/GramHafnian/ThreePaper/RelativeAccuracyEndpointsAudit.lean:81:0: LogdetLean.GramHafnian.ThreePaper.FairAbsoluteThresholdComparison.relativeFailureEvent_subset_absolute_additive_union_denominator.{u_1}
  {Ω : Type u_1} (deltaP p : Ω → ℝ) (tau rho : ℝ) :
  LogdetLean.GramHafnian.LocalAnticoncentration.relativeFailureEvent deltaP p rho ⊆
    LogdetLean.GramHafnian.ThreePaper.FairAbsoluteThresholdComparison.absoluteAdditiveFailureEvent deltaP tau ∪
      LogdetLean.GramHafnian.ThreePaper.FairAbsoluteThresholdComparison.absoluteSmallDenominatorEvent p tau rho
info: LogdetLean/GramHafnian/ThreePaper/RelativeAccuracyEndpointsAudit.lean:82:0: LogdetLean.GramHafnian.ThreePaper.FairAbsoluteThresholdComparison.relativeFailureEvent_subset_absolute_additive_union_dividedDenominator.{u_1}
  {Ω : Type u_1} (deltaP p : Ω → ℝ) (tau rho : ℝ) (hrho : 0 < rho) :
  LogdetLean.GramHafnian.LocalAnticoncentration.relativeFailureEvent deltaP p rho ⊆
    LogdetLean.GramHafnian.ThreePaper.FairAbsoluteThresholdComparison.absoluteAdditiveFailureEvent deltaP tau ∪
      {ω | p ω ≤ tau / rho}
info: LogdetLean/GramHafnian/ThreePaper/RelativeAccuracyEndpointsAudit.lean:86:0: LogdetLean.GramHafnian.LocalAnticoncentration.selectedRowsUnitaryBlock_map_eq_topLeftUnitaryBlock_map
  (H : LogdetLean.GramHafnian.LocalAnticoncentration.UnitaryHaarProbabilityFamily) {M N K : ℕ} (hNM : N ≤ M)
  (hKM : K ≤ M) (rows : Fin N ↪ Fin M) :
  MeasureTheory.Measure.map (LogdetLean.GramHafnian.LocalAnticoncentration.selectedRowsUnitaryBlock hKM rows)
      (H.law M) =
    MeasureTheory.Measure.map (LogdetLean.GramHafnian.LocalAnticoncentration.topLeftUnitaryBlock hNM hKM) (H.law M)
info: LogdetLean/GramHafnian/ThreePaper/RelativeAccuracyEndpointsAudit.lean:87:0: LogdetLean.GramHafnian.ThreePaper.RelativeAccuracy.map_collisionFreeHafnianAmplitude_eq_scaledHaar
  (H : LogdetLean.GramHafnian.LocalAnticoncentration.UnitaryHaarProbabilityFamily) (M K n : ℕ) (hNM : 2 * n ≤ M)
  (hKM : K ≤ M) (S : LogdetLean.GramHafnian.ThreePaper.RelativeAccuracy.CollisionFreeLabel M (2 * n)) :
  MeasureTheory.Measure.map
      (fun U => LogdetLean.GramHafnian.ThreePaper.RelativeAccuracy.collisionFreeHafnianAmplitude M K n hKM U S)
      (H.law M) =
    LogdetLean.GramHafnian.LocalAnticoncentration.scaledHaarGramHafnianLaw H M n K
info: LogdetLean/GramHafnian/ThreePaper/RelativeAccuracyEndpointsAudit.lean:88:0: LogdetLean.GramHafnian.ThreePaper.RelativeAccuracy.collisionFreeDarkEvent_probability_le
  (H : LogdetLean.GramHafnian.LocalAnticoncentration.UnitaryHaarProbabilityFamily) {r : ℝ} (hr : 0 < r) (M K n : ℕ)
  (hn : 1 ≤ n) (hKanti : 4 * n ≤ K) (hKM : K ≤ M) {t : ℝ} (ht : 0 ≤ t)
  (S : LogdetLean.GramHafnian.ThreePaper.RelativeAccuracy.CollisionFreeLabel M (2 * n)) :
  (H.law M).real (LogdetLean.GramHafnian.ThreePaper.RelativeAccuracy.collisionFreeDarkEvent r M K n hKM t S) ≤
    LogdetLean.GramHafnian.ThreePaper.RelativeAccuracy.darkLabelError M (2 * n) K n t
info: LogdetLean/GramHafnian/ThreePaper/RelativeAccuracyEndpointsAudit.lean:89:0: LogdetLean.GramHafnian.ThreePaper.RelativeAccuracy.collisionFreeRandomLabelAdditiveToRelative.{u_1} {Omega : Type u_1}
  [MeasurableSpace Omega] {M K n : ℕ} (mu : MeasureTheory.Measure Omega) [MeasureTheory.IsProbabilityMeasure mu]
  (labelCircuit :
    Omega →
      LogdetLean.GramHafnian.ThreePaper.RelativeAccuracy.CollisionFreeLabel M (2 * n) ×
        ↥(Matrix.unitaryGroup (Fin M) ℂ))
  (hlabelCircuit : Measurable labelCircuit) (deltaP : Omega → ℝ)
  (H : LogdetLean.GramHafnian.LocalAnticoncentration.UnitaryHaarProbabilityFamily) {r : ℝ} (hr : 0 < r) (hn : 1 ≤ n)
  (hKanti : 4 * n ≤ K) (hKM : K ≤ M) {eta rho gamma : ℝ} (heta : 0 ≤ eta) (hrho : 0 < rho) (hgamma : 0 ≤ gamma)
  (hjoint :
    MeasureTheory.Measure.map labelCircuit mu =
      LogdetLean.GramHafnian.ThreePaper.RelativeAccuracy.haarUniformCollisionFreeLaw H ⋯)
  (hadd :
    mu.real
        (LogdetLean.GramHafnian.LocalAnticoncentration.additiveFailureEvent deltaP eta
          (LogdetLean.GramHafnian.LocalAnticoncentration.gbsGaussianReferenceProbability r M K n)) ≤
      gamma) :
  mu.real
      (LogdetLean.GramHafnian.LocalAnticoncentration.relativeFailureEvent deltaP
        (fun omega =>
          LogdetLean.GramHafnian.LocalAnticoncentration.gbsProbabilityFromScaledAmplitude r M K n
            (LogdetLean.GramHafnian.ThreePaper.RelativeAccuracy.haarUniformCollisionFreeAmplitude M K n hKM
              (labelCircuit omega)))
        rho) ≤
    min 1
      (gamma + LogdetLean.GramHafnian.shiftedAnticoncentrationConstant K n * (eta / rho) +
        LogdetLean.GramHafnian.ThreePaper.UniformMatrixHiding.hidingRemainder M (2 * n))
info: LogdetLean/GramHafnian/ThreePaper/RelativeAccuracyEndpointsAudit.lean:92:0: LogdetLean.GramHafnian.ThreePaper.FairAbsoluteThresholdComparison.relativeFailureEvent_subset_absolute_additive_union_denominator.{u_1}
  {Ω : Type u_1} (deltaP p : Ω → ℝ) (tau rho : ℝ) :
  LogdetLean.GramHafnian.LocalAnticoncentration.relativeFailureEvent deltaP p rho ⊆
    LogdetLean.GramHafnian.ThreePaper.FairAbsoluteThresholdComparison.absoluteAdditiveFailureEvent deltaP tau ∪
      LogdetLean.GramHafnian.ThreePaper.FairAbsoluteThresholdComparison.absoluteSmallDenominatorEvent p tau rho
info: LogdetLean/GramHafnian/ThreePaper/RelativeAccuracyEndpointsAudit.lean:93:0: LogdetLean.GramHafnian.ThreePaper.FairAbsoluteThresholdComparison.absoluteAdditiveToRelativeProbability_le.{u_1}
  {Ω : Type u_1} [MeasurableSpace Ω] (mu : MeasureTheory.Measure Ω) [MeasureTheory.IsProbabilityMeasure mu]
  (deltaP p : Ω → ℝ) {tau rho additiveFailureAtTau smallDenominatorBound : ℝ}
  (hadd :
    mu.real
        (LogdetLean.GramHafnian.ThreePaper.FairAbsoluteThresholdComparison.absoluteAdditiveFailureEvent deltaP tau) ≤
      additiveFailureAtTau)
  (hdenominator :
    mu.real
        (LogdetLean.GramHafnian.ThreePaper.FairAbsoluteThresholdComparison.absoluteSmallDenominatorEvent p tau rho) ≤
      smallDenominatorBound) :
  mu.real (LogdetLean.GramHafnian.LocalAnticoncentration.relativeFailureEvent deltaP p rho) ≤
    min 1 (additiveFailureAtTau + smallDenominatorBound)
info: LogdetLean/GramHafnian/ThreePaper/RelativeAccuracyEndpointsAudit.lean:94:0: LogdetLean.GramHafnian.ThreePaper.FairAbsoluteThresholdComparison.relativeFailureProbability_le_routeOneFairBound.{u_1}
  {Ω : Type u_1} [MeasurableSpace Ω] (mu : MeasureTheory.Measure Ω) [MeasureTheory.IsProbabilityMeasure mu]
  (deltaP p : Ω → ℝ) {additiveFailureAtTau tau rho p₁ : ℝ} {M K n : ℕ}
  (hadd :
    mu.real
        (LogdetLean.GramHafnian.ThreePaper.FairAbsoluteThresholdComparison.absoluteAdditiveFailureEvent deltaP tau) ≤
      additiveFailureAtTau)
  (hdenominator :
    mu.real
        (LogdetLean.GramHafnian.ThreePaper.FairAbsoluteThresholdComparison.absoluteSmallDenominatorEvent p tau rho) ≤
      LogdetLean.GramHafnian.LocalAnticoncentration.paperBkn K n *
          LogdetLean.GramHafnian.ThreePaper.FairAbsoluteThresholdComparison.commonAbsoluteThresholdRatio tau rho p₁ +
        LogdetLean.GramHafnian.ThreePaper.FairAbsoluteThresholdComparison.routeOneExplicitHidingTerm M (2 * n)) :
  mu.real (LogdetLean.GramHafnian.LocalAnticoncentration.relativeFailureEvent deltaP p rho) ≤
    LogdetLean.GramHafnian.ThreePaper.FairAbsoluteThresholdComparison.routeOneFairAbsoluteThresholdBound
      additiveFailureAtTau M K n tau rho p₁
info: LogdetLean/GramHafnian/ThreePaper/RelativeAccuracyEndpointsAudit.lean:95:0: LogdetLean.GramHafnian.ThreePaper.FairAbsoluteThresholdComparison.relativeFailureProbability_le_routeTwoFairExplicitBound.{u_1}
  {Ω : Type u_1} [MeasurableSpace Ω] (mu : MeasureTheory.Measure Ω) [MeasureTheory.IsProbabilityMeasure mu]
  (deltaP p : Ω → ℝ) {additiveFailureAtTau Cprime tau rho p₁ : ℝ} {K N n : ℕ}
  (hadd :
    mu.real
        (LogdetLean.GramHafnian.ThreePaper.FairAbsoluteThresholdComparison.absoluteAdditiveFailureEvent deltaP tau) ≤
      additiveFailureAtTau)
  (hdenominator :
    mu.real
        (LogdetLean.GramHafnian.ThreePaper.FairAbsoluteThresholdComparison.absoluteSmallDenominatorEvent p tau rho) ≤
      LogdetLean.GramHafnian.LocalAnticoncentration.paperBn n *
            LogdetLean.GramHafnian.ThreePaper.TwoMethodComparison.gramToSymmetricVarianceRatio K n *
          LogdetLean.GramHafnian.ThreePaper.FairAbsoluteThresholdComparison.commonAbsoluteThresholdRatio tau rho p₁ +
        LogdetLean.GramHafnian.ThreePaper.TwoMethodComparison.symmetricHidingEnvelope Cprime K N) :
  mu.real (LogdetLean.GramHafnian.LocalAnticoncentration.relativeFailureEvent deltaP p rho) ≤
    min 1
      (additiveFailureAtTau +
          LogdetLean.GramHafnian.LocalAnticoncentration.paperBn n *
              LogdetLean.GramHafnian.ThreePaper.TwoMethodComparison.gramToSymmetricVarianceRatio K n *
            LogdetLean.GramHafnian.ThreePaper.FairAbsoluteThresholdComparison.commonAbsoluteThresholdRatio tau rho p₁ +
        Cprime * ↑N / √↑K)
info: LogdetLean/GramHafnian/ThreePaper/RelativeAccuracyEndpointsAudit.lean:96:0: LogdetLean.GramHafnian.ThreePaper.FairAbsoluteThresholdComparison.relativeFailureProbability_le_bestFairBound.{u_1}
  {Ω : Type u_1} [MeasurableSpace Ω] (mu : MeasureTheory.Measure Ω) [MeasureTheory.IsProbabilityMeasure mu]
  (deltaP p : Ω → ℝ) {additiveFailureAtTau tau rho p₁ symmetricHidingError : ℝ} {M K n : ℕ}
  (hadd :
    mu.real
        (LogdetLean.GramHafnian.ThreePaper.FairAbsoluteThresholdComparison.absoluteAdditiveFailureEvent deltaP tau) ≤
      additiveFailureAtTau)
  (hrouteOneDenominator :
    mu.real
        (LogdetLean.GramHafnian.ThreePaper.FairAbsoluteThresholdComparison.absoluteSmallDenominatorEvent p tau rho) ≤
      LogdetLean.GramHafnian.LocalAnticoncentration.paperBkn K n *
          LogdetLean.GramHafnian.ThreePaper.FairAbsoluteThresholdComparison.commonAbsoluteThresholdRatio tau rho p₁ +
        LogdetLean.GramHafnian.ThreePaper.FairAbsoluteThresholdComparison.routeOneExplicitHidingTerm M (2 * n))
  (hrouteTwoDenominator :
    mu.real
        (LogdetLean.GramHafnian.ThreePaper.FairAbsoluteThresholdComparison.absoluteSmallDenominatorEvent p tau rho) ≤
      LogdetLean.GramHafnian.LocalAnticoncentration.paperBn n *
            LogdetLean.GramHafnian.ThreePaper.TwoMethodComparison.gramToSymmetricVarianceRatio K n *
          LogdetLean.GramHafnian.ThreePaper.FairAbsoluteThresholdComparison.commonAbsoluteThresholdRatio tau rho p₁ +
        symmetricHidingError) :
  mu.real (LogdetLean.GramHafnian.LocalAnticoncentration.relativeFailureEvent deltaP p rho) ≤
    LogdetLean.GramHafnian.ThreePaper.FairAbsoluteThresholdComparison.bestFairAbsoluteThresholdBound
      additiveFailureAtTau M K n tau rho p₁ symmetricHidingError
info: LogdetLean/GramHafnian/ThreePaper/RelativeAccuracyEndpointsAudit.lean:97:0: LogdetLean.GramHafnian.ThreePaper.FairAbsoluteThresholdComparison.routeTwoFairAbsoluteThresholdBound_explicit
  (additiveFailureAtTau Cprime tau rho p₁ : ℝ) (K N n : ℕ) :
  LogdetLean.GramHafnian.ThreePaper.FairAbsoluteThresholdComparison.routeTwoFairAbsoluteThresholdBound
      additiveFailureAtTau K n tau rho p₁
      (LogdetLean.GramHafnian.ThreePaper.TwoMethodComparison.symmetricHidingEnvelope Cprime K N) =
    min 1
      (additiveFailureAtTau +
          LogdetLean.GramHafnian.LocalAnticoncentration.paperBn n *
              LogdetLean.GramHafnian.ThreePaper.TwoMethodComparison.gramToSymmetricVarianceRatio K n *
            LogdetLean.GramHafnian.ThreePaper.FairAbsoluteThresholdComparison.commonAbsoluteThresholdRatio tau rho p₁ +
        Cprime * ↑N / √↑K)
info: LogdetLean/GramHafnian/ThreePaper/RelativeAccuracyEndpointsAudit.lean:98:0: LogdetLean.GramHafnian.ThreePaper.FairAbsoluteThresholdComparison.symmetricThreshold_eq_ratio_mul_commonThreshold
  {tau rho p₁ p₂ R : ℝ} (hrho : rho ≠ 0) (hp₂ : p₂ ≠ 0) (hR : R ≠ 0) (hreference : p₁ = R * p₂) :
  tau / p₂ / rho =
    R * LogdetLean.GramHafnian.ThreePaper.FairAbsoluteThresholdComparison.commonAbsoluteThresholdRatio tau rho p₁
info: LogdetLean/GramHafnian/ThreePaper/RelativeAccuracyEndpointsAudit.lean:99:0: LogdetLean.GramHafnian.ThreePaper.FairAbsoluteThresholdComparison.physicalReferences_obey_fair_scale_identity (r : ℝ)
  (M K n : ℕ) (hK : 0 < K) (hn : 1 ≤ n) :
  LogdetLean.GramHafnian.LocalAnticoncentration.gbsGaussianReferenceProbability r M K n =
    LogdetLean.GramHafnian.ThreePaper.TwoMethodComparison.gramToSymmetricVarianceRatio K n *
      LogdetLean.GramHafnian.ThreePaper.TwoMethodComparison.symmetricGaussianReferenceProbability r M K n
info: LogdetLean/GramHafnian/ThreePaper/RelativeAccuracyEndpointsAudit.lean:100:0: LogdetLean.GramHafnian.ThreePaper.RelativeAccuracy.routeTwoFairRelativeFailure_of_shou.{u_1} {Omega : Type u_1}
  [MeasurableSpace Omega] (mu : MeasureTheory.Measure Omega) [MeasureTheory.IsProbabilityMeasure mu]
  (deltaP : Omega → ℝ) (amplitude : Omega → ℂ) (hamplitude : Measurable amplitude)
  {H : LogdetLean.GramHafnian.LocalAnticoncentration.UnitaryHaarProbabilityFamily}
  {Cprime pRefOne pRefTwo tau rho additiveFailureAtTau : ℝ} {M n K : ℕ}
  {symmetricMatrixLaw : MeasureTheory.Measure (Matrix (Fin (2 * n)) (Fin (2 * n)) ℂ)} (hn : 1 ≤ n) (hNK : 2 * n ≤ K)
  (hKM : K ≤ M) (hpRefOne : 0 < pRefOne) (hpRefTwo : 0 < pRefTwo) (htau : 0 ≤ tau) (hrho : 0 < rho)
  (hreference :
    pRefOne = LogdetLean.GramHafnian.ThreePaper.TwoMethodComparison.gramToSymmetricVarianceRatio K n * pRefTwo)
  (hShou :
    LogdetLean.GramHafnian.ThreePaper.RelativeAccuracy.ShouSymmetricMatrixComparisonAt H M (2 * n) K symmetricMatrixLaw
      Cprime)
  (hSmallBall :
    LogdetLean.GramHafnian.ThreePaper.RelativeAccuracy.IndependentSymmetricHafnianSmallBallAt n symmetricMatrixLaw)
  (hmarginal :
    MeasureTheory.Measure.map amplitude mu =
      LogdetLean.GramHafnian.ThreePaper.RelativeAccuracy.routeTwoHaarHafnianLaw H M n K)
  (hadd :
    mu.real
        (LogdetLean.GramHafnian.ThreePaper.FairAbsoluteThresholdComparison.absoluteAdditiveFailureEvent deltaP tau) ≤
      additiveFailureAtTau) :
  mu.real
      (LogdetLean.GramHafnian.LocalAnticoncentration.relativeFailureEvent deltaP
        (fun omega =>
          LogdetLean.GramHafnian.ThreePaper.RelativeAccuracy.routeTwoPhysicalProbabilityFromNormalizedHafnian pRefTwo n
            (amplitude omega))
        rho) ≤
    min 1
      (additiveFailureAtTau +
          LogdetLean.GramHafnian.LocalAnticoncentration.paperBn n *
              LogdetLean.GramHafnian.ThreePaper.TwoMethodComparison.gramToSymmetricVarianceRatio K n *
            LogdetLean.GramHafnian.ThreePaper.FairAbsoluteThresholdComparison.commonAbsoluteThresholdRatio tau rho
              pRefOne +
        Cprime * ↑(2 * n) / √↑K)
info: LogdetLean/GramHafnian/ThreePaper/RelativeAccuracyEndpointsAudit.lean:103:0: LogdetLean.GramHafnian.ThreePaper.FairAbsoluteThresholdComparison.polynomialRelativeThreshold (N : ℕ) (a : ℝ) : ℝ
info: LogdetLean/GramHafnian/ThreePaper/RelativeAccuracyEndpointsAudit.lean:104:0: LogdetLean.GramHafnian.ThreePaper.FairAbsoluteThresholdComparison.routeOneFairBound_of_polynomialThreshold
  (additiveFailureAtTau : ℝ) (M K n : ℕ) (tau rho p₁ a : ℝ)
  (hthreshold :
    LogdetLean.GramHafnian.ThreePaper.FairAbsoluteThresholdComparison.commonAbsoluteThresholdRatio tau rho p₁ =
      LogdetLean.GramHafnian.ThreePaper.FairAbsoluteThresholdComparison.polynomialRelativeThreshold (2 * n) a) :
  LogdetLean.GramHafnian.ThreePaper.FairAbsoluteThresholdComparison.routeOneFairAbsoluteThresholdBound
      additiveFailureAtTau M K n tau rho p₁ =
    min 1
      (additiveFailureAtTau +
          LogdetLean.GramHafnian.LocalAnticoncentration.paperBkn K n *
            LogdetLean.GramHafnian.ThreePaper.FairAbsoluteThresholdComparison.polynomialRelativeThreshold (2 * n) a +
        LogdetLean.GramHafnian.ThreePaper.FairAbsoluteThresholdComparison.routeOneExplicitHidingTerm M (2 * n))
info: LogdetLean/GramHafnian/ThreePaper/RelativeAccuracyEndpointsAudit.lean:105:0: LogdetLean.GramHafnian.ThreePaper.FairAbsoluteThresholdComparison.routeTwoFairBound_of_polynomialThreshold_explicit
  (additiveFailureAtTau Cprime : ℝ) (K N n : ℕ) (tau rho p₁ a : ℝ)
  (hthreshold :
    LogdetLean.GramHafnian.ThreePaper.FairAbsoluteThresholdComparison.commonAbsoluteThresholdRatio tau rho p₁ =
      LogdetLean.GramHafnian.ThreePaper.FairAbsoluteThresholdComparison.polynomialRelativeThreshold (2 * n) a) :
  LogdetLean.GramHafnian.ThreePaper.FairAbsoluteThresholdComparison.routeTwoFairAbsoluteThresholdBound
      additiveFailureAtTau K n tau rho p₁
      (LogdetLean.GramHafnian.ThreePaper.TwoMethodComparison.symmetricHidingEnvelope Cprime K N) =
    min 1
      (additiveFailureAtTau +
          LogdetLean.GramHafnian.LocalAnticoncentration.paperBn n *
              LogdetLean.GramHafnian.ThreePaper.TwoMethodComparison.gramToSymmetricVarianceRatio K n *
            LogdetLean.GramHafnian.ThreePaper.FairAbsoluteThresholdComparison.polynomialRelativeThreshold (2 * n) a +
        Cprime * ↑N / √↑K)
info: LogdetLean/GramHafnian/ThreePaper/RelativeAccuracyEndpointsAudit.lean:106:0: LogdetLean.GramHafnian.ThreePaper.FairAbsoluteThresholdComparison.bothFairBounds_of_polynomialThreshold
  (additiveFailureAtTau : ℝ) (M K n : ℕ) (tau rho p₁ symmetricHidingError a : ℝ)
  (hthreshold :
    LogdetLean.GramHafnian.ThreePaper.FairAbsoluteThresholdComparison.commonAbsoluteThresholdRatio tau rho p₁ =
      LogdetLean.GramHafnian.ThreePaper.FairAbsoluteThresholdComparison.polynomialRelativeThreshold (2 * n) a) :
  LogdetLean.GramHafnian.ThreePaper.FairAbsoluteThresholdComparison.routeOneFairAbsoluteThresholdBound
        additiveFailureAtTau M K n tau rho p₁ =
      min 1
        (additiveFailureAtTau +
            LogdetLean.GramHafnian.LocalAnticoncentration.paperBkn K n *
              LogdetLean.GramHafnian.ThreePaper.FairAbsoluteThresholdComparison.polynomialRelativeThreshold (2 * n) a +
          LogdetLean.GramHafnian.ThreePaper.FairAbsoluteThresholdComparison.routeOneExplicitHidingTerm M (2 * n)) ∧
    LogdetLean.GramHafnian.ThreePaper.FairAbsoluteThresholdComparison.routeTwoFairAbsoluteThresholdBound
        additiveFailureAtTau K n tau rho p₁ symmetricHidingError =
      min 1
        (additiveFailureAtTau +
            LogdetLean.GramHafnian.LocalAnticoncentration.paperBn n *
                LogdetLean.GramHafnian.ThreePaper.TwoMethodComparison.gramToSymmetricVarianceRatio K n *
              LogdetLean.GramHafnian.ThreePaper.FairAbsoluteThresholdComparison.polynomialRelativeThreshold (2 * n) a +
          symmetricHidingError)
info: LogdetLean/GramHafnian/ThreePaper/RelativeAccuracyEndpointsAudit.lean:109:0: LogdetLean.GramHafnian.ThreePaper.TwoMethodComparison.finiteCoefficient_div_limit_mul_ratio (K n : ℕ) (hn : 1 ≤ n)
  (hK : 4 * n ≤ K) :
  LogdetLean.GramHafnian.LocalAnticoncentration.paperBkn K n /
      (LogdetLean.GramHafnian.LocalAnticoncentration.paperBn n *
        LogdetLean.GramHafnian.ThreePaper.TwoMethodComparison.gramToSymmetricVarianceRatio K n) =
    LogdetLean.GramHafnian.ThreePaper.TwoMethodComparison.coefficientComparisonPenalty K n
info: LogdetLean/GramHafnian/ThreePaper/RelativeAccuracyEndpointsAudit.lean:110:0: LogdetLean.GramHafnian.ThreePaper.TwoMethodComparison.one_lt_coefficientComparisonPenalty (K n : ℕ) (hn : 1 ≤ n)
  (hK : 4 * n ≤ K) : 1 < LogdetLean.GramHafnian.ThreePaper.TwoMethodComparison.coefficientComparisonPenalty K n
info: LogdetLean/GramHafnian/ThreePaper/RelativeAccuracyEndpointsAudit.lean:111:0: LogdetLean.GramHafnian.ThreePaper.TwoMethodComparison.limit_mul_ratio_lt_finiteCoefficient (K n : ℕ) (hn : 1 ≤ n)
  (hK : 4 * n ≤ K) :
  LogdetLean.GramHafnian.LocalAnticoncentration.paperBn n *
      LogdetLean.GramHafnian.ThreePaper.TwoMethodComparison.gramToSymmetricVarianceRatio K n <
    LogdetLean.GramHafnian.LocalAnticoncentration.paperBkn K n
info: LogdetLean/GramHafnian/ThreePaper/RelativeAccuracyEndpointsAudit.lean:114:0: LogdetLean.GramHafnian.ThreePaper.TwoMethodComparison.coefficientTriple_isBigO_ambientLogScale (K : ℕ → ℕ) {kappa : ℝ}
  (hkappa : 0 < kappa) (hK4 : ∀ᶠ (n : ℕ) in Filter.atTop, 4 * n ≤ K n)
  (hscale : ∀ᶠ (n : ℕ) in Filter.atTop, ↑(2 * n) ^ 2 / ↑(K n) ≤ kappa * Real.log ↑(2 * n)) :
  ((fun n => LogdetLean.GramHafnian.LocalAnticoncentration.paperBkn (K n) n) =O[Filter.atTop] fun n =>
      ↑(2 * n) ^ (1 / 2 + 3 * kappa / 4)) ∧
    ((fun n =>
          LogdetLean.GramHafnian.ThreePaper.TwoMethodComparison.gramToSymmetricVarianceRatio (K n) n) =O[Filter.atTop]
        fun n => ↑(2 * n) ^ (kappa / 4)) ∧
      (fun n =>
          LogdetLean.GramHafnian.LocalAnticoncentration.paperBn n *
            LogdetLean.GramHafnian.ThreePaper.TwoMethodComparison.gramToSymmetricVarianceRatio (K n) n) =O[Filter.atTop]
        fun n => ↑(2 * n) ^ (1 / 2 + kappa / 4)
info: LogdetLean/GramHafnian/ThreePaper/RelativeAccuracyEndpointsAudit.lean:117:0: LogdetLean.GramHafnian.ThreePaper.TwoMethodComparison.pairCountLogScale_implies_ambientLogScale (K n : ℕ) (C : ℝ)
  (hn : 1 ≤ n) (hC : 0 ≤ C) (hscale : ↑n ^ 2 / ↑K ≤ C * Real.log ↑n) : ↑(2 * n) ^ 2 / ↑K ≤ 4 * C * Real.log ↑(2 * n)
info: LogdetLean/GramHafnian/ThreePaper/RelativeAccuracyEndpointsAudit.lean:118:0: LogdetLean.GramHafnian.ThreePaper.TwoMethodComparison.four_mul_pairScale_exponents (C : ℝ) :
  1 / 2 + 3 * (4 * C) / 4 = 1 / 2 + 3 * C ∧ 1 / 2 + 4 * C / 4 = 1 / 2 + C
info: LogdetLean/GramHafnian/ThreePaper/RelativeAccuracyEndpointsAudit.lean:119:0: LogdetLean.GramHafnian.ThreePaper.TwoMethodComparison.coefficientTriple_isBigO_pairLogScale (K : ℕ → ℕ) {C : ℝ}
  (hC : 0 < C) (hK4 : ∀ᶠ (n : ℕ) in Filter.atTop, 4 * n ≤ K n)
  (hscale : ∀ᶠ (n : ℕ) in Filter.atTop, ↑n ^ 2 / ↑(K n) ≤ C * Real.log ↑n) :
  ((fun n => LogdetLean.GramHafnian.LocalAnticoncentration.paperBkn (K n) n) =O[Filter.atTop] fun n =>
      ↑(2 * n) ^ (1 / 2 + 3 * C)) ∧
    ((fun n =>
          LogdetLean.GramHafnian.ThreePaper.TwoMethodComparison.gramToSymmetricVarianceRatio (K n) n) =O[Filter.atTop]
        fun n => ↑(2 * n) ^ C) ∧
      (fun n =>
          LogdetLean.GramHafnian.LocalAnticoncentration.paperBn n *
            LogdetLean.GramHafnian.ThreePaper.TwoMethodComparison.gramToSymmetricVarianceRatio (K n) n) =O[Filter.atTop]
        fun n => ↑(2 * n) ^ (1 / 2 + C)
info: LogdetLean/GramHafnian/ThreePaper/RelativeAccuracyEndpointsAudit.lean:122:0: LogdetLean.GramHafnian.ThreePaper.TwoMethodComparison.gramToSymmetricVarianceRatio_tendsto_one_of_ambientSquaredRate
  (K : ℕ → ℕ) (hK4 : ∀ᶠ (n : ℕ) in Filter.atTop, 4 * n ≤ K n)
  (hscale : Filter.Tendsto (fun n => ↑(2 * n) ^ 2 / ↑(K n)) Filter.atTop (nhds 0)) :
  Filter.Tendsto (fun n => LogdetLean.GramHafnian.ThreePaper.TwoMethodComparison.gramToSymmetricVarianceRatio (K n) n)
    Filter.atTop (nhds 1)
info: LogdetLean/GramHafnian/ThreePaper/RelativeAccuracyEndpointsAudit.lean:125:0: LogdetLean.GramHafnian.ThreePaper.TwoMethodComparison.decisiveWindow_lowerBound_implies_ambientLogScale (K : ℕ → ℕ)
  {c : ℝ} (hc : 0 < c) (hlower : ∀ᶠ (n : ℕ) in Filter.atTop, c * ↑(2 * n) ^ 2 / Real.log ↑(2 * n) ≤ ↑(K n)) :
  ∀ᶠ (n : ℕ) in Filter.atTop, ↑(2 * n) ^ 2 / ↑(K n) ≤ 1 / c * Real.log ↑(2 * n)
info: LogdetLean/GramHafnian/ThreePaper/RelativeAccuracyEndpointsAudit.lean:126:0: LogdetLean.GramHafnian.ThreePaper.TwoMethodComparison.paperBkn_mul_polynomialThreshold_tendsto_zero_of_ambientLogScale
  (K : ℕ → ℕ) {kappa a : ℝ} (hkappa : 0 < kappa) (ha : 1 / 2 + 3 * kappa / 4 < a)
  (hK4 : ∀ᶠ (n : ℕ) in Filter.atTop, 4 * n ≤ K n)
  (hscale : ∀ᶠ (n : ℕ) in Filter.atTop, ↑(2 * n) ^ 2 / ↑(K n) ≤ kappa * Real.log ↑(2 * n)) :
  Filter.Tendsto (fun n => LogdetLean.GramHafnian.LocalAnticoncentration.paperBkn (K n) n * ↑(2 * n) ^ (-a))
    Filter.atTop (nhds 0)
info: LogdetLean/GramHafnian/ThreePaper/RelativeAccuracyEndpointsAudit.lean:127:0: LogdetLean.GramHafnian.ThreePaper.TwoMethodComparison.symmetricHidingEnvelope_tendsto_atTop_of_subquadratic (Cprime : ℝ)
  (hCprime : 0 < Cprime) (N K : ℕ → ℕ) (hNpos : ∀ᶠ (j : ℕ) in Filter.atTop, 0 < N j)
  (hKpos : ∀ᶠ (j : ℕ) in Filter.atTop, 0 < K j)
  (hscale : Filter.Tendsto (fun j => ↑(K j) / ↑(N j) ^ 2) Filter.atTop (nhds 0)) :
  Filter.Tendsto
    (fun j => LogdetLean.GramHafnian.ThreePaper.TwoMethodComparison.symmetricHidingEnvelope Cprime (K j) (N j))
    Filter.atTop Filter.atTop
info: LogdetLean/GramHafnian/ThreePaper/RelativeAccuracyEndpointsAudit.lean:128:0: LogdetLean.GramHafnian.ThreePaper.TwoMethodComparison.decisiveWindow_certificate (gamma : ℕ → ℝ) (K M : ℕ → ℕ)
  {c a Cprime : ℝ} (hc : 0 < c) (hCprime : 0 < Cprime) (ha : 1 / 2 + 3 / (4 * c) < a)
  (hgamma : Filter.Tendsto gamma Filter.atTop (nhds 0)) (hK4 : ∀ᶠ (n : ℕ) in Filter.atTop, 4 * n ≤ K n)
  (hlower : ∀ᶠ (n : ℕ) in Filter.atTop, c * ↑(2 * n) ^ 2 / Real.log ↑(2 * n) ≤ ↑(K n))
  (hKsubquadratic : Filter.Tendsto (fun n => ↑(K n) / ↑(2 * n) ^ 2) Filter.atTop (nhds 0))
  (hMsquared : Filter.Tendsto (fun n => ↑(2 * n) ^ 2 / ↑(M n)) Filter.atTop (nhds 0)) :
  Filter.Tendsto
      (fun n =>
        min 1
          (gamma n + LogdetLean.GramHafnian.LocalAnticoncentration.paperBkn (K n) n * ↑(2 * n) ^ (-a) +
            615172 * (↑(2 * n) ^ 2 / ↑(M n))))
      Filter.atTop (nhds 0) ∧
    Filter.Tendsto
      (fun n => LogdetLean.GramHafnian.ThreePaper.TwoMethodComparison.symmetricHidingEnvelope Cprime (K n) (2 * n))
      Filter.atTop Filter.atTop
info: LogdetLean/GramHafnian/ThreePaper/RelativeAccuracyEndpointsAudit.lean:131:0: LogdetLean.GramHafnian.ThreePaper.RelativeAccuracy.CollisionFreeLabel (M N : ℕ) : Type
info: LogdetLean/GramHafnian/ThreePaper/RelativeAccuracyEndpointsAudit.lean:132:0: LogdetLean.GramHafnian.ThreePaper.RelativeAccuracy.collisionFreeLabelSpace_card (M N : ℕ) :
  Fintype.card (LogdetLean.GramHafnian.ThreePaper.RelativeAccuracy.CollisionFreeLabel M N) = M.choose N
info: LogdetLean/GramHafnian/ThreePaper/RelativeAccuracyEndpointsAudit.lean:135:0: LogdetLean.GramHafnian.ThreePaper.RelativeAccuracy.finiteEventTotalVariationLE.{u_1} {chi : Type u_1} (p q : chi → ℝ)
  (delta : ℝ) : Prop
info: LogdetLean/GramHafnian/ThreePaper/RelativeAccuracyEndpointsAudit.lean:136:0: LogdetLean.GramHafnian.ThreePaper.RelativeAccuracy.probabilityTotalVariationLE_to_finiteEventTotalVariationLE.{u_1}
  {chi : Type u_1} [MeasurableSpace chi] [MeasurableSingletonClass chi] (mu : MeasureTheory.Measure chi)
  [MeasureTheory.IsProbabilityMeasure mu] (nu : MeasureTheory.Measure chi) [MeasureTheory.IsProbabilityMeasure nu]
  {delta : ℝ} (htv : LogdetLean.GramHafnian.LocalAnticoncentration.probabilityTotalVariationLE mu nu delta) :
  LogdetLean.GramHafnian.ThreePaper.RelativeAccuracy.finiteEventTotalVariationLE (fun x => mu.real {x})
    (fun x => nu.real {x}) delta
info: LogdetLean/GramHafnian/ThreePaper/RelativeAccuracyEndpointsAudit.lean:137:0: LogdetLean.GramHafnian.ThreePaper.RelativeAccuracy.eventwiseFiniteTV_sum_abs_le_two.{u_1} {chi : Type u_1}
  (p q : chi → ℝ) {delta : ℝ}
  (htv : LogdetLean.GramHafnian.ThreePaper.RelativeAccuracy.finiteEventTotalVariationLE p q delta)
  (labels : Finset chi) : ∑ x ∈ labels, |p x - q x| ≤ 2 * delta
info: LogdetLean/GramHafnian/ThreePaper/RelativeAccuracyEndpointsAudit.lean:138:0: LogdetLean.GramHafnian.ThreePaper.RelativeAccuracy.eventwiseFiniteTV_to_uniformLabelMean.{u_1} {chi : Type u_1}
  (labels : Finset chi) (hlabels : labels.Nonempty) (p q : chi → ℝ) {delta : ℝ}
  (htv : LogdetLean.GramHafnian.ThreePaper.RelativeAccuracy.finiteEventTotalVariationLE p q delta) :
  LogdetLean.GramHafnian.ThreePaper.RelativeAccuracy.eventwiseFiniteLabelMeanAbsError labels p q ≤
    2 * delta / ↑labels.card
info: LogdetLean/GramHafnian/ThreePaper/RelativeAccuracyEndpointsAudit.lean:141:0: LogdetLean.GramHafnian.ThreePaper.RelativeAccuracy.eventwiseFiniteTV_to_uniformLabelMarkov.{u_1} {chi : Type u_1}
  (labels : Finset chi) (hlabels : labels.Nonempty) (p q : chi → ℝ) {delta zeta : ℝ} (hdelta : 0 < delta)
  (hzeta : 0 < zeta) (htv : LogdetLean.GramHafnian.ThreePaper.RelativeAccuracy.finiteEventTotalVariationLE p q delta) :
  (LogdetLean.GramHafnian.ThreePaper.RelativeAccuracy.uniformFiniteAverage fun x =>
      if 2 * delta / (zeta * ↑labels.card) < |p ↑x - q ↑x| then 1 else 0) ≤
    zeta
info: LogdetLean/GramHafnian/ThreePaper/RelativeAccuracyEndpointsAudit.lean:142:0: LogdetLean.GramHafnian.ThreePaper.RelativeAccuracy.eventwiseFiniteTV_to_badFraction.{u_1} {chi : Type u_1}
  (labels : Finset chi) (hlabels : labels.Nonempty) (p q : chi → ℝ) {delta zeta : ℝ} (hdelta : 0 < delta)
  (hzeta : 0 < zeta) (htv : LogdetLean.GramHafnian.ThreePaper.RelativeAccuracy.finiteEventTotalVariationLE p q delta) :
  LogdetLean.GramHafnian.ThreePaper.RelativeAccuracy.eventwiseFiniteLabelBadFraction labels p q
      (2 * delta / (zeta * ↑labels.card)) ≤
    zeta
info: LogdetLean/GramHafnian/ThreePaper/RelativeAccuracyEndpointsAudit.lean:145:0: LogdetLean.GramHafnian.ThreePaper.RelativeAccuracy.samplerRelativeConstant (B eps rho D pRef : ℝ) : ℝ
info: LogdetLean/GramHafnian/ThreePaper/RelativeAccuracyEndpointsAudit.lean:146:0: LogdetLean.GramHafnian.ThreePaper.RelativeAccuracy.samplerTVToRandomLabelRelative_eventwise_relativeAccuracy.{u_1, u_2}
  {Omega : Type u_1} {chi : Type u_2} [MeasurableSpace Omega] (mu : MeasureTheory.Measure Omega)
  [MeasureTheory.IsProbabilityMeasure mu] (labels : Finset chi) (hlabels : labels.Nonempty) (p q : Omega → chi → ℝ)
  (hp : ∀ (x : chi), Measurable fun omega => p omega x) (hq : ∀ (x : chi), Measurable fun omega => q omega x)
  {eps zeta rho pRef B delta : ℝ} (heps : 0 < eps) (hzeta : 0 < zeta) (hrho : 0 < rho) (hpRef : 0 < pRef)
  (htv :
    ∀ (omega : Omega),
      LogdetLean.GramHafnian.ThreePaper.RelativeAccuracy.finiteEventTotalVariationLE (p omega) (q omega) eps)
  (hdark :
    ∫ (omega : Omega),
        LogdetLean.GramHafnian.ThreePaper.RelativeAccuracy.samplerDarkFraction (fun omega x => p omega ↑x)
          (2 * eps / (zeta * ↑labels.card)) rho omega ∂mu ≤
      B * (2 * eps / (zeta * ↑labels.card) / (rho * pRef)) + delta) :
  ∫ (omega : Omega),
      LogdetLean.GramHafnian.ThreePaper.RelativeAccuracy.samplerRelativeFailureFraction (fun omega x => p omega ↑x)
        (fun omega x => q omega ↑x) rho omega ∂mu ≤
    min 1
      (zeta +
          LogdetLean.GramHafnian.ThreePaper.RelativeAccuracy.samplerRelativeConstant B eps rho (↑labels.card) pRef /
            zeta +
        delta)
info: LogdetLean/GramHafnian/ThreePaper/RelativeAccuracyEndpointsAudit.lean:147:0: LogdetLean.GramHafnian.ThreePaper.RelativeAccuracy.collisionFreeSamplerRelative_eventwise.{u_1} {chi : Type u_1}
  (H : LogdetLean.GramHafnian.LocalAnticoncentration.UnitaryHaarProbabilityFamily) {r : ℝ} (hr : 0 < r) (M K n : ℕ)
  (hn : 1 ≤ n) (hKanti : 4 * n ≤ K) (hKM : K ≤ M) (labels : Finset chi) (hlabels : labels.Nonempty)
  (decode : ↥labels ≃ LogdetLean.GramHafnian.ThreePaper.RelativeAccuracy.CollisionFreeLabel M (2 * n))
  (p q : ↥(Matrix.unitaryGroup (Fin M) ℂ) → chi → ℝ) (hp : ∀ (x : chi), Measurable fun U => p U x)
  (hq : ∀ (x : chi), Measurable fun U => q U x) {eps zeta rho : ℝ} (heps : 0 < eps) (hzeta : 0 < zeta) (hrho : 0 < rho)
  (htv :
    ∀ (U : ↥(Matrix.unitaryGroup (Fin M) ℂ)),
      LogdetLean.GramHafnian.ThreePaper.RelativeAccuracy.finiteEventTotalVariationLE (p U) (q U) eps)
  (hpPhysical :
    ∀ (U : ↥(Matrix.unitaryGroup (Fin M) ℂ)) (x : ↥labels),
      p U ↑x =
        LogdetLean.GramHafnian.LocalAnticoncentration.gbsProbabilityFromScaledAmplitude r M K n
          (LogdetLean.GramHafnian.ThreePaper.RelativeAccuracy.collisionFreeHafnianAmplitude M K n hKM U (decode x))) :
  ∫ (U : ↥(Matrix.unitaryGroup (Fin M) ℂ)),
      LogdetLean.GramHafnian.ThreePaper.RelativeAccuracy.samplerRelativeFailureFraction (fun U x => p U ↑x)
        (fun U x => q U ↑x) rho U ∂H.law M ≤
    min 1
      (zeta +
          LogdetLean.GramHafnian.ThreePaper.RelativeAccuracy.samplerRelativeConstant
              (LogdetLean.GramHafnian.shiftedAnticoncentrationConstant K n) eps rho (↑(M.choose (2 * n)))
              (LogdetLean.GramHafnian.LocalAnticoncentration.gbsGaussianReferenceProbability r M K n) /
            zeta +
        LogdetLean.GramHafnian.ThreePaper.UniformMatrixHiding.hidingRemainder M (2 * n))
info: LogdetLean/GramHafnian/ThreePaper/RelativeAccuracyEndpointsAudit.lean:148:0: LogdetLean.GramHafnian.ThreePaper.TwoMethodComparison.samplerRouteConstant (c eps rho D p : ℝ) : ℝ
info: LogdetLean/GramHafnian/ThreePaper/RelativeAccuracyEndpointsAudit.lean:149:0: LogdetLean.GramHafnian.ThreePaper.TwoMethodComparison.samplerRouteBudget_explicit (Cprime zeta c eps rho D p : ℝ)
  (K N : ℕ) :
  LogdetLean.GramHafnian.ThreePaper.TwoMethodComparison.samplerRouteBudget zeta c eps rho D p
      (LogdetLean.GramHafnian.ThreePaper.TwoMethodComparison.symmetricHidingEnvelope Cprime K) N =
    min 1
      (zeta + LogdetLean.GramHafnian.ThreePaper.TwoMethodComparison.samplerRouteConstant c eps rho D p / zeta +
        Cprime * ↑N / √↑K)
info: LogdetLean/GramHafnian/ThreePaper/RelativeAccuracyEndpointsAudit.lean:150:0: LogdetLean.GramHafnian.ThreePaper.RelativeAccuracy.routeTwoSamplerRelative_eventwise_of_shou.{u_1, u_2}
  {Omega : Type u_1} {chi : Type u_2} [MeasurableSpace Omega] (mu : MeasureTheory.Measure Omega)
  [MeasureTheory.IsProbabilityMeasure mu] (labels : Finset chi) (hlabels : labels.Nonempty)
  (amplitude : Omega → chi → ℂ) (p q : Omega → chi → ℝ)
  (hamplitude : ∀ (x : chi), Measurable fun omega => amplitude omega x)
  (hp : ∀ (x : chi), Measurable fun omega => p omega x) (hq : ∀ (x : chi), Measurable fun omega => q omega x)
  {H : LogdetLean.GramHafnian.LocalAnticoncentration.UnitaryHaarProbabilityFamily} {Cprime pRefTwo eps zeta rho : ℝ}
  {M n K : ℕ} {symmetricMatrixLaw : MeasureTheory.Measure (Matrix (Fin (2 * n)) (Fin (2 * n)) ℂ)} (hn : 1 ≤ n)
  (hNK : 2 * n ≤ K) (hKM : K ≤ M) (hpRefTwo : 0 < pRefTwo) (heps : 0 < eps) (hzeta : 0 < zeta) (hrho : 0 < rho)
  (hShou :
    LogdetLean.GramHafnian.ThreePaper.RelativeAccuracy.ShouSymmetricMatrixComparisonAt H M (2 * n) K symmetricMatrixLaw
      Cprime)
  (hSmallBall :
    LogdetLean.GramHafnian.ThreePaper.RelativeAccuracy.IndependentSymmetricHafnianSmallBallAt n symmetricMatrixLaw)
  (hpPhysical :
    ∀ (omega : Omega) (x : chi),
      p omega x =
        LogdetLean.GramHafnian.ThreePaper.RelativeAccuracy.routeTwoPhysicalProbabilityFromNormalizedHafnian pRefTwo n
          (amplitude omega x))
  (hmarginal :
    ∀ (x : ↥labels),
      MeasureTheory.Measure.map (fun omega => amplitude omega ↑x) mu =
        LogdetLean.GramHafnian.ThreePaper.RelativeAccuracy.routeTwoHaarHafnianLaw H M n K)
  (htv :
    ∀ (omega : Omega),
      LogdetLean.GramHafnian.ThreePaper.RelativeAccuracy.finiteEventTotalVariationLE (p omega) (q omega) eps) :
  ∫ (omega : Omega),
      LogdetLean.GramHafnian.ThreePaper.RelativeAccuracy.samplerRelativeFailureFraction (fun omega x => p omega ↑x)
        (fun omega x => q omega ↑x) rho omega ∂mu ≤
    min 1
      (zeta +
          LogdetLean.GramHafnian.ThreePaper.RelativeAccuracy.samplerRelativeConstant
              (LogdetLean.GramHafnian.LocalAnticoncentration.paperBn n) eps rho (↑labels.card) pRefTwo /
            zeta +
        Cprime * ↑(2 * n) / √↑K)
info: LogdetLean/GramHafnian/ThreePaper/RelativeAccuracyEndpointsAudit.lean:154:0: LogdetLean.GramHafnian.ThreePaper.RelativeAccuracy.finitePanelEventTransfer.{u_1} {α : Type u_1} [MeasurableSpace α]
  (haar gaussian : MeasureTheory.Measure α) {delta gaussianBound : ℝ}
  (htv : LogdetLean.GramHafnian.LocalAnticoncentration.probabilityTotalVariationLE haar gaussian delta) (bad : Set α)
  (hbad : MeasurableSet bad) (hgaussian : gaussian.real bad ≤ gaussianBound) : haar.real bad ≤ gaussianBound + delta
info: LogdetLean/GramHafnian/ThreePaper/RelativeAccuracyEndpointsAudit.lean:155:0: LogdetLean.GramHafnian.ThreePaper.RelativeAccuracy.routeTwoShiftedDiskTransfer_of_shou
  {H : LogdetLean.GramHafnian.LocalAnticoncentration.UnitaryHaarProbabilityFamily} {Cprime : ℝ} {M n K : ℕ}
  {symmetricMatrixLaw : MeasureTheory.Measure (Matrix (Fin (2 * n)) (Fin (2 * n)) ℂ)}
  (hShou :
    LogdetLean.GramHafnian.ThreePaper.RelativeAccuracy.ShouSymmetricMatrixComparisonAt H M (2 * n) K symmetricMatrixLaw
      Cprime)
  (z : ℂ) (radius : ℝ) :
  (LogdetLean.GramHafnian.ThreePaper.RelativeAccuracy.routeTwoHaarHafnianLaw H M n K).real
      (LogdetLean.GramHafnian.LocalAnticoncentration.shiftedComplexDisk z radius) ≤
    (LogdetLean.GramHafnian.ThreePaper.RelativeAccuracy.independentSymmetricHafnianLaw n symmetricMatrixLaw).real
        (LogdetLean.GramHafnian.LocalAnticoncentration.shiftedComplexDisk z radius) +
      LogdetLean.GramHafnian.ThreePaper.TwoMethodComparison.symmetricHidingEnvelope Cprime K (2 * n)
info: LogdetLean/GramHafnian/ThreePaper/RelativeAccuracyEndpointsAudit.lean:158:0: LogdetLean.GramHafnian.LocalAnticoncentration.eq3_variance_product (k n : ℕ) (hk : 0 < k) :
  LogdetLean.GramHafnian.gramHafnianSigma k n ^ 2 =
    ↑(LogdetLean.GramHafnian.oddPairingNat n) * ∏ q ∈ Finset.range n, ↑(k + 2 * q)
info: LogdetLean/GramHafnian/ThreePaper/RelativeAccuracyEndpointsAudit.lean:159:0: LogdetLean.GramHafnian.ThreePaper.TwoMethodComparison.symmetricHafnianVariance (n : ℕ) : ℝ
info: LogdetLean/GramHafnian/ThreePaper/RelativeAccuracyEndpointsAudit.lean:160:0: LogdetLean.GramHafnian.ThreePaper.TwoMethodComparison.gramVariance_div_pow_symmetricVariance_eq_ratio (K n : ℕ)
  (hK : 0 < K) (hn : 1 ≤ n) :
  LogdetLean.GramHafnian.gramHafnianSigma K n ^ 2 /
      (↑K ^ n * LogdetLean.GramHafnian.ThreePaper.TwoMethodComparison.symmetricHafnianVariance n) =
    LogdetLean.GramHafnian.ThreePaper.TwoMethodComparison.gramToSymmetricVarianceRatio K n
info: LogdetLean/GramHafnian/ThreePaper/RelativeAccuracyEndpointsAudit.lean:163:0: LogdetLean.GramHafnian.ThreePaper.TwoMethodComparison.coefficientComparisonPenalty (K n : ℕ) : ℝ
info: LogdetLean/GramHafnian/ThreePaper/RelativeAccuracyEndpointsAudit.lean:164:0: LogdetLean.GramHafnian.ThreePaper.TwoMethodComparison.finiteCoefficient_div_limit_mul_ratio (K n : ℕ) (hn : 1 ≤ n)
  (hK : 4 * n ≤ K) :
  LogdetLean.GramHafnian.LocalAnticoncentration.paperBkn K n /
      (LogdetLean.GramHafnian.LocalAnticoncentration.paperBn n *
        LogdetLean.GramHafnian.ThreePaper.TwoMethodComparison.gramToSymmetricVarianceRatio K n) =
    LogdetLean.GramHafnian.ThreePaper.TwoMethodComparison.coefficientComparisonPenalty K n
info: LogdetLean/GramHafnian/ThreePaper/RelativeAccuracyEndpointsAudit.lean:167:0: LogdetLean.GramHafnian.ThreePaper.TwoMethodComparison.coefficientLogBounds (K n : ℕ) (hn : 1 ≤ n) (hK : 4 * n ≤ K) :
  Real.log (LogdetLean.GramHafnian.ThreePaper.TwoMethodComparison.gramToSymmetricVarianceRatio K n) ≤
      ↑n * (↑n - 1) / ↑K ∧
    Real.log
        (LogdetLean.GramHafnian.LocalAnticoncentration.paperBkn K n /
          LogdetLean.GramHafnian.LocalAnticoncentration.paperBn n) ≤
      (3 * ↑n ^ 2 - 2) / ↑K + 9 * ↑n ^ 3 / (↑K * (↑K - 4 * ↑n + 1))
info: LogdetLean/GramHafnian/ThreePaper/RelativeAccuracyEndpointsAudit.lean:170:0: LogdetLean.GramHafnian.ThreePaper.RelativeAccuracy.eventwiseFiniteTV_to_uniformLabelMean.{u_1} {chi : Type u_1}
  (labels : Finset chi) (hlabels : labels.Nonempty) (p q : chi → ℝ) {delta : ℝ}
  (htv : LogdetLean.GramHafnian.ThreePaper.RelativeAccuracy.finiteEventTotalVariationLE p q delta) :
  LogdetLean.GramHafnian.ThreePaper.RelativeAccuracy.eventwiseFiniteLabelMeanAbsError labels p q ≤
    2 * delta / ↑labels.card
info: LogdetLean/GramHafnian/ThreePaper/RelativeAccuracyEndpointsAudit.lean:174:0: 'LogdetLean.GramHafnian.LocalAnticoncentration.eq1_gbs_collision_free_probability' depends on axioms: [propext,
 Classical.choice,
 Quot.sound]
info: LogdetLean/GramHafnian/ThreePaper/RelativeAccuracyEndpointsAudit.lean:175:0: 'LogdetLean.GramHafnian.ThreePaper.TwoMethodComparison.four_mul_pairCount_iff_two_mul_ambient' depends on axioms: [propext,
 Classical.choice,
 Quot.sound]
info: LogdetLean/GramHafnian/ThreePaper/RelativeAccuracyEndpointsAudit.lean:176:0: 'LogdetLean.GramHafnian.ThreePaper.UniformMatrixHiding.matrixLaw' depends on axioms: [propext,
 Classical.choice,
 MatsumotoPaper.A4_matsumoto_theorem_3,
 Quot.sound,
 LogdetLean.GramHafnian.UltimateHiding.DenseScore.A2Prime_complexSymmetricTakagiWeyl_symmetricIntegration,
 LogdetLean.GramHafnian.UltimateHiding.DenseScore.A3_edelmanSutton_proposition_1_2,
 LogdetLean.GramHafnian.UltimateHiding.DenseScore.FriedmanMelloA1.matrixLaw_external]
info: LogdetLean/GramHafnian/ThreePaper/RelativeAccuracyEndpointsAudit.lean:177:0: 'LogdetLean.GramHafnian.ThreePaper.GaussianAnticoncentration.shiftedSmallBall' depends on axioms: [propext,
 Classical.choice,
 Quot.sound]
info: LogdetLean/GramHafnian/ThreePaper/RelativeAccuracyEndpointsAudit.lean:178:0: 'LogdetLean.GramHafnian.LocalAnticoncentration.paperBkn_le_uniform' depends on axioms: [propext,
 Classical.choice,
 Quot.sound]
info: LogdetLean/GramHafnian/ThreePaper/RelativeAccuracyEndpointsAudit.lean:179:0: 'LogdetLean.GramHafnian.ThreePaper.RelativeAccuracy.finiteHaarShiftedSmallBall' depends on axioms: [propext,
 Classical.choice,
 MatsumotoPaper.A4_matsumoto_theorem_3,
 Quot.sound,
 LogdetLean.GramHafnian.UltimateHiding.DenseScore.A2Prime_complexSymmetricTakagiWeyl_symmetricIntegration,
 LogdetLean.GramHafnian.UltimateHiding.DenseScore.A3_edelmanSutton_proposition_1_2,
 LogdetLean.GramHafnian.UltimateHiding.DenseScore.FriedmanMelloA1.matrixLaw_external]
info: LogdetLean/GramHafnian/ThreePaper/RelativeAccuracyEndpointsAudit.lean:180:0: 'LogdetLean.GramHafnian.ThreePaper.RelativeAccuracy.gbsSmallDenominator' depends on axioms: [propext,
 Classical.choice,
 MatsumotoPaper.A4_matsumoto_theorem_3,
 Quot.sound,
 LogdetLean.GramHafnian.UltimateHiding.DenseScore.A2Prime_complexSymmetricTakagiWeyl_symmetricIntegration,
 LogdetLean.GramHafnian.UltimateHiding.DenseScore.A3_edelmanSutton_proposition_1_2,
 LogdetLean.GramHafnian.UltimateHiding.DenseScore.FriedmanMelloA1.matrixLaw_external]
info: LogdetLean/GramHafnian/ThreePaper/RelativeAccuracyEndpointsAudit.lean:181:0: 'LogdetLean.GramHafnian.ThreePaper.RelativeAccuracy.ShouSymmetricMatrixComparisonAt.matrixLaw' depends on axioms: [propext,
 Classical.choice,
 Quot.sound]
info: LogdetLean/GramHafnian/ThreePaper/RelativeAccuracyEndpointsAudit.lean:182:0: 'LogdetLean.GramHafnian.ThreePaper.RelativeAccuracy.routeTwoHafnianLawTV_of_shou' depends on axioms: [propext,
 Classical.choice,
 Quot.sound]
info: LogdetLean/GramHafnian/ThreePaper/RelativeAccuracyEndpointsAudit.lean:183:0: 'LogdetLean.GramHafnian.ThreePaper.RelativeAccuracy.routeTwoShiftedDiskTransfer_of_shou' depends on axioms: [propext,
 Classical.choice,
 Quot.sound]
info: LogdetLean/GramHafnian/ThreePaper/RelativeAccuracyEndpointsAudit.lean:184:0: 'LogdetLean.GramHafnian.ThreePaper.RelativeAccuracy.routeTwoFiniteHaarShiftedSmallBall_of_shou' depends on axioms: [propext,
 Classical.choice,
 Quot.sound]
info: LogdetLean/GramHafnian/ThreePaper/RelativeAccuracyEndpointsAudit.lean:185:0: 'LogdetLean.GramHafnian.ThreePaper.RelativeAccuracy.routeTwoPhysicalSmallDenominator_of_shou' depends on axioms: [propext,
 Classical.choice,
 Quot.sound]
info: LogdetLean/GramHafnian/ThreePaper/RelativeAccuracyEndpointsAudit.lean:186:0: 'LogdetLean.GramHafnian.ThreePaper.RelativeAccuracy.routeTwoFairRelativeFailure_of_shou' depends on axioms: [propext,
 Classical.choice,
 Quot.sound]
info: LogdetLean/GramHafnian/ThreePaper/RelativeAccuracyEndpointsAudit.lean:187:0: 'LogdetLean.GramHafnian.ThreePaper.RelativeAccuracy.routeTwoSamplerRelative_eventwise_of_shou' depends on axioms: [propext,
 Classical.choice,
 Quot.sound]
info: LogdetLean/GramHafnian/ThreePaper/RelativeAccuracyEndpointsAudit.lean:188:0: 'LogdetLean.GramHafnian.ThreePaper.RelativeAccuracy.typeHafnian_congr_offDiagonal' depends on axioms: [propext,
 Classical.choice,
 Quot.sound]
info: LogdetLean/GramHafnian/ThreePaper/RelativeAccuracyEndpointsAudit.lean:189:0: 'LogdetLean.GramHafnian.ThreePaper.RelativeAccuracy.hafnian_congr_offDiagonal' depends on axioms: [propext,
 Classical.choice,
 Quot.sound]
info: LogdetLean/GramHafnian/ThreePaper/RelativeAccuracyEndpointsAudit.lean:190:0: 'LogdetLean.GramHafnian.ThreePaper.RelativeAccuracy.measure_preimage_fst_eq_of_map_eq' depends on axioms: [propext,
 Classical.choice,
 Quot.sound]
info: LogdetLean/GramHafnian/ThreePaper/RelativeAccuracyEndpointsAudit.lean:191:0: 'LogdetLean.GramHafnian.LocalAnticoncentration.selectedRowsUnitaryBlock_map_eq_topLeftUnitaryBlock_map' depends on axioms: [propext,
 Classical.choice,
 Quot.sound]
info: LogdetLean/GramHafnian/ThreePaper/RelativeAccuracyEndpointsAudit.lean:192:0: 'LogdetLean.GramHafnian.ThreePaper.RelativeAccuracy.map_collisionFreeHafnianAmplitude_eq_scaledHaar' depends on axioms: [propext,
 Classical.choice,
 Quot.sound]
info: LogdetLean/GramHafnian/ThreePaper/RelativeAccuracyEndpointsAudit.lean:193:0: 'LogdetLean.GramHafnian.ThreePaper.RelativeAccuracy.collisionFreeDarkEvent_probability_le' depends on axioms: [propext,
 Classical.choice,
 MatsumotoPaper.A4_matsumoto_theorem_3,
 Quot.sound,
 LogdetLean.GramHafnian.UltimateHiding.DenseScore.A2Prime_complexSymmetricTakagiWeyl_symmetricIntegration,
 LogdetLean.GramHafnian.UltimateHiding.DenseScore.A3_edelmanSutton_proposition_1_2,
 LogdetLean.GramHafnian.UltimateHiding.DenseScore.FriedmanMelloA1.matrixLaw_external]
info: LogdetLean/GramHafnian/ThreePaper/RelativeAccuracyEndpointsAudit.lean:194:0: 'LogdetLean.GramHafnian.ThreePaper.RelativeAccuracy.collisionFreeRandomLabelAdditiveToRelative' depends on axioms: [propext,
 Classical.choice,
 MatsumotoPaper.A4_matsumoto_theorem_3,
 Quot.sound,
 LogdetLean.GramHafnian.UltimateHiding.DenseScore.A2Prime_complexSymmetricTakagiWeyl_symmetricIntegration,
 LogdetLean.GramHafnian.UltimateHiding.DenseScore.A3_edelmanSutton_proposition_1_2,
 LogdetLean.GramHafnian.UltimateHiding.DenseScore.FriedmanMelloA1.matrixLaw_external]
info: LogdetLean/GramHafnian/ThreePaper/RelativeAccuracyEndpointsAudit.lean:195:0: 'LogdetLean.GramHafnian.ThreePaper.TwoMethodComparison.dimensionProduct_eq_pow_mul_varianceRatio' depends on axioms: [propext,
 Classical.choice,
 Quot.sound]
info: LogdetLean/GramHafnian/ThreePaper/RelativeAccuracyEndpointsAudit.lean:196:0: 'LogdetLean.GramHafnian.ThreePaper.TwoMethodComparison.gramReferenceProbability_eq_ratio_mul_symmetricReference' depends on axioms: [propext,
 Classical.choice,
 Quot.sound]
info: LogdetLean/GramHafnian/ThreePaper/RelativeAccuracyEndpointsAudit.lean:197:0: 'LogdetLean.GramHafnian.ThreePaper.TwoMethodComparison.methodTwoNaturalRelativeRemainder_explicit' depends on axioms: [propext,
 Classical.choice,
 Quot.sound]
info: LogdetLean/GramHafnian/ThreePaper/RelativeAccuracyEndpointsAudit.lean:198:0: 'LogdetLean.GramHafnian.ThreePaper.FairAbsoluteThresholdComparison.relativeFailureEvent_subset_absolute_additive_union_denominator' depends on axioms: [propext,
 Classical.choice,
 Quot.sound]
info: LogdetLean/GramHafnian/ThreePaper/RelativeAccuracyEndpointsAudit.lean:199:0: 'LogdetLean.GramHafnian.ThreePaper.FairAbsoluteThresholdComparison.relativeFailureEvent_subset_absolute_additive_union_dividedDenominator' depends on axioms: [propext,
 Classical.choice,
 Quot.sound]
info: LogdetLean/GramHafnian/ThreePaper/RelativeAccuracyEndpointsAudit.lean:200:0: 'LogdetLean.GramHafnian.ThreePaper.FairAbsoluteThresholdComparison.absoluteAdditiveToRelativeProbability_le' depends on axioms: [propext,
 Classical.choice,
 Quot.sound]
info: LogdetLean/GramHafnian/ThreePaper/RelativeAccuracyEndpointsAudit.lean:201:0: 'LogdetLean.GramHafnian.ThreePaper.FairAbsoluteThresholdComparison.relativeFailureProbability_le_routeOneFairBound' depends on axioms: [propext,
 Classical.choice,
 Quot.sound]
info: LogdetLean/GramHafnian/ThreePaper/RelativeAccuracyEndpointsAudit.lean:202:0: 'LogdetLean.GramHafnian.ThreePaper.FairAbsoluteThresholdComparison.relativeFailureProbability_le_routeTwoFairExplicitBound' depends on axioms: [propext,
 Classical.choice,
 Quot.sound]
info: LogdetLean/GramHafnian/ThreePaper/RelativeAccuracyEndpointsAudit.lean:203:0: 'LogdetLean.GramHafnian.ThreePaper.FairAbsoluteThresholdComparison.relativeFailureProbability_le_bestFairBound' depends on axioms: [propext,
 Classical.choice,
 Quot.sound]
info: LogdetLean/GramHafnian/ThreePaper/RelativeAccuracyEndpointsAudit.lean:204:0: 'LogdetLean.GramHafnian.ThreePaper.FairAbsoluteThresholdComparison.routeOneFairBound_of_polynomialThreshold' depends on axioms: [propext,
 Classical.choice,
 Quot.sound]
info: LogdetLean/GramHafnian/ThreePaper/RelativeAccuracyEndpointsAudit.lean:205:0: 'LogdetLean.GramHafnian.ThreePaper.FairAbsoluteThresholdComparison.routeTwoFairBound_of_polynomialThreshold_explicit' depends on axioms: [propext,
 Classical.choice,
 Quot.sound]
info: LogdetLean/GramHafnian/ThreePaper/RelativeAccuracyEndpointsAudit.lean:206:0: 'LogdetLean.GramHafnian.ThreePaper.TwoMethodComparison.finiteCoefficient_div_limit_mul_ratio' depends on axioms: [propext,
 Classical.choice,
 Quot.sound]
info: LogdetLean/GramHafnian/ThreePaper/RelativeAccuracyEndpointsAudit.lean:207:0: 'LogdetLean.GramHafnian.ThreePaper.TwoMethodComparison.coefficientLogBounds' depends on axioms: [propext,
 Classical.choice,
 Quot.sound]
info: LogdetLean/GramHafnian/ThreePaper/RelativeAccuracyEndpointsAudit.lean:208:0: 'LogdetLean.GramHafnian.ThreePaper.TwoMethodComparison.one_lt_coefficientComparisonPenalty' depends on axioms: [propext,
 Classical.choice,
 Quot.sound]
info: LogdetLean/GramHafnian/ThreePaper/RelativeAccuracyEndpointsAudit.lean:209:0: 'LogdetLean.GramHafnian.ThreePaper.TwoMethodComparison.limit_mul_ratio_lt_finiteCoefficient' depends on axioms: [propext,
 Classical.choice,
 Quot.sound]
info: LogdetLean/GramHafnian/ThreePaper/RelativeAccuracyEndpointsAudit.lean:210:0: 'LogdetLean.GramHafnian.ThreePaper.TwoMethodComparison.coefficientTriple_isBigO_ambientLogScale' depends on axioms: [propext,
 Classical.choice,
 Quot.sound]
info: LogdetLean/GramHafnian/ThreePaper/RelativeAccuracyEndpointsAudit.lean:211:0: 'LogdetLean.GramHafnian.ThreePaper.TwoMethodComparison.coefficientTriple_isBigO_pairLogScale' depends on axioms: [propext,
 Classical.choice,
 Quot.sound]
info: LogdetLean/GramHafnian/ThreePaper/RelativeAccuracyEndpointsAudit.lean:212:0: 'LogdetLean.GramHafnian.ThreePaper.TwoMethodComparison.gramToSymmetricVarianceRatio_tendsto_one_of_ambientSquaredRate' depends on axioms: [propext,
 Classical.choice,
 Quot.sound]
info: LogdetLean/GramHafnian/ThreePaper/RelativeAccuracyEndpointsAudit.lean:213:0: 'LogdetLean.GramHafnian.ThreePaper.TwoMethodComparison.decisiveWindow_certificate' depends on axioms: [propext,
 Classical.choice,
 Quot.sound]
info: LogdetLean/GramHafnian/ThreePaper/RelativeAccuracyEndpointsAudit.lean:214:0: 'LogdetLean.GramHafnian.ThreePaper.RelativeAccuracy.collisionFreeLabelSpace_card' depends on axioms: [propext,
 Classical.choice,
 Quot.sound]
info: LogdetLean/GramHafnian/ThreePaper/RelativeAccuracyEndpointsAudit.lean:215:0: 'LogdetLean.GramHafnian.ThreePaper.RelativeAccuracy.probabilityTotalVariationLE_to_finiteEventTotalVariationLE' depends on axioms: [propext,
 Classical.choice,
 Quot.sound]
info: LogdetLean/GramHafnian/ThreePaper/RelativeAccuracyEndpointsAudit.lean:216:0: 'LogdetLean.GramHafnian.ThreePaper.RelativeAccuracy.eventwiseFiniteTV_sum_abs_le_two' depends on axioms: [propext,
 Classical.choice,
 Quot.sound]
info: LogdetLean/GramHafnian/ThreePaper/RelativeAccuracyEndpointsAudit.lean:217:0: 'LogdetLean.GramHafnian.ThreePaper.RelativeAccuracy.eventwiseFiniteTV_to_uniformLabelMean' depends on axioms: [propext,
 Classical.choice,
 Quot.sound]
info: LogdetLean/GramHafnian/ThreePaper/RelativeAccuracyEndpointsAudit.lean:218:0: 'LogdetLean.GramHafnian.ThreePaper.RelativeAccuracy.eventwiseFiniteTV_to_uniformLabelMarkov' depends on axioms: [propext,
 Classical.choice,
 Quot.sound]
info: LogdetLean/GramHafnian/ThreePaper/RelativeAccuracyEndpointsAudit.lean:219:0: 'LogdetLean.GramHafnian.ThreePaper.RelativeAccuracy.samplerTVToRandomLabelRelative_eventwise_relativeAccuracy' depends on axioms: [propext,
 Classical.choice,
 Quot.sound]
info: LogdetLean/GramHafnian/ThreePaper/RelativeAccuracyEndpointsAudit.lean:220:0: 'LogdetLean.GramHafnian.ThreePaper.RelativeAccuracy.collisionFreeSamplerRelative_eventwise' depends on axioms: [propext,
 Classical.choice,
 MatsumotoPaper.A4_matsumoto_theorem_3,
 Quot.sound,
 LogdetLean.GramHafnian.UltimateHiding.DenseScore.A2Prime_complexSymmetricTakagiWeyl_symmetricIntegration,
 LogdetLean.GramHafnian.UltimateHiding.DenseScore.A3_edelmanSutton_proposition_1_2,
 LogdetLean.GramHafnian.UltimateHiding.DenseScore.FriedmanMelloA1.matrixLaw_external]
info: LogdetLean/GramHafnian/ThreePaper/RelativeAccuracyEndpointsAudit.lean:221:0: 'LogdetLean.GramHafnian.ThreePaper.RelativeAccuracy.gbsProbability_div_reference_eq_scaledHafnian' depends on axioms: [propext,
 Classical.choice,
 Quot.sound]
info: LogdetLean/GramHafnian/ThreePaper/RelativeAccuracyEndpointsAudit.lean:222:0: 'LogdetLean.GramHafnian.ThreePaper.TwoMethodComparison.gramVariance_div_pow_symmetricVariance_eq_ratio' depends on axioms: [propext,
 Classical.choice,
 Quot.sound]
info: LogdetLean/GramHafnian/ThreePaper/RelativeAccuracyEndpointsAudit.lean:223:0: 'LogdetLean.GramHafnian.ThreePaper.TwoMethodComparison.samplerRouteBudget_explicit' depends on axioms: [propext,
 Classical.choice,
 Quot.sound]
ℹ [9581/9585] Built GBSHiding (3.3s)
info: GBSHiding.lean:56:0: 'GBSHiding.uniformHiding' depends on axioms: [propext,
 Classical.choice,
 MatsumotoPaper.A4_matsumoto_theorem_3,
 Quot.sound,
 DenseScore.A2Prime_complexSymmetricTakagiWeyl_symmetricIntegration,
 DenseScore.A3_edelmanSutton_proposition_1_2,
 DenseScore.FriedmanMelloA1.matrixLaw_external]
info: GBSHiding.lean:57:0: 'GBSHiding.normalizedHiding' depends on axioms: [propext,
 Classical.choice,
 MatsumotoPaper.A4_matsumoto_theorem_3,
 Quot.sound,
 DenseScore.A2Prime_complexSymmetricTakagiWeyl_symmetricIntegration,
 DenseScore.A3_edelmanSutton_proposition_1_2,
 DenseScore.FriedmanMelloA1.matrixLaw_external]
info: GBSHiding.lean:58:0: 'GBSHiding.finiteHaarSmallBall' depends on axioms: [propext,
 Classical.choice,
 MatsumotoPaper.A4_matsumoto_theorem_3,
 Quot.sound,
 DenseScore.A2Prime_complexSymmetricTakagiWeyl_symmetricIntegration,
 DenseScore.A3_edelmanSutton_proposition_1_2,
 DenseScore.FriedmanMelloA1.matrixLaw_external]
info: GBSHiding.lean:59:0: 'GBSHiding.lowerBound_optimizedCertificate' depends on axioms: [propext, Classical.choice, Quot.sound]
info: GBSHiding.lean:61:0: 'GBSHiding.normalizedHidingAllInputs' depends on axioms: [propext,
 Classical.choice,
 MatsumotoPaper.A4_matsumoto_theorem_3,
 Quot.sound,
 DenseScore.A2Prime_complexSymmetricTakagiWeyl_symmetricIntegration,
 DenseScore.A3_edelmanSutton_proposition_1_2,
 DenseScore.FriedmanMelloA1.matrixLaw_external]
info: GBSHiding.lean:62:0: 'GBSHiding.observableHidingAllInputs' depends on axioms: [propext,
 Classical.choice,
 MatsumotoPaper.A4_matsumoto_theorem_3,
 Quot.sound,
 DenseScore.A2Prime_complexSymmetricTakagiWeyl_symmetricIntegration,
 DenseScore.A3_edelmanSutton_proposition_1_2,
 DenseScore.FriedmanMelloA1.matrixLaw_external]
info: GBSHiding.lean:64:0: 'GBSHiding.orderedFixedPatternPanelAllInputs' depends on axioms: [propext,
 Classical.choice,
 MatsumotoPaper.A4_matsumoto_theorem_3,
 Quot.sound,
 DenseScore.A2Prime_complexSymmetricTakagiWeyl_symmetricIntegration,
 DenseScore.A3_edelmanSutton_proposition_1_2,
 DenseScore.FriedmanMelloA1.matrixLaw_external]
✔ [9582/9585] Built UniformHiding (3.4s)
ℹ [9584/9585] Built HidingVerification (3.3s)
info: HidingVerification.lean:7:0: PASS UniformHiding.theorem2_1: exactly 7 axioms: [propext,
 Classical.choice,
 MatsumotoPaper.A4_matsumoto_theorem_3,
 Quot.sound,
 LogdetLean.GramHafnian.UltimateHiding.DenseScore.A2Prime_complexSymmetricTakagiWeyl_symmetricIntegration,
 LogdetLean.GramHafnian.UltimateHiding.DenseScore.A3_edelmanSutton_proposition_1_2,
 LogdetLean.GramHafnian.UltimateHiding.DenseScore.FriedmanMelloA1.matrixLaw_external]
info: HidingVerification.lean:7:0: PASS UniformHiding.routeOneSmallBall: exactly 7 axioms: [propext,
 Classical.choice,
 MatsumotoPaper.A4_matsumoto_theorem_3,
 Quot.sound,
 LogdetLean.GramHafnian.UltimateHiding.DenseScore.A2Prime_complexSymmetricTakagiWeyl_symmetricIntegration,
 LogdetLean.GramHafnian.UltimateHiding.DenseScore.A3_edelmanSutton_proposition_1_2,
 LogdetLean.GramHafnian.UltimateHiding.DenseScore.FriedmanMelloA1.matrixLaw_external]
info: HidingVerification.lean:7:0: PASS UniformHiding.theorem3_2_route1: exactly 7 axioms: [propext,
 Classical.choice,
 MatsumotoPaper.A4_matsumoto_theorem_3,
 Quot.sound,
 LogdetLean.GramHafnian.UltimateHiding.DenseScore.A2Prime_complexSymmetricTakagiWeyl_symmetricIntegration,
 LogdetLean.GramHafnian.UltimateHiding.DenseScore.A3_edelmanSutton_proposition_1_2,
 LogdetLean.GramHafnian.UltimateHiding.DenseScore.FriedmanMelloA1.matrixLaw_external]
info: HidingVerification.lean:7:0: PASS UniformHiding.theorem3_2_route1_optimized: exactly 7 axioms: [propext,
 Classical.choice,
 MatsumotoPaper.A4_matsumoto_theorem_3,
 Quot.sound,
 LogdetLean.GramHafnian.UltimateHiding.DenseScore.A2Prime_complexSymmetricTakagiWeyl_symmetricIntegration,
 LogdetLean.GramHafnian.UltimateHiding.DenseScore.A3_edelmanSutton_proposition_1_2,
 LogdetLean.GramHafnian.UltimateHiding.DenseScore.FriedmanMelloA1.matrixLaw_external]
info: HidingVerification.lean:7:0: PASS ComplexGramHafnians.theorem2_1: exactly 3 axioms: [propext, Classical.choice, Quot.sound]
info: HidingVerification.lean:7:0: PASS ComplexGramHafnians.theorem2_3: exactly 3 axioms: [propext, Classical.choice, Quot.sound]
info: HidingVerification.lean:7:0: PASS UniformHiding.routeTwoConditional: exactly 3 axioms: [propext, Classical.choice, Quot.sound]
info: HidingVerification.lean:27:0: theorem UniformHiding.theorem2_1 : UniformHiding.Theorem21 :=
GBSHiding.normalizedHiding
info: HidingVerification.lean:28:0: theorem UniformHiding.theorem3_2_route1.{u_1} : ∀ {Ω : Type u_1} [inst : MeasurableSpace Ω]
  (μ : MeasureTheory.Measure Ω) [MeasureTheory.IsProbabilityMeasure μ] (amplitude : Ω → ℂ),
  Measurable amplitude →
    ∀ (deltaP : Ω → ℝ) (H : LogdetLean.GramHafnian.LocalAnticoncentration.UnitaryHaarProbabilityFamily) {r : ℝ},
      0 < r →
        ∀ {M n K : ℕ},
          1 ≤ n →
            4 * n ≤ K →
              K ≤ M →
                ∀ {rho tau : ℝ},
                  0 < rho →
                    0 ≤ tau →
                      MeasureTheory.Measure.map amplitude μ =
                          LogdetLean.GramHafnian.LocalAnticoncentration.scaledHaarGramHafnianLaw H M n K →
                        μ.real
                            (LogdetLean.GramHafnian.LocalAnticoncentration.relativeFailureEvent deltaP
                              (fun ω =>
                                LogdetLean.GramHafnian.LocalAnticoncentration.gbsProbabilityFromScaledAmplitude r M K n
                                  (amplitude ω))
                              rho) ≤
                          UniformHiding.routeOneBound μ deltaP r M K n rho tau :=
fun {Ω} [MeasurableSpace Ω] μ [MeasureTheory.IsProbabilityMeasure μ] amplitude hamplitude deltaP H {r} hr {M n K} hn hK
    hKM {rho tau} hrho htau hmarginal =>
  have hM := Decidable.byContradiction fun a => UniformHiding.theorem3_2_route1._proof_1_1 hn hK hKM a;
  have hp :=
    LogdetLean.GramHafnian.ThreePaper.RelativeAccuracy.gbsGaussianReferenceProbability_pos hr hM
      (have this := Decidable.byContradiction fun a => UniformHiding.theorem3_2_route1._proof_1_2 hn hK a;
      this)
      n;
  let eta := tau / LogdetLean.GramHafnian.LocalAnticoncentration.gbsGaussianReferenceProbability r M K n;
  have heta := div_nonneg htau (LT.lt.le hp);
  have hscale := div_mul_cancel₀ tau (LT.lt.ne' hp);
  have ht := div_nonneg heta (LT.lt.le hrho);
  have hhaar := UniformHiding.routeOneSmallBall H hn hK hKM 0 (√(eta / rho)) (Real.sqrt_nonneg (eta / rho));
  have hadd :=
    of_eq_true
      (Eq.trans
        (congrFun'
          (congrArg LE.le
            (congrArg μ.real
              (congrArg Set.ofPred (funext fun omega => congrFun' (congrArg LT.lt hscale) |deltaP omega|))))
          (μ.real {omega | tau < |deltaP omega|}))
        (UniformHiding.theorem3_2_route1._simp_1_3 (μ.real {omega | tau < |deltaP omega|})));
  have h :=
    LogdetLean.GramHafnian.LocalAnticoncentration.randomizedConversion_from_finiteHaarSmallDenominator μ amplitude
      hamplitude deltaP H hr hM K n heta hrho MeasureTheory.measureReal_nonneg hmarginal hadd
      (LE.le.trans
        (Eq.mp
          (congrArg
            (fun _a =>
              (LogdetLean.GramHafnian.LocalAnticoncentration.scaledHaarGramHafnianLaw H M n K).real
                  (LogdetLean.GramHafnian.LocalAnticoncentration.scaledAmplitudeSmallDenominatorSet r M K n
                    (eta / rho)) ≤
                min 1 (LogdetLean.GramHafnian.LocalAnticoncentration.paperBkn K n * _a + UniformHiding.deltaOne M n))
            (Real.sq_sqrt ht))
          (Eq.mp
            (congrArg
              (fun _a =>
                (LogdetLean.GramHafnian.LocalAnticoncentration.scaledHaarGramHafnianLaw H M n K).real _a ≤
                  min 1
                    (LogdetLean.GramHafnian.LocalAnticoncentration.paperBkn K n * √(eta / rho) ^ 2 +
                      UniformHiding.deltaOne M n))
              (Eq.symm
                (LogdetLean.GramHafnian.LocalAnticoncentration.scaledAmplitudeSmallDenominatorSet_eq_shiftedComplexDisk
                  hr hM K n ht)))
            hhaar))
        (min_le_right 1
          (LogdetLean.GramHafnian.LocalAnticoncentration.paperBkn K n * (eta / rho) + UniformHiding.deltaOne M n)));
  have hratio :=
    id
      (Eq.mpr
        (id
          (congrArg
            (fun _a =>
              _a = tau / (rho * LogdetLean.GramHafnian.LocalAnticoncentration.gbsGaussianReferenceProbability r M K n))
            (div_div tau (LogdetLean.GramHafnian.LocalAnticoncentration.gbsGaussianReferenceProbability r M K n) rho)))
        (Eq.mpr
          (id
            (congrArg
              (fun _a =>
                tau / _a =
                  tau / (rho * LogdetLean.GramHafnian.LocalAnticoncentration.gbsGaussianReferenceProbability r M K n))
              (mul_comm (LogdetLean.GramHafnian.LocalAnticoncentration.gbsGaussianReferenceProbability r M K n) rho)))
          (Eq.refl
            (tau / (rho * LogdetLean.GramHafnian.LocalAnticoncentration.gbsGaussianReferenceProbability r M K n)))));
  id
    (Eq.mp
      (congrArg
        (LE.le
          (μ.real
            (LogdetLean.GramHafnian.LocalAnticoncentration.relativeFailureEvent deltaP
              (fun omega =>
                LogdetLean.GramHafnian.LocalAnticoncentration.gbsProbabilityFromScaledAmplitude r M K n
                  (amplitude omega))
              rho)))
        (congrArg (min 1)
          (congrFun'
            (congrArg HAdd.hAdd
              (congrArg
                (HAdd.hAdd
                  (μ.real
                    (LogdetLean.GramHafnian.ThreePaper.FairAbsoluteThresholdComparison.absoluteAdditiveFailureEvent
                      deltaP tau)))
                (congrArg (HMul.hMul (LogdetLean.GramHafnian.LocalAnticoncentration.paperBkn K n)) hratio)))
            (UniformHiding.deltaOne M n))))
      h)
info: HidingVerification.lean:29:0: theorem UniformHiding.theorem3_2_route1_optimized.{u_1} : ∀ {Ω : Type u_1} [inst : MeasurableSpace Ω]
  (μ : MeasureTheory.Measure Ω) [MeasureTheory.IsProbabilityMeasure μ] (amplitude : Ω → ℂ),
  Measurable amplitude →
    ∀ (deltaP : Ω → ℝ) (H : LogdetLean.GramHafnian.LocalAnticoncentration.UnitaryHaarProbabilityFamily) {r : ℝ},
      0 < r →
        ∀ {M n K : ℕ},
          1 ≤ n →
            4 * n ≤ K →
              K ≤ M →
                ∀ {rho : ℝ},
                  0 < rho →
                    MeasureTheory.Measure.map amplitude μ =
                        LogdetLean.GramHafnian.LocalAnticoncentration.scaledHaarGramHafnianLaw H M n K →
                      μ.real
                          (LogdetLean.GramHafnian.LocalAnticoncentration.relativeFailureEvent deltaP
                            (fun ω =>
                              LogdetLean.GramHafnian.LocalAnticoncentration.gbsProbabilityFromScaledAmplitude r M K n
                                (amplitude ω))
                            rho) ≤
                        UniformHiding.optimizedRouteOneBound μ deltaP r M K n rho :=
fun {Ω} [MeasurableSpace Ω] μ [MeasureTheory.IsProbabilityMeasure μ] amplitude hamplitude deltaP H {r} hr {M n K} hn hK
    hKM {rho} hrho hmarginal =>
  let this := Nonempty.intro ⟨0, le_refl 0⟩;
  le_ciInf fun tau =>
    UniformHiding.theorem3_2_route1 μ amplitude hamplitude deltaP H hr hn hK hKM hrho tau.property hmarginal
info: HidingVerification.lean:30:0: @[reducible] def UniformHiding.routeTwoConditional.{u_1} : ∀ {Omega : Type u_1} [inst : MeasurableSpace Omega]
  (mu : MeasureTheory.Measure Omega) [MeasureTheory.IsProbabilityMeasure mu] (deltaP : Omega → ℝ)
  (amplitude : Omega → ℂ),
  Measurable amplitude →
    ∀ {H : LogdetLean.GramHafnian.LocalAnticoncentration.UnitaryHaarProbabilityFamily}
      {Cprime pRefOne pRefTwo tau rho additiveFailureAtTau : ℝ} {M n K : ℕ}
      {symmetricMatrixLaw : MeasureTheory.Measure (Matrix (Fin (2 * n)) (Fin (2 * n)) ℂ)},
      1 ≤ n →
        2 * n ≤ K →
          K ≤ M →
            0 < pRefOne →
              0 < pRefTwo →
                0 ≤ tau →
                  0 < rho →
                    pRefOne =
                        LogdetLean.GramHafnian.ThreePaper.TwoMethodComparison.gramToSymmetricVarianceRatio K n *
                          pRefTwo →
                      LogdetLean.GramHafnian.ThreePaper.RelativeAccuracy.ShouSymmetricMatrixComparisonAt H M (2 * n) K
                          symmetricMatrixLaw Cprime →
                        LogdetLean.GramHafnian.ThreePaper.RelativeAccuracy.IndependentSymmetricHafnianSmallBallAt n
                            symmetricMatrixLaw →
                          MeasureTheory.Measure.map amplitude mu =
                              LogdetLean.GramHafnian.ThreePaper.RelativeAccuracy.routeTwoHaarHafnianLaw H M n K →
                            mu.real
                                  (LogdetLean.GramHafnian.ThreePaper.FairAbsoluteThresholdComparison.absoluteAdditiveFailureEvent
                                    deltaP tau) ≤
                                additiveFailureAtTau →
                              mu.real
                                  (LogdetLean.GramHafnian.LocalAnticoncentration.relativeFailureEvent deltaP
                                    (fun omega =>
                                      LogdetLean.GramHafnian.ThreePaper.RelativeAccuracy.routeTwoPhysicalProbabilityFromNormalizedHafnian
                                        pRefTwo n (amplitude omega))
                                    rho) ≤
                                min 1
                                  (additiveFailureAtTau +
                                      LogdetLean.GramHafnian.LocalAnticoncentration.paperBn n *
                                          LogdetLean.GramHafnian.ThreePaper.TwoMethodComparison.gramToSymmetricVarianceRatio
                                            K n *
                                        LogdetLean.GramHafnian.ThreePaper.FairAbsoluteThresholdComparison.commonAbsoluteThresholdRatio
                                          tau rho pRefOne +
                                    Cprime * ↑(2 * n) / √↑K) :=
@LogdetLean.GramHafnian.ThreePaper.RelativeAccuracy.routeTwoFairRelativeFailure_of_shou
Build completed successfully (9585 jobs).
